"ENERGY STAR Unique ID","ENERGY STAR Partner","Brand Name","Model Name","Model Number","Additional Model Information","UPC","Product Type","Max Nameplate Output Current (A)","Input Voltage (V)","Maximum Output Power (kW)","Number of Outputs","Maximum Output Cord Length (ft.)","Output Cord Gauge (AWG)","Screen Area, if EVSE has high res display (in2)","Maximum (100%) Measured Luminance of the High Res Display (candelas per m2)","Automatic Brightness Control (ABC) Capable?","Connected Capable","DR Protocol","Connects Using","Protocols Used to Support Smart Charging","Network Security Standards","Is Broadband Internet Connection Needed for Demand Response?","Auxiliary Product Features","Product Features","Network Capability","Network Connection Types Available","No Vehicle Mode Input Power (watts)","No Vehicle Mode Total Allowance (watts)","No Vehicle Mode Power Factor","Partial On Mode Input Power (watts)","Partial On Mode Total Allowance (watts)","Partial On Mode Power Factor","Idle Mode Input Power (watts)","Idle Mode Total Allowance (watts)","Idle Mode Power Factor","Full Current Operation Mode Test: Total Loss (watts)","30 A Operation Mode Test: Total Loss (watts)","15 A Operation Mode Test: Total Loss (watts)","4 A Operation Mode Test: Total Loss (watts)","Dual Input Level 2: No Vehicle Mode Input Power (watts)","Dual Input No Vehicle Mode Total Allowance (watts)","Dual Input Level 2: No Vehicle Mode Power Factor","Dual Input Level 2: Partial On Mode Input Power (watts)","Dual Input Partial On Mode Total Allowance (watts)","Dual Input Level 2:  Partial On Mode Power Factor","Dual Input Level 2:  Idle Mode Input Power (watts)","Dual Input Idle Mode Total Allowance (watts)","Dual Input Level 2:  Idle Mode Power Factor","Dual Input Level 2: Full Current Operation Mode Test: Total Loss (watts)","Dual Input Level 2: 30 A Operation Mode Test: Total Loss (watts)","Dual Input Level 2: 15 A Operation Mode Test: Total Loss (watts)","Dual Input Level 2: 4 A Operation Mode Test: Total Loss (watts)","Date Available on Market","Date Certified","Markets","CB Model Identifier"
"3462869","14821530 CANADA INC. DBA FractalEV","FractalEV","FR-482C1DRNAJ","FR-482C1DRNAJ",,,"Level 2","48","240","11.52","1","25","9","7.93","470.5","No",,,,,,,"Radio Frequency Identification (RFID)",,"Yes","Wi-Fi or Gigabit Ethernet,Cellular","4.81","7.45","0.35","4.68","7.45","0.34","5.11","26.65","0.33","13.2","12.6","13","13.2",,,,,,,,,,,,,,"04/24/2024","04/24/2024","United States, Canada","ES_1150419_FR-482C1DRNAJ_03142024123110_4858362"
"3462870","14821530 CANADA INC. DBA FractalEV","FractalEV","FR-802C1DRNAJ","FR-802C1DRNAJ",,,"Level 2","80","240","19.2","1","25","6","7.93","473","No",,,,,,,"Radio Frequency Identification (RFID)",,"Yes","Wi-Fi or Gigabit Ethernet,Cellular","5.21","7.45","0.36","5.09","7.45","0.36","6.37","39.45","0.37","18.5","13.4","13.5","13.7",,,,,,,,,,,,,,"04/24/2024","04/24/2024","United States, Canada","ES_1150419_FR-802C1DRNAJ_04082024152233_429040"
"4512780","14821530 CANADA INC. DBA FractalEV","FractalEV","FR-482E1DRNAK","FR-482E1DRNAK",,,"Level 2","48","240","11.52","1","25","9","7.93","769","No",,,,,,,"High Resolution Display,PLC Board (ISO 15118),Radio Frequency Identification (RFID)",,"Yes","Wi-Fi or Gigabit Ethernet,Cellular","3.57","8.55","0.16","3.83","8.55","0.17","5.37","27.75","0.22","129","58","14","4",,,,,,,,,,,,,,"10/25/2025","10/25/2025","United States, Canada","ES_1150419_FR-482E1DRNAK_10242025133502_4060174"
"4512781","14821530 CANADA INC. DBA FractalEV","FractalEV","FR-802E1DRNAK","FR-802E1DRNAK",,,"Level 2","80","240","19.2","1","25","6","7.93","767","No",,,,,,,"High Resolution Display,PLC Board (ISO 15118),Radio Frequency Identification (RFID)",,"Yes","Wi-Fi or Gigabit Ethernet,Cellular","3.71","8.55","0.17","3.55","0.16","8.55","4.8","40.55","0.19","186","40","6","9",,,,,,,,,,,,,,"10/25/2025","10/25/2025","United States, Canada","ES_1150419_FR-802E1DRNAK_10242025140156_9689142"
"2381863","ABB E-mobility B.V.","ABB","Terra AC Wallbox Charging Station","Terra AC W7-P8-R-CD-0","Terra AC W7-P8-R-D-0, Terra AC W7-P8-R-C-0",,"Level 2","32","240","7.68","1","26","10",,,"No","No",,"Wi-Fi",,,"No",,,"Yes","Wi-Fi or Gigabit Ethernet,Cellular","3.2","3.6","0.37","3.3","3.6","0.38","3.4","16.4","0.37","79.34","72.19","36.15","15.09",,,,,,,,,,,,,,"07/06/2021","07/06/2021","United States, Canada","ES_1146276_Terra AC W7-P8-R-CD-0_07082021143203_1010101"
"2390583","ABB E-mobility B.V.","(ABB)","Terra AC W9-P8-R-*D-*","Terra AC W9-P8-R-*D-*","Terra AC W9-P8-R-*C-#; Terra AC W9-P8-R-*C-##; Terra AC W9-P8-R-*C-###; Terra AC W9-P8-R-*C-####; Terra AC W9-P8-R-*C-#####; Terra AC W9-P8-R-*C-######; Terra AC W9-P8-R-*C-#######; Terra AC W9-P8-R-*C-########; Terra AC W9-P8-R-*C-#########; Terra AC W9-P8-R-*C-##########; Terra AC W9-P8-R-*C-###########; Terra AC W9-P8-R-*C-############; Terra AC W9-P8-R-*D-**; Terra AC W9-P8-R-*D-***; Terra AC W9-P8-R-*D-****; Terra AC W9-P8-R-*D-*****; Terra AC W9-P8-R-*D-******; Terra AC W9-P8-R-*D-*******; Terra AC W9-P8-R-*D-********; Terra AC W9-P8-R-*D-*********; Terra AC W9-P8-R-*D-**********; Terra AC W9-P8-R-*D-***********; Terra AC W9-P8-R-*D-************",,"Level 2","40","240","9.6","1","26","8",,,"No",,,,,,,,,"Yes","Wi-Fi or Gigabit Ethernet,Cellular","2.76","3.6","0.15","2.92","3.6","0.17","9.85","19.6","0.34","67",,,,,,,,,,,,,,,,,"01/17/2022","01/17/2022","United States, Canada","ES_1146276_Terra AC W9-P8-R-D-0_01112022125317_2307245"
"2391533","ABB E-mobility B.V.","(ABB)","Terra AC W9-P8-RD-MCD-0","Terra AC W9-P8-RD-MCD-0",,,"Level 2","40","240","9.6","1","26","8","20.52",,"No",,,,,,,,,"Yes","Wi-Fi or Gigabit Ethernet,Cellular","5.54","5.9","0.26","5.58","5.9","0.26","12.64","21.9","0.38","70",,,,,,,,,,,,,,,,,"01/19/2022","01/19/2022","United States, Canada","ES_1146276_Terra AC W9-P8-RD-MCD-0_01112022134615_8618432"
"2391534","ABB E-mobility B.V.","(ABB)","Terra AC W19-P8-R-*D-*","Terra AC W19-P8-R-*D-*","Terra AC W19-P8-R-*C-#; Terra AC W19-P8-R-*C-##; Terra AC W19-P8-R-*C-###; Terra AC W19-P8-R-*C-####; Terra AC W19-P8-R-*C-#####; Terra AC W19-P8-R-*C-######; Terra AC W19-P8-R-*C-#######; Terra AC W19-P8-R-*C-########; Terra AC W19-P8-R-*C-#########; Terra AC W19-P8-R-*C-##########; Terra AC W19-P8-R-*C-###########; Terra AC W19-P8-R-*C-############; Terra AC W19-P8-R-*D-**; Terra AC W19-P8-R-*D-***; Terra AC W19-P8-R-*D-****; Terra AC W19-P8-R-*D-*****; Terra AC W19-P8-R-*D-******; Terra AC W19-P8-R-*D-*******; Terra AC W19-P8-R-*D-********; Terra AC W19-P8-R-*D-*********; Terra AC W19-P8-R-*D-**********; Terra AC W19-P8-R-*D-***********; Terra AC W19-P8-R-*D-************",,"Level 2","80","240","19.2","1","26","6",,,"No",,,,,,,,,"Yes","Wi-Fi or Gigabit Ethernet,Cellular","2.74","3.6","0.15","2.97","3.6","0.16","9.33","35.6","0.33","177",,,,,,,,,,,,,,,,,"01/19/2022","01/19/2022","United States, Canada","ES_1146276_Terra AC W19-P8-R-D-0_01112022135331_4330865"
"2391536","ABB E-mobility B.V.","(ABB)","Terra AC W19-P8-RD-MCD-0","Terra AC W19-P8-RD-MCD-0",,,"Level 2","80","240","19.2","1","26","6","20.52",,"No",,,,,,,,,"Yes","Wi-Fi or Gigabit Ethernet,Cellular","5.47","5.9","0.26","5.6","5.9","0.26","12.35","37.9","0.37","179",,,,,,,,,,,,,,,,,"01/19/2022","01/19/2022","United States, Canada","ES_1146276_Terra AC W19-P8-RD-MCD-0_01112022140110_3664361"
"2399140","ABB E-mobility B.V.","ABB","Terra AC W9-P8-RD-*CD-*","Terra AC W9-P8-RD-*CD-*","Terra AC W9-P8-RD-*CD-**; Terra AC W9-P8-RD-*CD-***; Terra AC W9-P8-RD-*CD-****; Terra AC W9-P8-RD-*CD-*****; Terra AC W9-P8-RD-*CD-******; Terra AC W9-P8-RD-*CD-*******; Terra AC W9-P8-RD-*CD-********; Terra AC W9-P8-RD-*CD-*********; Terra AC W9-P8-RD-*CD-**********; Terra AC W9-P8-RD-*CD-***********; Terra AC W9-P8-RD-*CD-************; Terra AC W9-P8-RD-*CD-#; Terra AC W9-P8-RD-*CD-##; Terra AC W9-P8-RD-*CD-###; Terra AC W9-P8-RD-*CD-####; Terra AC W9-P8-RD-*CD-#####; Terra AC W9-P8-RD-*CD-######; Terra AC W9-P8-RD-*CD-#######; Terra AC W9-P8-RD-*CD-########; Terra AC W9-P8-RD-*CD-#########; Terra AC W9-P8-RD-*CD-##########; Terra AC W9-P8-RD-*CD-###########; Terra AC W9-P8-RD-*CD-############",,"Level 2","40","240","9.6","1","26","8","20.52","273.4","No",,,,,,,"Radio Frequency Identification (RFID)",,"Yes","Wi-Fi or Gigabit Ethernet","5.65","8.73","0.23","5.78","8.73","0.26","12.77","24.73","0.39","75","52","25","12",,,,,,,,,,,,,,"07/15/2022","07/15/2022","United States, Canada","ES_1146276_Terra AC W9-P8-RD-MCD-0_07132022165040_7744867"
"2399141","ABB E-mobility B.V.","ABB","Terra AC W19-P8-RD-*CD-*","Terra AC W19-P8-RD-*CD-*","Terra AC W19-P8-RD-*CD-**; Terra AC W19-P8-RD-*CD-***; Terra AC W19-P8-RD-*CD-****; Terra AC W19-P8-RD-*CD-*****; Terra AC W19-P8-RD-*CD-******; Terra AC W19-P8-RD-*CD-*******; Terra AC W19-P8-RD-*CD-********; Terra AC W19-P8-RD-*CD-*********; Terra AC W19-P8-RD-*CD-**********; Terra AC W19-P8-RD-*CD-***********; Terra AC W19-P8-RD-*CD-************; Terra AC W19-P8-RD-*CD-#; Terra AC W19-P8-RD-*CD-##; Terra AC W19-P8-RD-*CD-###; Terra AC W19-P8-RD-*CD-####; Terra AC W19-P8-RD-*CD-#####; Terra AC W19-P8-RD-*CD-######; Terra AC W19-P8-RD-*CD-#######; Terra AC W19-P8-RD-*CD-########; Terra AC W19-P8-RD-*CD-#########; Terra AC W19-P8-RD-*CD-##########; Terra AC W19-P8-RD-*CD-###########; Terra AC W19-P8-RD-*CD-############",,"Level 2","80","240","19.2","1","26","6","20.52","273.4","No",,,,,,,"Radio Frequency Identification (RFID)",,"Yes","Wi-Fi or Gigabit Ethernet","5.65","8.73","0.23","5.78","8.73","0.26","12.77","40.73","0.39","207","49","12","13",,,,,,,,,,,,,,"07/18/2022","07/18/2022","United States, Canada","ES_1146276_Terra AC W19-P8-RD-MCD-0_07132022170408_3695184"
"4498537","Aclara Meters, LLC","Hubbell","EV2c","E11A30-0226","E11000-####,#### - Denotes four numbers (month and year); E11A20-####,#### - Denotes four numbers (month and year); E11A30-####,#### - Denotes four numbers (month and year); E21000-####,#### - Denotes four numbers (month and year); E21A20-####,#### - Denotes four numbers (month and year); E21A30-####,#### - Denotes four numbers (month and year); E31000-####,#### - Denotes four numbers (month and year); E31A20-####,#### - Denotes four numbers (month and year); E31A30-####,#### - Denotes four numbers (month and year)",,"Level 2","48","240","11.52","1","24","6",,,"No","Yes","Cellular pcba PN LNIC2B1B information available from manufacturer",,,,,,,"Yes","Cellular","2.1","6","0.32","2.14","6","0.33","2.15","25.2","0.34","130.99","54.1","14.1","3.19",,,,,,,,,,,,,,"09/10/2025","09/10/2025","United States, Canada","ES_1151459_E11A20-0125_091020251854270_2996486"
"3555274","ADC Solution USA, LLC (D.B.A) Horizon Brands","TYPES","AC533489","AC533489",,,"Level 2","40","240","9.6","1","24","9","2.75","261","No",,,,,,,"Radio Frequency Identification (RFID)",,"Yes","Wi-Fi or Gigabit Ethernet,Cellular","3.4","5.35","0.14","4.21","3.43","0.18","5.65","21.35","0.22","108","62","14","3",,,,,,,,,,,,,,"07/24/2024","07/24/2024","United States, Canada","ES_1139746_AC533489_07232024163708_8587610"
"2351104","AddÉnergie Technologies Inc.","FLO","FLO CoRe+","CoRe+","CoRe+ PS",,"Level 2","30","240","7.2","1","25","10",,,"No",,,,,,,,,"Yes","Other LAN (Local Area Network)","3.41","3.6","0.29","3.49","3.6","0.3","4.81","15.6","0.32","87.06","87.06","25.93","6.62",,,,,,,,,,,,,,"12/10/2019","12/10/2019","United States, Canada","ES_1143909_CoRe+_12102019174205_1010101"
"2740374","AddÉnergie Technologies Inc.","Addenergie Technologies Inc","CoRe+ Max","CoRe+ Max","CoRe+ XL",,"Level 2","80","240","19.2","1","24","18",,,"No",,,,,,,"Radio Frequency Identification (RFID)",,"Yes","Cellular","4.65","7.5","0.35","4.91","7.5","0.36","7.12","39.5","0.45","235.3","40.15","15.29","7.6",,,,,,,,,,,,,,"11/20/2023","11/20/2023","United States, Canada","ES_1143909_CoRe+ Max_111420232304609_5548176"
"2765433","AddÉnergie Technologies Inc.","Addenergie Technologies Inc","Core+V2PS","Core+V2PS","Core+V2",,"Level 2","32","240","7.68","1","24","18",,,"No",,,,,,,"Radio Frequency Identification (RFID),Revenue Grade Meter",,"Yes","Cellular","3.4","8.5","0.33","3.45","8.5","0.33","5.26","21.3","0.39","82.89","73.89","22.42","6.55",,,,,,,,,,,,,,"11/21/2023","11/21/2023","United States, Canada","ES_1143909_Core+V2PS_111520230026494_7856199"
"2839336","AddÉnergie Technologies Inc.","Addenergie Technologies Inc","SmartTWO generation 4","SmartTWO generation 4","S2-V4; S2-V4 20; S2-V4 21; S2-V4 22; S2-V4 23; S2-V4 24; S2-V4 25; S2-V4 26; S2-V4 27; S2-V4 28; S2-V4 29",,"Level 2","30","240","7.2","1","24","18",,,"No","No",,,,,,"Radio Frequency Identification (RFID),Revenue Grade Meter",,"Yes","Cellular","3.73","8.5","0.34","5.87","8.5","0.39","5.55","20.5","0.4","76.9",,"23","6.42",,,,,,,,,,,,,,"12/08/2023","12/08/2023","United States, Canada","ES_1143909_SmartTWO generation 4_112120231916466_8032597"
"3543898","AddÉnergie Technologies Inc.","FLO","FLO Home","HOX6F2A1A1","HOX3F0*#*#; HOX3F2*#*#; HOX3N0*#*#; HOX3N2*#*#; HOX6F0*#*#; HOX6N0*#*#; HOX6N2*#*#",,"Level 2","50","240","12","1","25","8",,,"No","No",,,,,,,,"Yes","Wi-Fi or Gigabit Ethernet","2.69","5","0.39","3.02","5","0.39","5.87","25","0.47","160.62","61.47","19.63","6.75",,,,,,,,,,,,,,"06/24/2024","06/24/2024","United States, Canada","ES_15296691_HOX6F2A1A1_061320242108966_8670159"
"3543899","AddÉnergie Technologies Inc.","FLO","FLO Home","HOX8F2A1A1","HOX8F0*#*#",,"Level 2","80","240","19.2","1","25","6",,,"No",,,,,,,,,"Yes","Wi-Fi or Gigabit Ethernet","3.28","5","0.4","3.51","5","0.41","6.71","37","0.48","217.96","34.78","13.52","6.97",,,,,,,,,,,,,,"06/24/2024","06/24/2024","United States, Canada","ES_1143909_HOX8F2A1A1_061320242300604_6352390"
"4005909","American Honda Motor Co., Inc.","HONDA","EMEVSE1","EMEVSE1","EMEVSE1 - C - CA; EMEVSE1 - C - US; EMEVSE1 - D - CA; EMEVSE1 - D - US",,"Level 2","48","240","11.52","1","25","6",,,"No","No",,,,,,,,"Yes","Wi-Fi or Gigabit Ethernet","2.81","3.6","0.37","2.94","3.6","0.37","5.03","22.8","0.45","136.72","56.29","18.07","5.93",,,,,,,,,,,,,,"03/27/2025","03/27/2025","United States, Canada","ES_1150583_EMEVSE1_032720251641845_4020130"
"2404175","American Powerpump","PowerPump","PowerPump","AC5500",,"632275105502","Level 2","40","240","9.6","1","23","8",,,"No",,"OpenADR","Wi-Fi","SAE J1772",,"No",,,"Yes","Wi-Fi or Gigabit Ethernet,Cellular","2.88","3.6","0.16","3","3.6","0.16","3.16","19.6","0.17","133.07","83.87","24.3","4.21",,,,,,,,,,,,,,"11/04/2022","11/04/2022","United States, Canada","ES_1147658_AC5500_110420221415_1010101"
"4587276","American Powerpump","PowerPump","AC5500-G80WBRF4GMP-CM","AC5500-G80WBRF4GMP-CM","AC5500-G40WBRF4GM-CM; AC5500-G40WBRF4GMP-CM; AC5500-G40WBRFM-CM; AC5500-G40WBRFMP-CM; AC5500-G48WBRF4GM-CM; AC5500-G48WBRF4GMP-CM; AC5500-G48WBRFM-CM; AC5500-G48WBRFMP-CM; AC5500-G80WBRF4GM-CM; AC5500-G80WBRFM-CM; AC5500-G80WBRFMP-CM",,"Level 2","80","240","19.2","1","17","3","7.94","28.32","No",,,,,,,"High Resolution Display,PLC Board (ISO 15118),Radio Frequency Identification (RFID),Revenue Grade Meter",,"Yes","Wi-Fi or Gigabit Ethernet,Cellular","5.35","9.32","0.16","5.39","9.32","0.16","9.7","41.32","0.25","213","36","18","13",,,,,,,,,,,,,,"04/20/2026","04/20/2026","United States, Canada","ES_1147658_AC5500-G80WBRF4GMP-CM_04202026095109_8628656"
"2406750","AMPURE","FoMoCo","LJ98-10C823-A followed by one character","LJ98-10C823-A followed by one character",,,"Level 2","48","240","11.52","1","20","6",,,"No","Yes","Open Charge Point Protocol (OCPP)","Wi-Fi","OCPP (v1.6) - Communication towards Backend via WiFi 
SAE J1772 – Communication towards Vehicle (via CP signal)","ISO 21434; 
Ford Security Specification (non-public), including:
  - Bluetooth Security Spec
  - Connected Wallbox Security Requirements
   - Embedded System Applications Specification
  - Operating System Requirements
  - Vehicle to Cloud Security Specification
[You can use this information for the report if required]
A threat analysis and risk assessment (TARA) according to ISO 21434 has been performed. After the risk treatment decision, measures have been assigned, following recommendations of BSI and/or NIST.
“BSI” = „Bundesamt für Sicherheit in der Informationstechnik“; German federal office for security in Information Technology","No",,"None","Yes","Wi-Fi or Gigabit Ethernet","3.2","3.6","0.37","3.36","3.6","0.37","4.09","22.8","0.41","0.48","2.56","3.5","3.71",,,,,,,,,,,,,,"01/12/2023","01/12/2023","United States, Canada","ES_1018435_LJ98-10C823-AC_01102023105312_4906732"
"2697693","AMPURE","Webasto Charging Systems Inc","CSG1SAE-032016","CSG1SAE-032016","CSG1SAE-032017",,"Level 2","32","240","7.68","0","20","10",,,"No","No",,,,,,,,"No","None","2.31","4","0.32","2.43","4","0.33","3.83","16.8","0.4","89.2","74.44","21.22","5.09",,,,,,,,,,,,,,"10/31/2023","10/31/2023","United States, Canada","ES_1018435_CSG1SAE-032016 _102420231735233_4741112"
"2927650","AMPURE","Webasto","TurboConnect","TurboConnect",,,"Level 2","48","240","11.52","1","20","6",,,"No","Yes","Open Charge Point Protocol (OCPP)","Wi-Fi","OCPP (v1.6) - Communication towards Backend via WiFi SAE J1772 – Communication towards Vehicle (via CP signal)","Webasto Security Specification (non-public), including: Connected Wallbox Security Requirements - Embedded System Applications Specification - Operating System Requirements - Vehicle to Cloud Security Specification[You can use this information for the report if required]A threat analysis and risk assessment (TARA) according to ISO 21434 has been performed. After the risk treatment decision, measures have been assigned,","No",,"None","Yes","Wi-Fi or Gigabit Ethernet","3.07","5","0.41","3.97","5","0.44","5.17","24.2","0.47","4.88","4.98","5.05","5.11",,,,,,,,,,,,,,"12/05/2023","12/05/2023","United States, Canada","ES_1018435_TurboConnect_12142023150612_5246240"
"3624237","ASJade Technology Inc.","ASJade Technology Inc","90JX1000-A1421","90JX1000-A1421","90JX1000-A1110,90JX1000-A1210; 90JX1000-A1111,90JX1000-A1111; 90JX1000-A1120,90JX1000-A1120; 90JX1000-A1121,90JX1000-A1121; 90JX1000-A1210,90JX1000-A1210; 90JX1000-A1211,90JX1000-A1211; 90JX1000-A1220,90JX1000-A1220; 90JX1000-A1221,90JX1000-A1221; 90JX1000-A1310,90JX1000-A1310; 90JX1000-A1311,90JX1000-A1311; 90JX1000-A1320,90JX1000-A1320; 90JX1000-A1321,90JX1000-A1321; 90JX1000-A1410,90JX1000-A1410; 90JX1000-A1411,90JX1000-A1411; 90JX1000-A1420,90JX1000-A1420; 90JX1000-A2110,90JX1000-A2110; 90JX1000-A2111,90JX1000-A2111; 90JX1000-A2120,90JX1000-A2120; 90JX1000-A2121,90JX1000-A2121; 90JX1000-A2210,90JX1000-A2210; 90JX1000-A2211,90JX1000-A2211; 90JX1000-A2220,90JX1000-A2220; 90JX1000-A2221,90JX1000-A2221; 90JX1000-A2310,90JX1000-A2310; 90JX1000-A2311,90JX1000-A2311; 90JX1000-A2320,90JX1000-A2320; 90JX1000-A2321,90JX1000-A2321; 90JX1000-A2410,90JX1000-A2410; 90JX1000-A2411,90JX1000-A2411; 90JX1000-A2420,90JX1000-A2420; 90JX1000-A2421,90JX1000-A2421; 90JX1000-A3110,90JX1000-A3110; 90JX1000-A3111,90JX1000-A3111; 90JX1000-A3120,90JX1000-A3120; 90JX1000-A3121,90JX1000-A3121; 90JX1000-A3210,90JX1000-A3210; 90JX1000-A3211,90JX1000-A3211; 90JX1000-A3220,90JX1000-A3220; 90JX1000-A3221,90JX1000-A3221; 90JX1000-A3310,90JX1000-A3310; 90JX1000-A3311,90JX1000-A3311; 90JX1000-A3320,90JX1000-A3320; 90JX1000-A3321,90JX1000-A3321; 90JX1000-A3410,90JX1000-A3410; 90JX1000-A3411,90JX1000-A3411; 90JX1000-A3420,90JX1000-A3420; 90JX1000-A3421,90JX1000-A3421",,"Level 2","80","240","19.2","1","25","6",,,"No",,,,,,,"Radio Frequency Identification (RFID)",",Wi-Fi / Ethernet","Yes","Wi-Fi or Gigabit Ethernet,Cellular","4.31","6.5","0.29","4.81","6.5","0.31","5.12","38.5","0.32","275.76","51.96","26.28","17.6",,,,,,,,,,,,,,"08/14/2024","08/14/2024","United States","ES_1151004_90JX1000-A1421_081420240124778_5664798"
"2393054","Atom Power Inc","PURPL","PURPL Advanced EV Charging","AP3P400-EVSE-3R (AEVBOX2-80-25)","AP3P400-EVSE-1, AEVPED1-80-18, AEVPED1-80-25, AEVPED2-80-18, AEVPED2-80-25, AEVPED1-48-18, AEVPED1-48-25, AEVPED2-48-18, AEVPED2-48-25, AEVBOX1-80-18, AEVBOX1-80-25, AEVBOX2-80-18, AEVBOX1-48-18, AEVBOX1-48-25, AEVBOX2-48-18, AEVBOX2-48-25","1000001","Level 2","80","240","19.2","2","25","8",,,"No",,,,"SAE J1772",,"No",,,"Yes","Wi-Fi or Gigabit Ethernet","1.59","3.1","0.17","1.66","3.1","0.18","1.71","35.1","0.1","444.24","76.27","25.22","10.07",,,,,,,,,,,,,,"02/16/2022","02/16/2022","United States","ES_1146249_780_02162022102530_1010101"
"2397552","Autel Digital Power Co., Ltd.","AUTEL","Maxi US AC W10-N14-H","Maxi US AC W10-N14-H","Maxi US AC W10-N6-H",,"Level 2","40","240","9.6","1","25","10",,,"No",,,,,,,"Radio Frequency Identification (RFID)",,"Yes","Wi-Fi or Gigabit Ethernet","3.33","6.5","0.45","3.41","6.5","0.45","3.56","22.5","0.45","127","64","25","11",,,,,,,,,,,,,,"06/17/2022","06/17/2022","United States, Canada","ES_1147564_Maxi US AC W10-N14-H_06132022141423_7556268"
"2397554","Autel Digital Power Co., Ltd.","AUTEL","Maxi US AC W12-H","Maxi US AC W12-H",,,"Level 2","50","240","12","1","25","9",,,"No",,,,,,,"Radio Frequency Identification (RFID)",,"Yes","Wi-Fi or Gigabit Ethernet","3.21","6.5","0.48","3.28","6.5","0.48","5.32","26.5","0.47","140","57","28","8",,,,,,,,,,,,,,"06/17/2022","06/17/2022","United States, Canada","ES_1147564_Maxi US AC W12-H_06152022094812_8440057"
"2399135","Autel Digital Power Co., Ltd.","AUTEL","Maxi US AC W12","Maxi US AC W12",,,"Level 2","50","240","12","1","25","8",,,"No",,,,,,,"Radio Frequency Identification (RFID)",,"Yes","Wi-Fi or Gigabit Ethernet","3.45","6.5","0.36","3.48","6.5","0.37","5.83","26.5","0.41","150","62","25","16",,,,,,,,,,,,,,"07/22/2022","07/22/2022","United States, Canada","ES_1147564_Maxi US AC W12_07192022131712_6649743"
"2399139","Autel Digital Power Co., Ltd.","AUTEL","Maxi US AC W12-L-4G","Maxi US AC W12-L-4G",,,"Level 2","50","240","12","1","25","8","10.98","25","No",,,,,,,"Radio Frequency Identification (RFID)",,"Yes","Wi-Fi or Gigabit Ethernet,Cellular","4.68","7.61","0.46","4.71","7.61","0.46","6.74","27.61","0.48","154","57","28","15",,,,,,,,,,,,,,"07/15/2022","07/15/2022","United States, Canada","ES_1147564_Maxi US AC W12-L_07142022111857_3078424"
"2404370","Autel Digital Power Co., Ltd.","AUTEL","Maxi US AC LW7-N14","Maxi US AC LW7-N14","Maxi US AC LW7-N6",,"Level 2","32","240","7.68","1","25","10",,,"No",,,,,,,,,"Yes","Wi-Fi or Gigabit Ethernet","3.49","3.6","0.35","3.53","3.6","0.35","5.63","16.4","0.41","84","80","40","10",,,,,,,,,,,,,,"11/11/2022","11/11/2022","United States, Canada","ES_1147564_Maxi US AC LW7-N14_11042022142527_3631250"
"2404371","Autel Digital Power Co., Ltd.","AUTEL","Maxi US AC LW12","Maxi US AC LW12",,,"Level 2","50","240","12","1","25","9",,,"No",,,,,,,"Radio Frequency Identification (RFID)",,"Yes","Wi-Fi or Gigabit Ethernet","3.5","6.5","0.36","3.56","6.5","0.36","5.77","26.5","0.42","168","65","28","18",,,,,,,,,,,,,,"11/11/2022","11/11/2022","United States, Canada","ES_1147564_Maxi US AC LW12_11042022141612_6869317"
"2406576","Autel Digital Power Co., Ltd.","AUTEL","Maxi UF38C001","Maxi UF38C001","Maxi UF38L001",,"Level 2","160","240","38.4","2","23","6","27.2","86","No",,,,,,,"PLC Board (ISO 15118),Radio Frequency Identification (RFID)",,"Yes","Wi-Fi or Gigabit Ethernet","4.03","9.37","0.29","4.17","9.37","0.3","12.13","73.37","0.46","291.33","58.83","29.33","20.83",,,,,,,,,,,,,,"01/06/2023","01/06/2023","United States, Canada","ES_1147564_Maxi UF38C001_01042023144239_6922113"
"2407079","Autel Digital Power Co., Ltd.","AUTEL","Maxi UF19C001","Maxi UF19C001","Maxi UF19L001",,"Level 2","80","240","19.2","1","25","6","27.2","86","No",,,,,,,"PLC Board (ISO 15118),Radio Frequency Identification (RFID)",,"Yes","Wi-Fi or Gigabit Ethernet","6.13","10.23","0.28","6.26","10.23","0.28","14.93","42.23","0.41","283","50","23","15",,,,,,,,,,,,,,"01/19/2023","01/19/2023","United States, Canada","ES_1147564_Maxi UF19C001_01132023095423_2906305"
"2500043","Autel Digital Power Co., Ltd.","AUTEL","Maxi UF19L101","Maxi UF19L101","Maxi UF19C101",,"Level 2","80","240","19.2","1","25","6","27.2","905","No",,,,,,,"High Resolution Display,PLC Board (ISO 15118),Credit Card Reader,Radio Frequency Identification (RFID)",,"Yes","Wi-Fi or Gigabit Ethernet","5.9","16.52","0.27","6.84","16.52","0.28","20.1","48.52","0.42","220","30","30","10",,,,,,,,,,,,,,"05/25/2023","05/25/2023","United States, Canada","ES_1147564_Maxi UF19L101_05242023092805_4881402"
"2500047","Autel Digital Power Co., Ltd.","AUTEL","Maxi UF38L101","Maxi UF38L101","Maxi UF38C101",,"Level 2","160","240","38.4","2","25","6","27.2","905","No",,,,,,,"High Resolution Display,PLC Board (ISO 15118),Credit Card Reader,Radio Frequency Identification (RFID)",,"Yes","Wi-Fi or Gigabit Ethernet","4.77","15.01","0.31","4.72","15.01","0.32","25.9","79.01","0.46","215","45","20","15",,,,,,,,,,,,,,"05/25/2023","05/25/2023","United States, Canada","ES_1147564_Maxi UF38L101_05242023094813_7607843"
"2668018","Autel Digital Power Co., Ltd.","AUTEL","Maxi US AC W10-N14-H","Maxi US AC W10-N14-H",,,"Level 2","40","240","9.6","1","25","10",,,"No",,,,,,,,,"Yes","Wi-Fi or Gigabit Ethernet,Cellular","4.57","6.5","0.45","4.74","6.5","0.45","6.63","22.5","0.45","112","71","24","8",,,,,,,,,,,,,,"09/19/2023","09/19/2023","United States, Canada","ES_1147564_Maxi US AC W10-N14-H_09102023225432_6254388"
"3530999","Autel Digital Power Co., Ltd.","AUTEL","Maxi US AC LW10-N14","Maxi US AC LW10-N14","Maxi US AC LW10-N6",,"Level 2","40","240","9.6","1","25","9",,,"No",,,,,,,,,"Yes","Wi-Fi or Gigabit Ethernet","4.98","6.5","0.76","5.06","6.5","0.76","6.86","22.5","0.84","114","68","22","8",,,,,,,,,,,,,,"05/22/2024","05/22/2024","United States, Canada","ES_1147564_Maxi US AC LW10-N14_05212024134511_1118432"
"3619605","Autel Digital Power Co., Ltd.","AUTEL","Maxi UW19L002","Maxi UW19L002","Maxi UW19C002; Maxi UW19M002; Maxi UW19N002",,"Level 2","80","240","19.2","1","25","6","21.6","957.7","Yes",,,,,,,"PLC Board (ISO 15118),Radio Frequency Identification (RFID)",,"Yes","Wi-Fi or Gigabit Ethernet","4.83","10.44","0.45","4.935","10.44","0.9","5.64","42.44","0.46","13.45","23.11","22.15","2.29",,,,,,,,,,,,,,"08/16/2024","08/16/2024","United States, Canada","ES_1147564_Maxi UW19L002, Maxi UW19C002_08132024150745_3556787"
"3619606","Autel Digital Power Co., Ltd.","AUTEL","Maxi UW19LJ02","Maxi UW19LJ02","Maxi UW19CJ02; Maxi UW19LB02; Maxi UW19MB02; Maxi UW19MJ02; Maxi UW19NJ02",,"Level 2","80","240","19.2","1","25","6",,,"No",,,,,,,"PLC Board (ISO 15118),Radio Frequency Identification (RFID)",,"Yes","Wi-Fi or Gigabit Ethernet","6.31","7.5","0.81","6.32","7.5","0.81","7.5","39.5","0.85","6.26","19.38","6.7","2.69",,,,,,,,,,,,,,"08/16/2024","08/16/2024","United States, Canada","ES_1147564_Maxi UW19LJ02,Maxi UW19CJ02,Maxi UW19LB02_08132024162255_9948083"
"4020892","Autel Digital Power Co., Ltd.","AUTEL","MaxiChager Single Charger","UW12-J0750CA0002",,,"Level 2","50","240","12","1","25","9","11.06","844.9","Yes",,,,,,,"High Resolution Display,PLC Board (ISO 15118),Radio Frequency Identification (RFID),Revenue Grade Meter",,"Yes","Wi-Fi or Gigabit Ethernet,Other LAN (Local Area Network),Cellular","3.49","9.98","0.175","3.515","9.98","0.33","4.91","29.98","0.23","20.24","21.53","21.37","22.12",,,,,,,,,,,,,,"05/08/2025","05/08/2025","United States, Canada","ES_1147564_UW12-J0750CA0002_05092025152741_80240498"
"4020893","Autel Digital Power Co., Ltd.","AUTEL","MaxiChager Single Charger","UW12-J0650CA0002",,,"Level 2","50","240","12","1","25","9","11.06","844.9","Yes",,,,,,,"High Resolution Display,PLC Board (ISO 15118),Radio Frequency Identification (RFID),Revenue Grade Meter",,"Yes","Wi-Fi or Gigabit Ethernet,Other LAN (Local Area Network),Cellular","3.49","9.98","0.175","3.515","9.98","0.33","4.91","29.98","0.23","20.24","21.53","21.37","22.12",,,,,,,,,,,,,,"05/08/2025","05/08/2025","United States, Canada","ES_1147564_UW12-J0650CA0002_05092025152741_80240498"
"4020894","Autel Digital Power Co., Ltd.","AUTEL","MaxiChager Single Charger","UW12-N0650CA0002",,,"Level 2","50","240","12","1","25","9","11.06","844.9","Yes",,,,,,,"High Resolution Display,PLC Board (ISO 15118),Radio Frequency Identification (RFID),Revenue Grade Meter",,"Yes","Wi-Fi or Gigabit Ethernet,Other LAN (Local Area Network),Cellular","3.49","9.98","0.175","3.515","9.98","0.33","4.91","29.98","0.23","20.24","21.53","21.37","22.12",,,,,,,,,,,,,,"05/08/2025","05/08/2025","United States, Canada","ES_1147564_UW12-N0650CA0002_05092025152741_80240498"
"4020895","Autel Digital Power Co., Ltd.","AUTEL","MaxiChager Single Charger","UW12-J0710CA0002",,,"Level 2","50","240","12","1","25","9",,,"No",,,,,,,"PLC Board (ISO 15118),Radio Frequency Identification (RFID),Revenue Grade Meter",,"Yes","Wi-Fi or Gigabit Ethernet,Other LAN (Local Area Network),Cellular","6.43","8.5","0.37","6.35","8.5","0.41","9.21","28.5","0.41","21.33","24.47","24.48","25.44",,,,,,,,,,,,,,"05/08/2025","05/08/2025","United States, Canada","ES_1147564_UW12-J0710CA0002_05092025152741_80240498"
"4020896","Autel Digital Power Co., Ltd.","AUTEL","MaxiChager Single Charger","UW12-J0610CA0002",,,"Level 2","50","240","12","1","25","9",,,"No",,,,,,,"PLC Board (ISO 15118),Radio Frequency Identification (RFID),Revenue Grade Meter",,"Yes","Wi-Fi or Gigabit Ethernet,Other LAN (Local Area Network),Cellular","6.43","8.5","0.37","6.35","8.5","0.41","9.21","28.5","0.41","21.33","24.47","24.48","25.44",,,,,,,,,,,,,,"05/08/2025","05/08/2025","United States, Canada","ES_1147564_UW12-J0610CA0002_05092025152741_80240498"
"4020897","Autel Digital Power Co., Ltd.","AUTEL","MaxiChager Single Charger","UW12-N0610CA0002",,,"Level 2","50","240","12","1","25","9",,,"No",,,,,,,"PLC Board (ISO 15118),Radio Frequency Identification (RFID),Revenue Grade Meter",,"Yes","Wi-Fi or Gigabit Ethernet,Other LAN (Local Area Network),Cellular","6.43","8.5","0.37","6.35","8.5","0.41","9.21","28.5","0.41","21.33","24.47","24.48","25.44",,,,,,,,,,,,,,"05/08/2025","05/08/2025","United States, Canada","ES_1147564_UW12-N0610CA0002_05092025152741_80240498"
"4020898","Autel Digital Power Co., Ltd.","AUTEL","MaxiChager Single Charger","UW12-J0700C0A002",,,"Level 2","50","240","12","1","25","9",,,"No",,,,,,,"PLC Board (ISO 15118),Radio Frequency Identification (RFID),Revenue Grade Meter",,"Yes","Wi-Fi or Gigabit Ethernet,Other LAN (Local Area Network)","6.56","8.5","0.37","6.45","8.5","0.39","9.4","28.5","0.45","22.34","23.17","20.26","27.46",,,,,,,,,,,,,,"05/08/2025","05/08/2025","United States, Canada","ES_1147564_UW12-J0700C0A002_05092025152741_80240498"
"4020899","Autel Digital Power Co., Ltd.","AUTEL","MaxiChager Single Charger","UW12-J0600C0A002",,,"Level 2","50","240","12","1","25","9",,,"No",,,,,,,"PLC Board (ISO 15118),Radio Frequency Identification (RFID),Revenue Grade Meter",,"Yes","Wi-Fi or Gigabit Ethernet,Other LAN (Local Area Network)","6.56","8.5","0.37","6.45","8.5","0.39","9.4","28.5","0.45","22.34","23.17","20.26","27.46",,,,,,,,,,,,,,"05/08/2025","05/08/2025","United States, Canada","ES_1147564_UW12-J0600C0A002_05092025152741_80240498"
"4020900","Autel Digital Power Co., Ltd.","AUTEL","MaxiChager Single Charger","UW12-N0600C0A002",,,"Level 2","50","240","12","1","25","9",,,"No",,,,,,,"PLC Board (ISO 15118),Radio Frequency Identification (RFID),Revenue Grade Meter",,"Yes","Wi-Fi or Gigabit Ethernet,Other LAN (Local Area Network)","6.56","8.5","0.37","6.45","8.5","0.39","9.4","28.5","0.45","22.34","23.17","20.26","27.46",,,,,,,,,,,,,,"05/08/2025","05/08/2025","United States, Canada","ES_1147564_UW12-N0600C0A002_05092025152741_80240498"
"4020901","Autel Digital Power Co., Ltd.","AUTEL","MaxiChager Single Charger","UW12-J0700C0B002",,,"Level 2","50","240","12","1","25","9",,,"No",,,,,,,"PLC Board (ISO 15118),Radio Frequency Identification (RFID),Revenue Grade Meter",,"Yes","Wi-Fi or Gigabit Ethernet,Other LAN (Local Area Network)","6.56","8.5","0.37","6.45","8.5","0.39","9.4","28.5","0.45","22.34","23.17","20.26","27.46",,,,,,,,,,,,,,"05/08/2025","05/08/2025","United States, Canada","ES_1147564_UW12-J0700C0B002_05092025152741_80240498"
"4020902","Autel Digital Power Co., Ltd.","AUTEL","MaxiChager Single Charger","UW12-J0600C0B002",,,"Level 2","50","240","12","1","25","9",,,"No",,,,,,,"PLC Board (ISO 15118),Radio Frequency Identification (RFID),Revenue Grade Meter",,"Yes","Wi-Fi or Gigabit Ethernet,Other LAN (Local Area Network)","6.56","8.5","0.37","6.45","8.5","0.39","9.4","28.5","0.45","22.34","23.17","20.26","27.46",,,,,,,,,,,,,,"05/08/2025","05/08/2025","United States, Canada","ES_1147564_UW12-J0600C0B002_05092025152741_80240498"
"4020903","Autel Digital Power Co., Ltd.","AUTEL","MaxiChager Single Charger","UW12-N0600C0B002",,,"Level 2","50","240","12","1","25","9",,,"No",,,,,,,"PLC Board (ISO 15118),Radio Frequency Identification (RFID),Revenue Grade Meter",,"Yes","Wi-Fi or Gigabit Ethernet,Other LAN (Local Area Network)","6.56","8.5","0.37","6.45","8.5","0.39","9.4","28.5","0.45","22.34","23.17","20.26","27.46",,,,,,,,,,,,,,"05/08/2025","05/08/2025","United States, Canada","ES_1147564_UW12-N0600C0B002_05092025152741_80240498"
"4514205","Autel Digital Power Co., Ltd.","AUTEL","MaxiChager Single Charger","UW12-N0750CA0002",,,"Level 2","50","240","12","1","25","9","11.06","844.9","Yes",,,,,,,"High Resolution Display,PLC Board (ISO 15118),Radio Frequency Identification (RFID),Revenue Grade Meter",,"Yes","Wi-Fi or Gigabit Ethernet,Other LAN (Local Area Network),Cellular","3.49","9.98","0.175","3.515","9.98","0.33","4.91","29.98","0.23","20.24","21.53","21.37","22.12",,,,,,,,,,,,,,"11/04/2025","11/04/2025","United States, Canada","ES_1147564_UW12-N0750CA0002_11052025120822_80267540"
"4514206","Autel Digital Power Co., Ltd.","AUTEL","MaxiChager Single Charger","UW12-N0710CA0002",,,"Level 2","50","240","12","1","25","9","11.06","844.9","Yes",,,,,,,"PLC Board (ISO 15118),Radio Frequency Identification (RFID),Revenue Grade Meter",,"Yes","Wi-Fi or Gigabit Ethernet,Other LAN (Local Area Network),Cellular","3.215","8.5","0.185","3.175","8.5","0.41","4.605","28.5","0.205","21.33","24.47","24.48","25.44",,,,,,,,,,,,,,"11/04/2025","11/04/2025","United States, Canada","ES_1147564_UW12-N0710CA0002_11052025120822_80267540"
"4514207","Autel Digital Power Co., Ltd.","AUTEL","MaxiChager Single Charger","UW12-J0710C0C002",,,"Level 2","50","240","12","1","25","9","11.06","844.9","Yes",,,,,,,"PLC Board (ISO 15118),Radio Frequency Identification (RFID),Revenue Grade Meter",,"Yes","Wi-Fi or Gigabit Ethernet,Other LAN (Local Area Network),Cellular","3.215","8.5","0.185","3.175","8.5","0.41","4.605","28.5","0.205","21.33","24.47","24.48","25.44",,,,,,,,,,,,,,"11/04/2025","11/04/2025","United States, Canada","ES_1147564_UW12-J0710C0C002_11052025120822_80267540"
"4514208","Autel Digital Power Co., Ltd.","AUTEL","MaxiChager Single Charger","UW12-N0710C0C002",,,"Level 2","50","240","12","1","25","9","11.06","844.9","Yes",,,,,,,"PLC Board (ISO 15118),Radio Frequency Identification (RFID),Revenue Grade Meter",,"Yes","Wi-Fi or Gigabit Ethernet,Other LAN (Local Area Network),Cellular","3.215","8.5","0.185","3.175","8.5","0.41","4.605","28.5","0.205","21.33","24.47","24.48","25.44",,,,,,,,,,,,,,"11/04/2025","11/04/2025","United States, Canada","ES_1147564_UW12-N0710C0C002_11052025120822_80267540"
"4514209","Autel Digital Power Co., Ltd.","AUTEL","MaxiChager Single Charger","UW12-N0700C0A002",,,"Level 2","50","240","12","1","25","9","11.06","844.9","Yes",,,,,,,"PLC Board (ISO 15118),Radio Frequency Identification (RFID),Revenue Grade Meter",,"Yes","Wi-Fi or Gigabit Ethernet,Other LAN (Local Area Network)","3.28","8.5","0.185","3.225","8.5","0.39","4.7","28.5","0.225","22.34","23.17","20.26","27.46",,,,,,,,,,,,,,"11/04/2025","11/04/2025","United States, Canada","ES_1147564_UW12-N0700C0A002_11052025120822_80267540"
"4514210","Autel Digital Power Co., Ltd.","AUTEL","MaxiChager Single Charger","UW12-N0700C0B002",,,"Level 2","50","240","12","1","25","9","11.06","844.9","Yes",,,,,,,"PLC Board (ISO 15118),Radio Frequency Identification (RFID),Revenue Grade Meter",,"Yes","Wi-Fi or Gigabit Ethernet,Other LAN (Local Area Network)","3.28","8.5","0.185","3.225","8.5","0.39","4.7","28.5","0.225","22.34","23.17","20.26","27.46",,,,,,,,,,,,,,"11/04/2025","11/04/2025","United States, Canada","ES_1147564_UW12-N0700C0B002_11052025120822_80267540"
"4514211","Autel Digital Power Co., Ltd.","AUTEL","MaxiChager Single Charger","UW12-N0751CA0002",,,"Level 2","50","240","12","1","25","9","11.06","640.1","Yes",,,,,,,"PLC Board (ISO 15118),Radio Frequency Identification (RFID),Revenue Grade Meter",,"Yes","Wi-Fi or Gigabit Ethernet,Other LAN (Local Area Network),Cellular","3.025","14.88","0.155","2.92","14.88","0.27","3.635","34.88","0.17","21.69","25.4","25.23","26.29",,,,,,,,,,,,,,"11/04/2025","11/04/2025","United States, Canada","ES_1147564_UW12-N0751CA0002_11052025120822_80267540"
"4514212","Autel Digital Power Co., Ltd.","AUTEL","MaxiChager Single Charger","UW12-J0651CA0002",,,"Level 2","50","240","12","1","25","9","11.06","640.1","Yes",,,,,,,"PLC Board (ISO 15118),Radio Frequency Identification (RFID),Revenue Grade Meter",,"Yes","Wi-Fi or Gigabit Ethernet,Other LAN (Local Area Network),Cellular","3.025","14.88","0.155","2.92","14.88","0.27","3.635","34.88","0.17","21.69","25.4","25.23","26.29",,,,,,,,,,,,,,"11/04/2025","11/04/2025","United States, Canada","ES_1147564_UW12-J0651CA0002_11052025120822_80267540"
"4514213","Autel Digital Power Co., Ltd.","AUTEL","MaxiChager Single Charger","UW12-J0751CA0002",,,"Level 2","50","240","12","1","25","9","11.06","640.1","Yes",,,,,,,"PLC Board (ISO 15118),Radio Frequency Identification (RFID),Revenue Grade Meter",,"Yes","Wi-Fi or Gigabit Ethernet,Other LAN (Local Area Network),Cellular","3.025","14.88","0.155","2.92","14.88","0.27","3.635","34.88","0.17","21.69","25.4","25.23","26.29",,,,,,,,,,,,,,"11/04/2025","11/04/2025","United States, Canada","ES_1147564_UW12-J0751CA0002_11052025120822_80267540"
"4514214","Autel Digital Power Co., Ltd.","AUTEL","MaxiChager Single Charger","UW12-N0651CA0002",,,"Level 2","50","240","12","1","25","9","11.06","640.1","Yes",,,,,,,"PLC Board (ISO 15118),Radio Frequency Identification (RFID),Revenue Grade Meter",,"Yes","Wi-Fi or Gigabit Ethernet,Other LAN (Local Area Network),Cellular","3.025","14.88","0.155","2.92","14.88","0.27","3.635","34.88","0.17","21.69","25.4","25.23","26.29",,,,,,,,,,,,,,"11/04/2025","11/04/2025","United States, Canada","ES_1147564_UW12-N0651CA0002_11052025120822_80267540"
"2323217","Blink Network LLC","Blink","Blink IQ 200 Smart","IQW2-80U-W1-N1-N-25","Retail Number: IQW2-80U-W1-N1-N-25",,"Level 2","80","240","19.2","1","24","6",,,"No",,,,,,,,,"Yes","Wi-Fi or Gigabit Ethernet,Other LAN (Local Area Network)","3.5","3.6","0.25","3.5","3.6","0.25","18.32","35.6","0.32","7.96","16.35","18.35","18.37",,,,,,,,,,,,,,"07/17/2018","07/17/2018","United States, Canada","ES_1141765_IQW2-80U-W1-N1-N-25_07172018170505_1010101"
"2323218","Blink Network LLC","Blink","Blink IQ 200 Advanced","IQW2-80U-M1-R2-N-25","Retail Number: IQW2-80U-M1-R2-N-25",,"Level 2","80","240","19.2","1","24","6","21.6","901","No",,,,,,,,,"Yes","Wi-Fi or Gigabit Ethernet,Other LAN (Local Area Network),Cellular","5.9","6.43","0.26","6","6.43","0.26","21.3","38.43","0.33","4.7","19.6","21.24","21.04",,,,,,,,,,,,,,"07/17/2018","07/17/2018","United States, Canada","ES_1141765_IQW2-80U-M1-R2-N-25_07172018170605_1010101"
"2391077","Blink Network LLC","Blink","Blink IQ 200 LTE","IQW2-80U-M2-R2-N-25","IQW2-80U-M2-R3-N-25, IQW2-80U-M3-R3-N-25",,"Level 2","80","240","19.2","1","25","6","21.6","958.5","No",,"OpenADR","Cellular","SAE J1772",,"No",,,"Yes","Cellular","6.35","7.53","0.25","6.48","7.53","0.25","15.64","39.53","0.3","312.7","59.63","25.83","15.49",,,,,,,,,,,,,,"01/14/2022","01/14/2022","United States, Canada","ES_1141765_IQW2-80U-M2-R2-N-25_01192022173033_1010101"
"2392637","Blink Network LLC","Blink","Level 2 AC EVSE BC3-32A-N","HQW1-32C-N1-N1-N-25",,"195893843428","Level 2","32","240","7.68","1","25","8",,,"No",,"OpenADR","Cellular",,,"No",,,"Yes","Cellular","1.61","2.6","0.16","1.91","2.6","0.17","3.83","15.4","0.23","75.91","64.48","20.28","4.83",,,,,,,,,,,,,,"01/31/2022","01/31/2022","United States, Canada","ES_1141765_HQW1-32C-N1-N1-N-25_01312022133030_1010101"
"2397473","Blink Network LLC","Blink","Blink HQ200","HQW2-50C-N1-N1-N-23",,"00195893718931","Level 2","50","240","12","1","23","6",,,"No",,,"Cellular",,,"No",,,"No","None","0.96","2.6","0.06","0.91","2.6","0.05","2.03","22.6","0.08","122.92","65.25","16.61","3.03",,,,,,,,,,,,,,"06/06/2022","06/06/2022","United States, Canada","ES_1141765_HQW2-50C-N1-N1-N-23_06142022170531_1010101"
"2397474","Blink Network LLC","Blink","Blink MQ200","MQW2-50C-M2-R1-N-23","Blink HQ200 Smart,MQW2-50C-M2-R2-N-23-D, HQW2-50C-W1-N1-N-23, HQW2-50C-W1-N2-N-23-D","00195893599424","Level 2","50","240","12","1","23","6",,,"No",,,,,,"No",,,"Yes","Wi-Fi or Gigabit Ethernet,Cellular","3.07","3.6","0.18","3.16","3.6","0.18","4.25","23.6","0.23","166.12","66.14","20.77","5.29",,,,,,,,,,,,,,"06/06/2022","06/06/2022","United States, Canada","ES_1141765_MQW2-50C-M2-R1-N-23_06142022174915_1010101"
"2687091","Blink Network LLC","Blink Network, LLC","Series 7","780",,,"Level 2","80","240","19.2","2","23","6",,,"No",,,,,,,,,"Yes","Wi-Fi or Gigabit Ethernet,Other LAN (Local Area Network),Cellular","4.07","9.5","0","5.05","9.5","0","9.36","44.5","0","48.38",,,,,,,,,,,,,,,,,"10/18/2023","10/18/2023","United States, Canada","ES_1141765_780_20239127141807_4316980"
"2732485","Blink Network LLC","Blink Network, LLC","Series 8","880",,,"Level 2","80","240","19.2","2","23","6",,,"No",,,,,,,,,"Yes","Wi-Fi or Gigabit Ethernet,Other LAN (Local Area Network),Cellular","6.75","13.5","0","7.75","13.5","0","9.01","44.5","0","74",,,,,,,,,,,,,,,,,"10/18/2023","10/18/2023","United States, Canada","ES_1141765_880_20239129081538_9597819"
"3624433","Blink Network LLC","Blink Network, LLC","Series 7","780 Single Port",,,"Level 2","80","240","19.2","1","23","6",,,"No",,,,,,,,,"Yes","Wi-Fi or Gigabit Ethernet,Other LAN (Local Area Network),Cellular","7.25","10.5","0.36","8.8","10.5","0.35","14.15","42.5","0.57","23.9",,,,,,,,,,,,,,,,,"08/28/2024","08/28/2024","United States, Canada","ES_1141765_780 Single Port_20247128145400_9179357"
"4008545","Blink Network LLC","Blink Network, LLC","Series 8","880 Single Port",,,"Level 2","80","240","19.2","1","23","6",,,"No",,,,,,,,,"Yes","Wi-Fi or Gigabit Ethernet,Other LAN (Local Area Network),Cellular","11.7","15.5","0.4","13.2","15.5","0.4","18.6","47.5","0.5","50.3",,,,,,,,,,,,,,,,,"03/24/2025","03/24/2025","United States, Canada","ES_1141765_880 Single Port_03242025192838_536326344"
"4499061","BMW of North America, LLC","BMW","61905B30091","61905B30091",,,"Level 2","64","240","15.36","1","25","6",,,"No",,,,,,,"Radio Frequency Identification (RFID)",,"Yes","Wi-Fi or Gigabit Ethernet,Other LAN (Local Area Network),Cellular","5.1","6.5","0.33","4.93","6.5","0.32","7.73","32.1","0.35","154.6","40.81","16.98","9.24",,,,,,,,,,,,,,"09/17/2025","09/17/2025","United States, Canada","ES_1152371_61905B30091_09112025093954_2754785"
"2357143","Broadband Telcom Power Inc. (BTCPower)","BTCPower","30 amp dual port L2 EVSE","EVP-2002-30-P-####","#### denotes end customer specific designators; EVP-2002-30-W-####,Wall mount; Listed model pedestal",,"Level 2","30","240","7.2","2","25","10","21.6","31.58","No",,,,,,,,,"Yes","Wi-Fi or Gigabit Ethernet","3.05","4.17","0.26","3.15","4.17","0.25","4.8","16.17","0.35","86.52","86.52","21.45","9.23",,,,,,,,,,,,,,"03/24/2020","03/24/2020","United States, Canada","ES_1143056_EVP-2002-30-P-####_03242020183005_1010101"
"2357144","Broadband Telcom Power Inc. (BTCPower)","BTCPower","40 amp dual port L2 EVSE","EVP-2002-40-P-####","#### denotes end customer specific designators; EVP-2002-40-W-####,Wall mount; Listed model pedestal",,"Level 2","40","240","9.6","2","25","6","21.6","31.34","No",,,,,,,,,"Yes","Wi-Fi or Gigabit Ethernet","3.15","4.17","0.27","3.25","4.17","0.27","10.2","20.17","0.47","111.96","59.28","22.93","20.23",,,,,,,,,,,,,,"03/24/2020","03/24/2020","United States, Canada","ES_1143056_EVP-2002-40-P-####_03242020184205_1010101"
"2357145","Broadband Telcom Power Inc. (BTCPower)","BTCPower","70 amp single port L2 EVSE","EVP-2001-70-P-####","#### denotes end customer specific designators; EVP-2001-70-W-####,Wall mount; Listed model pedestal",,"Level 2","70","240","16.8","2","25","6","21.6","31.36","No",,,,,,,,,"Yes","Wi-Fi or Gigabit Ethernet","4.8","5.73","0.25","4.8","5.73","0.26","17.9","33.73","0.49","205.03","75.76","26.36","18.74",,,,,,,,,,,,,,"03/24/2020","03/24/2020","United States, Canada","ES_1143056_EVP-2001-70-P-####_03242020184605_1010101"
"2357146","Broadband Telcom Power Inc. (BTCPower)","BTCPower","30 amp single port L2 EVSE","EVP-2001-30-P-####","#### denotes end customer specific designators; EVP-2001-30-W-####,Wall mount; Listed model pedestal",,"Level 2","30","240","7.2","1","25","10","21.6","31.02","No",,,,,,,,,"Yes","Wi-Fi or Gigabit Ethernet","4.6","5.73","0.24","4.7","5.73","0.24","7.8","17.73","0.35","93.85","93.85","30.22","9.27",,,,,,,,,,,,,,"03/24/2020","03/24/2020","United States, Canada","ES_1143056_EVP-2001-30-P-####_03242020185205_1010101"
"2357147","Broadband Telcom Power Inc. (BTCPower)","BTCPower","30 amp single port L2 EVSE","EVP-2001-40-P-####","#### denotes end customer specific designators; EVP-2001-40-W-####,Wall mount; Listed model pedestal",,"Level 2","40","240","9.6","1","25","6","21.6","31.11","No",,,,,,,,,"Yes","Wi-Fi or Gigabit Ethernet","4.7","5.73","0.24","4.8","5.73","0.25","17.9","21.73","0.49","79.98","66.13","36.52","18.86",,,,,,,,,,,,,,"03/24/2020","03/24/2020","United States, Canada","ES_1143056_EVP-2001-40-P-####_03242020185505_1010101"
"2386209","Broadband Telcom Power Inc. (BTCPower)","BTCPower","Level 2 Commercial EVSE","EVP-2002-30-P-0002","EVP-2002-30-W-0002",,"Level 2","30","240","7.2","2","25","10","21.6","480.5","No",,,"Cellular","SAE J1772",,"No",,,"Yes","Cellular","3.5","4.86","0.3","3.61","4.86","0.31","6","16.86","0.35","88.36","88.36","30.2","10.23",,,,,,,,,,,,,,"10/18/2021","10/18/2021","United States","ES_1143056_EVP-2002-30-P-0002_10202021103203_1010101"
"2386210","Broadband Telcom Power Inc. (BTCPower)","BTCPower","ELECTRIC","EVP-2001-30-P-0002","EVP-2001-30-W-0002",,"Level 2","30","240","7.2","1","25","10","21.6","480.5","No",,,"Cellular","SAE J1772",,"No",,,"Yes","Cellular","5.73","7.12","0.29","6.09","7.12","0.3","10.81","18.85","0.36","91.43","91.43","31.39","12.3",,,,,,,,,,,,,,"10/18/2021","10/18/2021","United States","ES_1143056_EVP-2001-30-P-0002_10202021110803_1010101"
"3550141","Broadband Telcom Power Inc. (BTCPower)","BTCPower","L2 EVSE","EVP-200#-##-*","# = 1 or 2 ## = 32, 48, 80 * = W or P",,"Level 2","80","280","22.4","2","22","6","21.6","481.2","No","No",,,,,,"High Resolution Display,PLC Board (ISO 15118),Credit Card Reader,Radio Frequency Identification (RFID),Revenue Grade Meter",,"Yes","Wi-Fi or Gigabit Ethernet","6","15.26","0.36","6.47","15.26","0.37","12.96","47.26","0.43","340.17","67.22","29.3","11.85",,,,,,,,,,,,,,"06/26/2024","06/26/2024","United States","ES_1143056_EVP-200#-##-*_06262024095410_1010101"
"2507939","Chargenetic. INC","Topcharge","TPC-H01R-32A","TPC-H01R-32A","TPC-C01R-32A; TPC-C01R-40A; TPC-C01R-48A; TPC-C01RPro-32A; TPC-C01RPro-40A; TPC-C01RPro-48A; TPC-H01R-40A; TPC-H01R-48A; TPC-H01RPro-32A; TPC-H01RPro-40A; TPC-H01RPro-48A",,"Level 2","48","240","11.52","1","18","8",,,"No",,,,,,,,,"Yes","Wi-Fi or Gigabit Ethernet","3.56","3.6","0.07","3.5","3.6","0.76","13.65","22.8","0.38","157.7","24.2","20.1","4",,,,,,,,,,,,,,"02/22/2023","02/22/2023","United States, Canada","ES_1149159_TPC-H01R-32A_05122023111018_2811548"
"2409602","ChargePoint, Inc.","ChargePoint","CP6000 with Dual Port","CP6000","CP6021B-50A-L5.5-****, CP6023B-50A-L5.5-****, CP6021B-80A-L5.5-****, CP6023B-80A-L5.5-****,CP6021B-50A-L7-****, CP6023B-50A-L7–****, CP6021B-80A-L7-****, CP6023B-80A-L7-****,Where **** represents customer codes, may be followed by DAI, MER, DMS, SDGE",,"Level 2","80","240","19.2","2","18","2x9","30.53","3,271","No","No",,,"SAE J1772",,"No",,,"Yes","Cellular","5.93","7.08","0.41","6.08","7.08","0.31","8.13","39.08","0.44","-304.4","-52.25","-11.91","9.16",,,,,,,,,,,,,,"03/01/2023","03/01/2023","United States, Canada","ES_1132586_CP6000_03012023142505_1010101"
"2473927","ChargePoint, Inc.","ChargePoint","CPF50","CPF50","CPF50,CPF50,""CPF50-L18-GW, CPF50-L18-PEDMNT-GW, CPF50-L18-PEDMNT-Dual-GW, CPF50-L18-PEDMNT-CMK6-GW, CPF50-L18-PEDMNT-CMK6-Dual-GW, CPF50-L18-WALLMNT-CMK6-GW, CPF50-L23-GW, CPF50-L23-PEDMNT-GW, CPF50-L23-PEDMNT-Dual-GW, CPF50-L23-PEDMNT-CMK8-GW""",,"Level 2","50","240","12","1","18","9",,,"No","No",,,,,,,,"Yes","Cellular","4.6","4.6","0.35","3.96","4.6","0.35","4.01","24.6","0.37","-170.7","-53.3","-8.52","5.13",,,,,,,,,,,,,,"05/08/2023","05/08/2023","United States, Canada","ES_1132586_CPF50_05112023094723_1010101"
"2667900","ChargePoint, Inc.","ChargePoint","CP6000 with Dual Port","CP6000","CP6000 with Dual Port,CP6021B-50A-L5.5-**** CP6023B-50A-L5.5-**** CP6021B-80A-L5.5-**** CP6023B-80A-L5.5-**** CP6021B-50A-L7-**** CP6023B-50A-L7–**** CP6021B-80A-L7-**** CP6023B-80A-L7-****,Where **** represents customer codes, may be followed by DAI, MER, DMS, SDGE",,"Level 2","80","240","19.2","2","18","9","30.53","1,118","Yes",,,,,,,"High Resolution Display,PLC Board (ISO 15118),Radio Frequency Identification (RFID),Revenue Grade Meter,Speaker",,"Yes","Cellular","9.53","12.66","0.245","9.72","12.66","0.655","10.045","44.66","0.45","460.925","97.68","34.245","16.71",,,,,,,,,,,,,,"09/06/2023","09/06/2023","United States, Canada","ES_1132586_CP600_09142023113845_1010101"
"2680975","ChargePoint, Inc.","ChargePoint","CP6000 (ChargePoint-CP6000 Single Port)","CP6000 CP6011B-50A-L5.5 CP6013B-50A-L5.5 CP6011B-50A-L5.5-CHIP CP6013B-50A-L5.5-CHIP CP6011B-50A-L7 CP6013B-50A-L7 CP6011B-80A-L5.5 CP6013B-80A-L5.5 CP6011B-80A-L5.5-CHIP CP6013B-80A-L5.5-CHIP CP6011B-80A-L7","CP6000,CP6011B-80A-L5.5 CP6013B-80A-L5.5 CP6011B-80A-L5.5-CHIP CP6013B-80A-L5.5-CHIP CP6011B-80A-L7 CP6013B-80A-L7 CP6011B-50A-L5.5 CP6011X-80A-L7 CP6013X-80A-L7L7""",,"Level 2","80","240","19.2","1","18","2","30.53","1,118","Yes",,,,,,,"High Resolution Display,PLC Board (ISO 15118),Radio Frequency Identification (RFID),Revenue Grade Meter,Speaker",,"Yes","Cellular","14.565","20.82","0.365","14.91","20.82","0.53","19.845","52.82","0.445","455.6","89.52","51.895","21.34",,,,,,,,,,,,,,"09/29/2023","09/29/2023","United States, Canada","ES_1132586_CP6000_10102023184922_1010101"
"2683979","ChargePoint, Inc.","ChargePoint","CPH50","""CPH50 CPH50-L18 CPF50-L23 CPF50-L18-PEDMNT-Dual CPF50-L18-CMK6-PEDMNT-Dual CPF50-L18-PEDMNT CPF50-L18-PEDMNT-CMK6 CPF50-L18-WALLMNT-CMK6 CPF50-L23-PEDMNT CPF50-L23-PEDMNT-CMK6 CPF50-L23-PEDMNT-Dual CPF50-L23-WALLMNT-CMK6","CPH50,CPH50-HARDWIRE-L23-K CPH50-NEMA650-L23-K CPH50-NEMA1450-L23-K CPH50-HARDWIRE-L23 CPH50-NEMA14-50-L23 CPH50-NEMA6-50-L23",,"Level 2","50","240","12","1","18","9",,,"No",,,,,,,"None",,"Yes","Wi-Fi or Gigabit Ethernet","2.93","5","0.3","3.01","5","0.3","6.67","25","0.53","185.53","63.42","20.82","5.46",,,,,,,,,,,,,,"10/04/2023","10/04/2023","United States, Canada","ES_1132586_CPH50_10102023184959_1010101"
"2732558","ChargePoint, Inc.","ChargePoint","CP6000","CP6000, CP6021B-50A-L5.5, CP6023B-50A-L5.5, CP6021B-80A-L5.5, CP6023B-80A-L5.5, CP6021B-50A-L7, CP6023B-50A-L7, CP6021B-80A-L7, CP6023B-80A-L7, CP6013B-50A-L5.5, CP6011B-80A-L5.5, CP6013B-80A-L5.5, CP6011B-50A-L7, CP6013B-50A-L7, CP6011B-80A-L7,","CP6000,CP6013B-80A-L7, CP6020B-HD-GW-LTE-DUAL-CHIP, CP6010B-HD-GW-LTE-DUAL-CHIP, CP6621B-80A-L5.5, CP6611B-80A-L5.5, CP6621B-50A-L5.5, CP6611B-50A-L5.5, CP6623B-80A-L5.5, CP6613B-80A-L5.5, CP6623B-50A-L5.5, CP6613B-50A-L5.5, CP6621B-80A-L7,,CP6611B-80A-L7, CP6621B-50A-L7, CP6611B-50A-L7, CP6011B-50A-L5.5, CP6011B-80A-L5.5-CHIP, CP6011B-80A-L7-CHIP, CP6013B-80A-L5.5-CHIP, CP6013B-80A-L7-CHIP, CP6021B-80A-L5.5-CHIP, CP6021B-80A-L7-CHIP,,CP6023B-80A-L5.5-CHIP, CP6023B-80A-L7-CHIP, CP6613B-50A-L7, CP6613B-80A-L7, CP6623B-50A-L7, CP6623B-80A-L7",,"Level 2","80","240","19.2","2","18","2","30.53","1,118","Yes",,,,,,,"Camera/ Occupancy Sensing,High Resolution Display,PLC Board (ISO 15118),Credit Card Reader,Radio Frequency Identification (RFID),Revenue Grade Meter,Speaker",,"Yes","Cellular","10.5","19.16","0.455","10.655","19.16","0.7","9.61","51.16","0.45","424.645","72.8","31.35","17.22",,,,,,,,,,,,,,"06/20/2025","06/20/2025","United States, Canada","ES_1132586_CP6000 CP6023B-50A-L5.5_1107202318.2233_1010101"
"3462996","ChargePoint, Inc.","ChargePoint","CT4000","CT4000","Electrical Vehicle Supply Equipment,CT4021,CT4011,CPC5-CT4021,CPC5-CT4023 CT4020,CT4020-GW1,CT4020-HD,CT4020-HD-F,CT4020-HD-GW,CT4020-HD-GW-LTE,CT4020-HD2-GW-LTE,CT4020-HD-GW-LTE-LEV,CT4020-HD2-GW1-LTE-MV CT4021,CT4021-GW1,CT4021-HD,CT4021-HD-F,CT4021-HD-GW,CT4021-HD-GW-LTE,,CT4025-HD2-GW1-LTE-MV CT4027,CT4027-GW1,CT4027-HD,",,"Level 2","30","280","8.4","2","18","6","31.75","987.2","Yes",,,,,,,"High Resolution Display,Credit Card Reader,Radio Frequency Identification (RFID),Revenue Grade Meter,Speaker",,"Yes","Cellular","3.715","15.66","0.36","3.405","15.66","0.505","3.965","27.66","0.345","117.84","117.84","36.195","19.795",,,,,,,,,,,,,,"04/29/2024","04/29/2024","United States, Canada","ES_1132586_CT4000_04292024102710_1010101"
"3417852","Chargetronix","CHARGETRONIX","CTX-C48-240-1","CTX-C48-240-1","CTX-C32-240-1.; CTX-C40-240-1",,"Level 2","48","240","11.52","1","25","8","7.93",,"No",,,,,,,,,"Yes","Wi-Fi or Gigabit Ethernet,Other LAN (Local Area Network),Cellular","4.34","4.41","0.31","4.17","4.41","0.3","6.28","23.61","0.28","9.9","8","5.2","4.8",,,,,,,,,,,,,,"05/19/2023","05/19/2023","United States, Canada","ES_1150332_CTX-C48-240-1_03072024104121_7304956"
"3798642","Chargetronix","CHARGETROINX","EV Charger","CTX-C40-240-2","CTX-C40-240-2",,"Level 2","40","240","9.6","2","25","9","8.14","826.47","No","Yes","Open Charge Point Protocol (OCPP)","Wi-Fi","SAE J1772","NIST Cybersecurity Framework",,"High Resolution Display,PLC Board (ISO 15118),Radio Frequency Identification (RFID),Revenue Grade Meter","None","Yes","Wi-Fi or Gigabit Ethernet,Other LAN (Local Area Network),Cellular","5.56","8.55","0.28","5.64","8.55","0.28","5.94","24.55","0.29","14","12","16","13.5",,,,,,,,,,,,,,"11/11/2024","11/11/2024","United States, Canada","ES_1150332_CTX-C40-240-2_11132024102144_2437945"
"3798643","Chargetronix","CHARGETRONIX","EV Charger","CTX-C80-240-1","CTX-C80-240-1",,"Level 2","80","240","19.2","1","25","6","8.14","829.18","No","Yes","Open Charge Point Protocol (OCPP)","Wi-Fi","SAE J1772","NIST Cybersecurity Framework","Yes","High Resolution Display,PLC Board (ISO 15118),Radio Frequency Identification (RFID),Revenue Grade Meter","None","Yes","Cellular,Other LAN (Local Area Network),Wi-Fi or Gigabit Ethernet","9.31","9.6","0.24","9.52","9.6","0.25","9.26","41.6","0.24","44","20","22","13",,,,,,,,,,,,,,"11/11/2024","11/11/2024","United States, Canada","ES_1150332_CTX-C80-240-1_11132024102554_4208738"
"3798645","Chargetronix","CHARGETRONIX","EV Charger","CTX-C80-240-2","CTX-C80-240-2",,"Level 2","80","240","19.2","2","25","6","8.14","812.79","No","Yes","Open Charge Point Protocol (OCPP)","Wi-Fi","SAE J1772","NIST Cybersecurity Framework","Yes","High Resolution Display,PLC Board (ISO 15118),Radio Frequency Identification (RFID),Revenue Grade Meter","None","Yes","Cellular,Other LAN (Local Area Network),Wi-Fi or Gigabit Ethernet","3.62","8.55","0.21","3.48","8.55","0.2","4.04","24.55","0.05","52.5","15.5","16","11.5",,,,,,,,,,,,,,"11/11/2024","11/11/2024","United States, Canada","ES_1150332_CTX-C80-240-2_11132024102804_1475027"
"2631815","Chargie, Inc.","Chargie","CH-L-48-PRAC-1-18","CH-L-48-PRAC-1-18","CH-L-48-BPRA-1-18-32; CH-L-48-BPRAC-1-18-32; CH-L-48-PRA-1-18; CH-L-48-PRA-1-18-32; CH-L-48-PRA-1-25; CH-L-48-PRA-1-25-32; CH-L-48-PRAC-1-18-32; CH-L-48-PRAC-1-25; CH-L-48-PRAC-1-25-32",,"Level 2","48","240","11.52","1","24","10",,,"No","No",,,,,,"PLC Board (ISO 15118),Radio Frequency Identification (RFID)",,"Yes","Wi-Fi or Gigabit Ethernet","6.61","7.5","0.32","6.67","7.5","0.32","7.99","26.7","0.36","145.85","68.35","33.71","23.16",,,,,,,,,,,,,,"08/27/2024","08/27/2024","United States","ES_1149324_CH-L-48-PRAC-1-18_071920232305419_4902605"
"2732589","Chargie, Inc.","Chargie","CH-L-48-PRACT-1-25","CH-L-48-PRACT-1-25","CH-L-48-BPRACT-1-18-32; CH-L-48-PRACT-1-18; CH-L-48-PRACT-1-18-32; CH-L-48-PRACT-1-25-32; CH-L-48-PRAT-1-18; CH-L-48-PRAT-1-18-32; CH-L-48-PRAT-1-25; CH-L-48-PRAT-1-25-32",,"Level 2","48","240","11.52","1","25","16",,,"No","No",,,,,,"PLC Board (ISO 15118),Credit Card Reader",,"Yes","Wi-Fi or Gigabit Ethernet","6.85","11","0.34","8.19","11","0.37","13.33","30.2","0.48","122.97","61.37","24.09","13.76",,,,,,,,,,,,,,"08/27/2024","08/27/2024","United States","ES_1149324_CH-L-48-PRACT-1-25_102420232020911_1404714"
"4611134","Chengdu Khons Technology Co., Ltd.","KHONS","KHONS-WB-UL-32-1","KHONS-WB-UL-32-1","KHONS-WB-UL-32-1-WP; KHONS-WB-UL-40-1; KHONS-WB-UL-40-1-WP; KHONS-WB-UL-48-1; KHONS-WB-UL-48-N; KHONS-WB-UL-48-N2",,"Level 2","48","240","11.52","1","25","9","7.93","120","No",,,,,,,"High Resolution Display,Radio Frequency Identification (RFID)",,"Yes","Cellular,Wi-Fi or Gigabit Ethernet","3.62","7.35","0.35","3.65","7.35","0.35","6.18","26.55","0.39","122.22","51.05","17.96","12.3",,,,,,,,,,,,,,"05/08/2026","05/08/2026","United States, Canada","ES_1152453_KHONS-WB-UL-32-1_03092026114842_2263604"
"3478050","Control Module, Inc.","Control Module Inc.","3704-2000-W-20-93-41-51","3704-2000-W-20-93-41-51","370#-#000-W-##-##-##-##; 3722-00#-##-##-##-##",,"Level 2","40","240","9.6","1","25","10",,,"No","No",,,,,"No","Credit Card Reader,Radio Frequency Identification (RFID)",,"Yes","Wi-Fi or Gigabit Ethernet,Cellular","5.79","12.5","0.31","5.98","12.5","0.32","6.75","28.5","0.34","166.57","93.96","29.86","1.47",,,,,,,,,,,,,,"05/07/2024","05/07/2024","United States, Canada","ES_1142379_3704-2000-W-20-93-41-51_05142024165301_5776788"
"4471360","CyberSwitchingPatents LLC dba CYBER SWITCHING","CYBER SWITCHING","CSE4/4G","CSE4/4G",,,"Level 2","80","240","19.2","1","25","6","8.54","120","No",,,,,,,"High Resolution Display,Radio Frequency Identification (RFID)",,"Yes","Wi-Fi or Gigabit Ethernet,Cellular","6.12","7.41","0.38","6.1","7.41","0.38","10.31","39.41","0.41","338.44","61.5","22.93","11.24",,,,,,,,,,,,,,"01/14/2025","01/14/2025","United States, Canada","ES_1148511_CSE4 followed by /_06272025151540_1784936"
"4511251","CyberSwitchingPatents LLC dba CYBER SWITCHING","CYBER SWITCHING","CSE1-4G-BL","CSE1-4G-BL",,,"Level 2","48","240","11.52","1","25","8",,,"No",,,,,,,"Radio Frequency Identification (RFID)",,"Yes","Wi-Fi or Gigabit Ethernet,Cellular","4.79","6.5","0.06","5.15","6.5","0.06","8.72","25.7","0.07","110","32","1","8",,,,,,,,,,,,,,"10/14/2025","10/14/2025","United States, Canada","ES_1148511_CSE1-4G-BL_10112025162406_8071253"
"3943500","Danlaw Inc.","DANLAW","EV-114A","EV-114A","EV-111A; EV-112A; EV-113A",,"Level 2","48","240","11.52","1","25","9",,,"No","No",,,,,,,,"Yes","Wi-Fi or Gigabit Ethernet","3.09","5","0.35","2.75","5","0.34","4.33","24.2","0.42","140.4","57.16","17.45","5.16",,,,,,,,,,,,,,"01/30/2025","01/30/2025","United States, Canada","ES_1151530_EV-114A_121920241907999_1982535"
"3398285","Delta Electronics Inc.","Delta","AC MAX Smart","EIAW-U11KSSU7AAA",,,"Level 2","48","240","11.52","1","25","8","0",,"No",,,,,,,,,"Yes","Wi-Fi or Gigabit Ethernet,Cellular","5.67","7","0.09","5.73","7","0.09","6.2","26.2","0.1","89.72","40.02","16.66","7.8",,,,,,,,,,,,,,"02/07/2024","02/07/2024","United States, Canada","ES_1019376_EIAW-U11KSSU7AAA_02062024152306_7730981"
"3550111","Delta Electronics Inc.","Delta","EIAW-U11KSSU7A04","EIAW-U11KSSU7A04",,,"Level 2","48","240","11.52","1","25","8","0",,"No",,,,,,,"Radio Frequency Identification (RFID)",,"Yes","Wi-Fi or Gigabit Ethernet,Cellular","5.54","6.5","0.09","5.65","6.5","0.09","6.18","22.8","0.09","87.06","57.11","16.61","5.35",,,,,,,,,,,,,,"06/28/2024","06/28/2024","United States, Canada","ES_1019376_EIAW-U11KSSU7A04_06272024164251_4046747"
"3388089","Deltran USA, LLC","Deltran Battery Tender,                          ,","022-3019-XX-XX","022-3019-XX-XX","022-3018-XX-XX; 022-3022-XX-XX; 022-3023-XX-XX",,"Level 2","48","240","11.52","1","25","8","7.93","230.1","No",,,,,,,"Radio Frequency Identification (RFID)",,"Yes","Wi-Fi or Gigabit Ethernet","4.6","7.38","0.36","3.76","7.38","0.35","8.69","26.58","0.41","20.2","20.2","19.2","19.5",,,,,,,,,,,,,,"01/04/2024","01/04/2024","United States, Canada","ES_1150039_022-3019-XX-XX_01252024005621_530053"
"3388090","Deltran USA, LLC","Deltran Battery Tender,                          ,","022-3017-XX-XX","022-3017-XX-XX","022-3016-XX-XX; 022-3020-XX-XX; 022-3021-XX-XX",,"Level 1/Level 2 Dual Input","32","240","7.68","1","25","10",,,"No",,,,,,,,,"Yes","Wi-Fi or Gigabit Ethernet","1.85","5","0.28","1.93","5","0.29","4.69","17.8","0.37","9.6","9.8","11","11.5","1.42","5","0.38","1.52","5","0.38","3.68","11.4","0.45","-7.6",,"-7.7","8","01/04/2024","01/04/2024","United States, Canada","ES_1150039_022-3017-XX-XX_01252024001023_174981"
"2667884","Dropcases Ltd. DBA Lectron","Lectron","LECHG5-15-15ABLKUS-APP","LECHG5-15-15ABLKUS-APP","LECHG5-15-15ATSLBLKUS-APP",,"Level 1","15","120","1.8","1","16","12",,,"No",,,,,,,,,"Yes","Wi-Fi or Gigabit Ethernet","2.49","5","0.44","2.68","5","0.45","4.53","11","0.51","38",,"38","8",,,,,,,,,,,,,,"09/14/2023","09/14/2023","United States, Canada","ES_1146737_LECHG5-15-15 ABLKUS_09132023100031_6784631"
"2668244","Dropcases Ltd. DBA Lectron","Lectron","LECHG14-50-40ABLKUS-APP","LECHG14-50-40ABLKUS-APP","LECHG14-50-40ATSLBLKUS-APP",,"Level 2","40","240","9.6","1","16","8",,,"No",,,,,,,,,"Yes","Wi-Fi or Gigabit Ethernet","1.7","5","0.15","1.78","5","0.16","4.14","21","0.23","90","51","15","6",,,,,,,,,,,,,,"09/26/2023","09/26/2023","United States, Canada","ES_1146737_LECHG14-50-40ABLKUS_09252023100430_2118341"
"3722094","Dropcases Ltd. DBA Lectron","Lectron","LECHG14-50-40ATSLBLKUS","LECHG14-50-40ATSLBLKUS",,,"Level 2","40","240","9.6","1","16","9",,,"No",,,,,,,,,"No","None","0.85","4","0.14","0.86","4","0.14","3.27","20","0.34","101","62","18","8",,,,,,,,,,,,,,"11/01/2024","11/01/2024","United States, Canada","ES_1146737_LECHG14-50-40ATSLBLKUS_10292024094229_6747247"
"3798665","Dropcases Ltd. DBA Lectron","Lectron","LECHG5-15-15ATSLBLKUS","LECHG5-15-15ATSLBLKUS",,,"Level 1","15","120","1.8","1","16","14",,,"No",,,,,,,,,"No","None","1.25","4","0.38","1.18","4","0.38","3.5","10","0.48","40",,"40","4.95",,,,,,,,,,,,,,"09/03/2024","09/03/2024","United States, Canada","ES_1146737_LECHG5-15-15ATSLBLKUS_08282024172721_9041559"
"4439473","Dropcases Ltd. DBA Lectron","Lectron","LECHGJ1772-12A-40ABLKUS","LECHGJ1772-12A-40ABLKUS",,,"Level 1/Level 2 Dual Input","12","120","1.44","1","16","12",,,"No",,,,,,,,,"No","None","1.86","4","0.39","1.86","4","0.39","3.83","8.8","0.42","16",,,"5.1","1.88","4","0.18","1.9","4","0.18","3.71","20","0.2","-104","-59","-18","5.2","06/27/2025","06/27/2025","United States, Canada","ES_1146737_LECHGJ1772-12A-40ABLKUS_06112025111226_1834833"
"4439613","Dropcases Ltd. DBA Lectron","Lectron","LECHG5-15-15ABLKUS","LECHG5-15-15ABLKUS","LECHG5-15-15ATSLBLKUS",,"Level 1","15","120","1.8","1","16","12",,,"No",,,,,,,,,"No","None","1.11","4","0.22","1.16","4","0.22","2.9","10","0.4","29",,"29","5",,,,,,,,,,,,,,"07/01/2025","07/01/2025","United States, Canada","ES_1146737_LECHG5-15-15ABLKUS_06252025131203_5389367"
"4439618","Dropcases Ltd. DBA Lectron","Lectron","LECHG14-50-40ABLKUS","LECHG14-50-40ABLKUS","LECHG14-50-40ATSLBLKUS",,"Level 2","40","240","9.6","1","16","8",,,"No",,,,,,,,,"No","None","0.83","4","0.08","0.95","4","0.08","3.34","20","0.12","94","51","16","3",,,,,,,,,,,,,,"07/01/2025","07/01/2025","United States, Canada","ES_1146737_LECHG14-50-40ABLKUS_06252025132047_6166955"
"4478501","Dropcases Ltd. DBA Lectron","Lectron","LECHGTSL-12A-40ABLKUS","LECHGTSL-12A-40ABLKUS",,,"Level 1/Level 2 Dual Input","12","120","1.44","1","16","12",,,"No",,,,,,,,,"No","None","1.86","4","0.39","1.86","4","0.39","3.83","8.8","0.42","16",,,"5.1","1.88","4","0.18","1.9","4","0.18","3.71","20","0.2","-104","-59","-18","5.2","07/03/2025","07/03/2025","United States, Canada","ES_1146737_LECHGTSL-12A-40ABLKUS_06252025132613_5209466"
"4592534","Dropcases Ltd. DBA Lectron","Lectron","LECHGNexusNEMA14-50J1772","LECHGNexusNEMA14-50J1772","LECHGNexusNEMA14-50NACS",,"Level 2","40","240","9.6","1","22","8",,,"No",,,,,,,,,"No","None","1.88","4","0.09","2.04","4","0.09","5.29","20","0.19","86","52","21","-13",,,,,,,,,,,,,,"04/23/2026","04/23/2026","United States, Canada","ES_1146737_LECHGNexusNEMA14-50J1772_04222026090714_3985559"
"4593774","Dropcases Ltd. DBA Lectron","Lectron","LECHGNexusHWJ1772","LECHGNexusHWJ1772","LECHGNexusHWNACS",,"Level 2","48","240","11.52","1","22","8",,,"No",,,,,,,,,"No","None","1.86","4","0.07","1.87","4","0.07","5.57","23.2","0.19","10,103","48","19","8",,,,,,,,,,,,,,"04/23/2026","04/23/2026","United States, Canada","ES_1146737_LECHGNexusHWJ1772_04222026091526_2266809"
"3815171","Dunamis Charge","Dunamis","L2C40S","L2C40S","L2C40D; L2C50D; L2C50S",,"Level 2","50","240","12","2","20","8",,,"No","No",,,,,,,,"Yes","Cellular","2.91","5.45","0.39","2.92","5.45","0.4","6.49","25.45","0.39","146","56","20","1",,,,,,,,,,,,,,"11/26/2024","11/26/2024","United States, Canada","ES_1149581_L2C40S_11262024134126_5233270"
"4439364","DynaChrg, Inc","DynaChrg","JNT-EVM002","DC-EVJ002-48","EVJ002",,"Level 2","48","240","11.52","1","25","8","8.54","120","No",,,,,,,"High Resolution Display,Radio Frequency Identification (RFID)",,"Yes","Wi-Fi or Gigabit Ethernet,Cellular","6.47","7.41","0.39","6.55","7.41","0.39","10.88","26.61","0.43","191.61","83.06","28.47","12.2",,,,,,,,,,,,,,"06/18/2025","06/18/2025","United States, Canada","ES_1152276_DC-EVJ002-48_06252025104010_1010101"
"4515241","DynaChrg, Inc","DynaChrg","IOCAH28 (IOCAH28-32, IOCAH28-40, IOCAH28-50)","EVIO28 (EVIO28-32, EVIO28-40, EVIO28-50)","DC-EVIO28 (DC-EVIO28-32, DC-EVIO28-40, DC-EVIO28-50), EVIO10 (EVIO10-32, EVIO10-40, EVIO10-50), DC-EVIO10 (DC-EVIO10-32, DC-EVIO10-40, DC-EVIO10-50)",,"Level 2","50","240","12","1","25","8",,,"No",,,,,,,"Radio Frequency Identification (RFID)",,"Yes","Wi-Fi or Gigabit Ethernet,Cellular","4.65","6.5","0.18","4.5","6.5","0.18","8.44","26.5","0.26","140.76","56.46","20.26","9.15",,,,,,,,,,,,,,"11/14/2025","11/14/2025","United States, Canada","ES_1152276_EVIO28_11192025111510_1010101"
"2406893","EATON CORPORATION","EATON","Green Motion EV Chargers, Wall Charger","GMEV32BR-WC","Green Motion EV Chargers:Wall charger, Wall charger plug-in BR Direct Connect Kit, BAB Direct Connect Kit, BRDirect Connect Kit with Junction Box, BAB Direct Connect Kit with Junction Box,GMEV32BR-WCPL,GMEV32BR-DC,GMEV32BAB-DC, GMEV32BR-JB,GMEV32BAB-JB","786689667610;786689667627;786689667634;786689667641;786689667658;786689667665","Level 2","32","240","7.68","1","25","10",,,"No","No",,"Wi-Fi",,,"No",,,"Yes","Wi-Fi or Gigabit Ethernet","2.99","3.6","0.43","2.66","3.6","0.44","3.01","16.4","0.43","-99.99","-87.87","-17.84","4.7",,,,,,,,,,,,,,"02/13/2023","02/13/2023","United States, Canada","ES_1147229_GMEV32BR-WC_01132023183505_1010101"
"2683755","EATON CORPORATION","EATON","Green Motion EV Charger","GMEV80CME1-WC","GMEV80CMC1-WC,GMEV80CMC1-WC","786689728694;786689728700","Level 2","80","240","19.2","1","25","6","10.84","280","No","Yes","Open Charge Point Protocol (OCPP)","Wi-Fi,Wired Ethernet","SAE J1772",,,,,"Yes","Wi-Fi or Gigabit Ethernet,Cellular","6.68","9.7","0.39","6.74","9.7","0.38","13.8","41.7","0.48","216","52","25.4","15.4",,,,,,,,,,,,,,"09/29/2023","09/29/2023","United States, Canada","ES_1147229_GMEV80CME1-WC_08112023050800_0000001"
"3417912","EATON CORPORATION","EATON","Green Motion Building Pro","GMEV48CMC1-WC","Green Motion Building Pro,GMEV48CME1-WC","786689728670;786689728687","Level 2","48","240","11.52","1","25","9","10.84","280","No","Yes","Open Charge Point Protocol (OCPP)","Wi-Fi,Wired Ethernet,4G Cellular","SAE J1772",,,,,"Yes","Wi-Fi or Gigabit Ethernet,Cellular","4.64","9.7","0.46","5.05","9.7","0.39","9.72","28.9","0.46","167.2","80","30.3","15.2",,,,,,,,,,,,,,"03/12/2024","03/12/2024","United States, Canada","ES_1147229_GMEV48CMC1-WC_03062024123600_0000001"
"4437353","EcoFlow Inc.","ECOFLOW","EcoFlow PowerPulse EV Charger (9.6kW)","EF-EVAC-9K6-DIY",,,"Level 2","40","240","9.6","1","24","8",,"94.79","No","No",,,,,"No","High Resolution Display,PLC Board (ISO 15118),Radio Frequency Identification (RFID)","None","Yes","Wi-Fi or Gigabit Ethernet,Other LAN (Local Area Network)","5.11","8.14","0.03","5.18","8.14","0.03","7.85","8.14","0.06","4.7","9","7.9","8.1",,,,,,,,,,,,,,"06/06/2025","06/06/2025","United States","ES_1149039_EF-EVAC-9K6-DIY_06062025120000_0000001"
"4481065","EcoFlow Inc.","ECOFLOW","EcoFlow OCEAN EV Charger (11.5kW)","EF-EVAC-11K5",,,"Level 2","48","240","11.52","1","24","8",,"97.79","No","No",,,,,"No","High Resolution Display,PLC Board (ISO 15118),Radio Frequency Identification (RFID)",,"Yes","Wi-Fi or Gigabit Ethernet,Other LAN (Local Area Network)","4.55","8.15","0.03","5.47","8.15","0.03","8.04","8.15","0.05","1,023.5","15.4","10.1","9.3",,,,,,,,,,,,,,"07/23/2025","07/23/2025","United States","ES_1149039_EF-EVAC-11K5_23072025133000_0000001"
"3554621","Elakeview Enterprise LTD.","AA","EVC48A-LV2","EVC48A-LV2",,,"Level 2","48","240","11.52","1","18","8","7.94","265.6","No",,,,,,,"High Resolution Display,Radio Frequency Identification (RFID)",,"Yes","Wi-Fi or Gigabit Ethernet,Cellular","5.15","7.39","0.24","5.21","7.39","0.24","7.84","26.59","0.3","105","49","20","8",,,,,,,,,,,,,,"07/17/2024","07/17/2024","United States, Canada","ES_1148697_EVC48A-LV2_07112024172623_9810602"
"2853516","Electric Avenue Manufacturing","Electric Avenue Manufacturing","EAWPLT48-25WI1HW**","EAWPLT48-25WI1HW**",,,"Level 2","48","240","11.52","1","25","8",,,"No",,,,,,,"Radio Frequency Identification (RFID)",,"Yes","Wi-Fi or Gigabit Ethernet","1.42","6.5","0.22","1.48","6.5","0.23","1.99","25.7","0.22","70.91","58.59","44.13","23.92",,,,,,,,,,,,,,"12/12/2023","12/12/2023","United States, Canada","ES_1149856_EAWPLT48-25WI1HWXX_12122023192110_8956109"
"4005985","Electric Avenue Manufacturing","Electric Avenue Manufacturing","EAWHG248-##WI0PL**","EAWHG248-##WI0PL**",,,"Level 2","40","240","9.6","1","24","8",,,"No",,,,,,,"Radio Frequency Identification (RFID)",,"Yes","Wi-Fi or Gigabit Ethernet","1.91","6.5","0.07","1.94","6.5","0.07","2.26","22.5","0.07","94","92","13","7",,,,,,,,,,,,,,"03/28/2025","03/28/2025","United States, Canada","ES_1149856_EAWHG2BL_12162024153927_7072412"
"4573289","Electric Avenue Manufacturing","Watti","EAWPE48-######**","EAWPE48-######**",,,"Level 2","96","240","23.04","2","25","8","21.52","120","No",,,,,,,"Radio Frequency Identification (RFID)",,"Yes","Wi-Fi or Gigabit Ethernet,Cellular","5.29","7.1","0.36","5.31","7.1","0.36","5.88","26.3","0.37","198.29","83.29","30.85","13.25",,,,,,,,,,,,,,"11/12/2024","11/12/2024","United States, Canada","ES_1149856_EAWPE48-######**_03052026103335_5813257"
"4576991","Electric Avenue Manufacturing","Watti","EAWPG2SL48-####****","EAWPG2SL48-####****",,,"Level 2","48","240","11.52","1","25","8","8.54","120","No",,,,,,,"Radio Frequency Identification (RFID)",,"Yes","Wi-Fi or Gigabit Ethernet,Cellular","6.47","7.41","0.39","6.55","7.41","0.39","10.88","26.61","0.43","191.61","83.06","28.47","12.2",,,,,,,,,,,,,,"11/12/2024","11/12/2024","United States, Canada","ES_1149856_EAWPG2SL48-####****_03192026092253_2635141"
"4577010","Electric Avenue Manufacturing","Watti","EAWPG2SL80-####****","EAWPG2SL80-####****",,,"Level 2","80","240","19.2","1","25","6","8.54","120","No",,,,,,,"High Resolution Display,Radio Frequency Identification (RFID)",,"Yes","Wi-Fi or Gigabit Ethernet,Cellular","6.12","7.41","0.38","6.1","7.41","0.38","10.31","39.41","0.41","338.44","61.5","22.93","11.24",,,,,,,,,,,,,,"01/14/2025","01/14/2025","United States, Canada","ES_1149856_EAWPG2SL80-####****_03192026093413_2301408"
"2381297","Electrify Canada, L.P.","ELECTRIFY CANADA LP","EC2R040JPA10-00","EC2R040JPA10-00",,,"Level 2","40","240","9.6","1","25","10",,,"No",,,,,,,,,"Yes","Wi-Fi or Gigabit Ethernet","3.5","3.6","0.27","3.41","3.6","0.26","6.19","19.6","0.4","91.49","53.92","17.96","4.5",,,,,,,,,,,,,,"06/29/2021","06/29/2021","Canada","ES_1146212_EC2R040JPA10-00_06292021113408_8981599"
"2829068","Electron Charger","Electron Charger","EC-EVC10/48AC/01C/XX/RF/4G","EC-EVC10/48AC/01C/XX/RF/4G",,,"Level 2","48","240","11.52","1","18","7","7.93",,"No",,,,,,,,,"Yes","Wi-Fi or Gigabit Ethernet,Cellular","3.78","4.43","0.28","3.84","4.43","0.29","5.23","23.63","0.33","78.9","33.7","10.5","4",,,,,,,,,,,,,,"04/19/2022","04/19/2022","United States, Canada","ES_1149054_EC-EVC10/48AC/01C/XX/RF/4G_11302023174136_79919"
"4639294","Electron Charger","Electron Charger","ECEVC-L2-19KW-C","ECEVC-L2-19KW-C","ECEVC-L2-19KW-T",,"Level 2","80","240","19.2","1","16","6","20.52","13.63","No",,,,,,,"High Resolution Display,Radio Frequency Identification (RFID)",,"Yes","Cellular,Wi-Fi or Gigabit Ethernet","6.43","8.52","0.21","6.45","8.52","0.22","11.12","40.52","0.27","173","33","17","11",,,,,,,,,,,,,,"06/12/2026","06/12/2026","United States, Canada","ES_1149054_EAUS80-A09-32-C_06122026112121_1247369"
"4015603","Elinta Charge, UAB","Elinta Charge, UAB","CityCharge V2","V2","CityCharge Mini2,Mini2",,"Level 2","40","240","9.6","2","16","10",,,"No",,,,,,,,,"No","None","11.58","13.06","0.56","11.6","13.06","0.26","21.71","29.06","0.45","-67.99","-18.17","37.17",,,,,,,,,,,,,,,"04/11/2025","04/11/2025","United States, Canada","ES_1152139_V2_04112025144929_4823758"
"3999314","Elite Lighting","Elite","EVM4-1-40A/32A/16A-9KW-BLE-WIFI, EVR4-1-40A/32A/16A-9KW-BLE-WIFI","EVM4-1-40A/32A/16A-9KW-BLE-WIFI, EVR4-1-40A/32A/16A-9KW-BLE-WIFI",,,"Level 2","40","240","9.6","1","23","8",,,"No",,,,,,,"Radio Frequency Identification (RFID)",,"Yes","Wi-Fi or Gigabit Ethernet","2.4","6.5","0.11","2.51","6.5","0.13","3.89","22.5","0.19","147","95","40","30",,,,,,,,,,,,,,"03/05/2025","03/05/2025","United States, Canada","ES_1100455_EVM4-1-40A/32A/16A-9KW-BLE-WIFI, EVR4-1-40A/32A/16A-9KW-BLE-WIFI_03032025112323_6440545"
"2397026","Emporia Corp.","Emporia","EMEVSE1","EMEVSE1","EMC2-A; EMC2-B; EMEVSE1-B; EMEVSE1-C; EMEVSE1-D; EMEVSE1-E; EMEVSE1-F; EMEVSE1-G; EMEVSE1-H; EMEVSE1-I; EMEVSE1-J; EMEVSE1-K; EMEVSE1-L; EMEVSE1-M; EMEVSE1-N",,"Level 2","48","240","11.52","1","25","6",,,"No","No",,,,,,,,"Yes","Wi-Fi or Gigabit Ethernet","2.81","3.6","0.37","2.94","3.6","0.37","5.03","22.8","0.45","136.72","56.29","18.07","5.93",,,,,,,,,,,,,,"05/31/2022","05/31/2022","United States, Canada","ES_1147498_EMEVSE1_051920222322829_6257817"
"2430233","Enphase Energy, Inc.","Enphase","IQ EVSE NA","IQ-EVSE-NA-1080-0100-0100","IQ-EVSE-NA-1040-0120-0100, IQ-EVSE-NA-1040-0110-0100, IQ-EVSE-NA-1040-0100-0100, IQ-EVSE-NA-1050-0120-0100, IQ-EVSE-NA-1050-0110- 0100, IQ-EVSE-NA-1050-0100-0100, IQ-EVSE-NA-1060-0100-0100",,"Level 2","64","240","15.36","1","25","8",,,"No","No",,,"SAE J1772",,"No",,,"Yes","Wi-Fi or Gigabit Ethernet","2.7","3.6","0.47","2.8","3.6","0.48","6.25","29.2","0.48","-206.92","-39.44","-6.61","5.4",,,,,,,,,,,,,,"03/17/2023","03/17/2023","United States, Canada","ES_1148540_IQ-EVSE-NA-1080-0100-0100_03202023110505_1010101"
"3436349","Enphase Energy, Inc.","Enphase","CS-100 EVSE","CS-100, CS-100C",,,"Level 2","80","240","19.2","1","18","6",,,"No",,,,,,,"None",,"Yes","Cellular","2.49","6","0.1","2.58","6","0.1","6.74","38","0.57","271.88","54.46","24.65","13.32",,,,,,,,,,,,,,"04/15/2024","04/15/2024","United States","ES_1148540_CS-100, CS-100C_04152024100910_1010101"
"3543400","Enphase Energy, Inc.","Enphase","IQ EVSE and HCS EVSE","HSC-80","IQ-EVSE-NA-10XX-0101-0100 XX=40/50/60/80 HCS-40R-C30-L25-AYYY-170;HCS-50R-C30-L25-A141-280;HCS-60R-C30-L25-AYYY-179;HCS-80R-C30-L25-AYYY-180; YYY=130/141 HCS-40R-C30-L25-A132-PPP; PPP=262/173 HCS-60R-C30-L25-A132-QQQ; QQQ=253/183 HCS-80R-C30-L25-A132-184",,"Level 2","64","240","15.36","1","25","8",,,"No",,,,,,,"None",,"Yes","Wi-Fi or Gigabit Ethernet","2.89","5","0.49","2.89","5","0.46","2.92","30.6","0.46","230.53","61.02","19.71","7.49",,,,,,,,,,,,,,"05/31/2024","05/31/2024","United States","ES_1148540_IQ-EVSE-NA-1080-0100-010_06062024013910_1010101"
"4572925","Enphase Energy, Inc.","Enphase Energy","IQ EV Charger 2","IQ-EVSE-NA-1100-0100-1420, IQ-EVSE-NA-1080-0100-1420, IQ-EVSE-NA-1060-0100-1420, IQ-EVSE-NA-1060-0100-1120, IQ-EVSE-NA-1060-0101-1120, IQ-EVSE-NA-1050-0110-1120","IQ-EVSE-NA-1100-0100-1420, IQ-EVSE-NA-1080-0100-1420, IQ-EVSE-NA-1060-0100-1420, IQ-EVSE-NA-1060-0100-1120, IQ-EVSE-NA-1060-0101-1120, IQ-EVSE-NA-1050-0110-1120",,"Level 2","80","240","19.2","1","25","6",,,"No",,,,,,,"Radio Frequency Identification (RFID),Revenue Grade Meter",,"Yes","Wi-Fi or Gigabit Ethernet,Cellular","7.2","7.5","0.43","7.4","7.5","0.43","7.3","39.5","0.43","337.3","56.8","21.58","9.29",,,,,,,,,,,,,,"03/02/2026","03/02/2026","United States, Canada","ES_1148540_IQ-EVSE-NA-1100-0100-1420_03052026100710_1010101"
"2401078","Epic Charging","EpicCharging","EC1/48AC/01C/XX/RF/4G","EC1/48AC/01C/XX/RF/4G",,,"Level 2","48","240","11.52","1","18","7","7.93",,"No",,,,,,,,,"Yes","Wi-Fi or Gigabit Ethernet,Cellular","3.78","4.43","0.28","3.84","4.43","0.29","5.23","23.63","0.33","78.9","33.7","10.5","4",,,,,,,,,,,,,,"04/19/2022","04/19/2022","United States, Canada","ES_1147923_EC/48AC/01C/SR/RF/4G_08232022091948_5975763"
"2514648","Espen Technology Inc.","Espen","EVC/A48S/JXX/EG/5D","EVC/A48S/JXX/EG/5D",,,"Level 2","48","240","11.52","1","18","7","7.93",,"No",,,,,,,,,"Yes","Wi-Fi or Gigabit Ethernet,Cellular","3.78","4.43","0.28","3.84","4.43","0.29","5.23","23.63","0.33","78.9","33.7","10.5","4",,,,,,,,,,,,,,"04/19/2022","04/19/2022","United States, Canada","ES_1061417_EVC/A48S/JXX/EG/5D_06162023193314_5771295"
"3354790","Espen Technology Inc.","Espen","EVC/A48R/JXX/EW","EVC/A48R/JXX/EW","EVC/A32R/JXX/EW; EVC/A32R/JXX/EWG; EVC/A40R/JXX/EW; EVC/A40R/JXX/EWG.; EVC/A48R/JXX/EWG",,"Level 2","48","240","11.52","1","18","8",,,"No",,,,,,,,,"Yes","Wi-Fi or Gigabit Ethernet","3.56","3.6","0.07","3.5","3.6","0.76","13.65","22.8","0.38","157.7","24.2","20.1","4",,,,,,,,,,,,,,"02/22/2023","02/22/2023","United States, Canada","ES_1061417_EVC/A32R/JXX/EW_12302023134338_7208520"
"4471361","Espen Technology Inc.","Espen","EVC/A80","EVC/A80",,,"Level 2","80","240","19.2","1","25","6","8.54","120","No",,,,,,,"High Resolution Display,Radio Frequency Identification (RFID)",,"Yes","Wi-Fi or Gigabit Ethernet,Cellular","6.12","7.41","0.38","6.1","7.41","0.38","10.31","39.41","0.41","338.44","61.5","22.93","11.24",,,,,,,,,,,,,,"01/14/2025","01/14/2025","United States, Canada","ES_1061417_EVC/ followed by A80_06272025151540_5303003"
"4471362","Espen Technology Inc.","Espen","EVC/A48","EVC/A48",,,"Level 2","48","240","11.52","1","25","8","8.54","120","No",,,,,,,"Radio Frequency Identification (RFID)",,"Yes","Wi-Fi or Gigabit Ethernet,Cellular","6.47","7.41","0.39","6.55","7.41","0.39","10.88","26.61","0.43","191.61","83.06","28.47","12.2",,,,,,,,,,,,,,"11/12/2024","11/12/2024","United States, Canada","ES_1061417_EVC/ followed by A48_06272025150249_2784234"
"4510394","Espen Technology Inc.","Espen","EVC/A48X2","EVC/A48X2",,,"Level 2","96","240","23.04","2","25","8","21.52","120","No",,,,,,,"Radio Frequency Identification (RFID)",,"Yes","Wi-Fi or Gigabit Ethernet,Cellular","5.29","7.1","0.36","5.31","7.1","0.36","5.88","26.3","0.37","198.29","83.29","30.85","13.25",,,,,,,,,,,,,,"11/12/2024","11/12/2024","United States, Canada","ES_1061417_EVC/A48X2_09262025145106_2894098"
"3892427","eTreego CO., LTD","eTreego Co.,LTD","ATLUE1-80AAS","ATLUE1-80AAS","ATLUE1-32AAS,ATLUE1-32AAS; ATLUE1-50AAS,ATLUE1-50AAS",,"Level 2","80","240","19.2","1","16","6",,,"No",,,,,,,"PLC Board (ISO 15118),Radio Frequency Identification (RFID)",",Wi-Fi / Ethernet","Yes","Wi-Fi or Gigabit Ethernet,Other LAN (Local Area Network)","5.27","7.5","0.33","5.23","7.5","0.33","7.83","39.5","0.36","228.41","50.07","24.49","17.6",,,,,,,,,,,,,,"12/13/2024","12/13/2024","United States, Canada","ES_1151283_ATLUE1-80AAS_121320240208352_6104100"
"4005714","EVAR Corp","EVAR Corp","ELA007C03","ELA007C03",,,"Level 2","32","240","7.68","1","23","10",,,"No","No",,,,,,"Radio Frequency Identification (RFID),Revenue Grade Meter,Speaker",,"No","Wi-Fi or Gigabit Ethernet,None","3.4","8.5","0.22","5.54","8.5","0.3","5.21","21.3","0.3","79.42","73.66","22.35","6.34",,,,,,,,,,,,,,"08/08/2024","08/08/2024","United States, Canada","ES_350889_ELA007C03_032420250424772_7317898"
"2396996","EVBOLT INC","EVBOLT","ELECTRIC VEHICLE SUPPLY EQUIPMENT","EVB-AC-PAX11LNWF4G","EVB-AC-PAX11LNWF",,"Level 2","48","240","11.52","1","18","7","10.77","295.2","No",,,,,,,,,"Yes","Wi-Fi or Gigabit Ethernet,Cellular","4.27","4.81","0.33","4.27","4.81","0.33","6.53","24.89","0.36","10","4","2","1",,,,,,,,,,,,,,"05/23/2022","05/23/2022","United States","ES_1147256_EVB-AC-PAX11LNWF4G_05272022182155_1010101"
"2732583","EVBOLT INC","EVBOLT, Inc.","EVB-AC-B11-LNWF4G","EVB-AC-B11-LNWF4G",,,"Level 1/Level 2 Dual Input","16","120","1.92","1","16","8","8.15","244.7","No",,,,,,,,,"Yes","Wi-Fi or Gigabit Ethernet,Cellular","6.33","8.41","0.4","6.95","8.41","0.41","12.47","14.81","0.52","27",,"12","5","7.04","8.41","0.25","7.14","8.41","0.26","11.83","27.61","0.37","-93","-45","-18","17","11/09/2023","11/09/2023","United States, Canada","ES_1147256_EVB-AC-B11-LNWF4G_11092023103242_7859140"
"3477775","EVBOLT INC","EVBOLT, Inc.","EVB-AC-B2X7DHD-********, EVB-AC-B2X9DHD-********, EVB-AC-B2X11DHD-********.","EVB-AC-B2X7DHD-********, EVB-AC-B2X9DHD-********, EVB-AC-B2X11DHD-********.",,,"Level 2","48","240","11.52","2","25","8","7.93","126.9","No",,,,,,,"High Resolution Display,Credit Card Reader,Radio Frequency Identification (RFID)",,"Yes","Wi-Fi or Gigabit Ethernet,Cellular","10.91","12.35","0.34","10.98","12.35","0.34","12.72","31.55","0.36","37.81","35.73","34.87","34.77",,,,,,,,,,,,,,"03/19/2024","03/19/2024","United States, Canada","ES_1147256_EVB-AC-B2X7DHD-********, EVB-AC-B2X9DHD-********, EVB-AC-B2X11DHD-********._04302024150336_9683191"
"3553973","EV Charging Clean Energy Technology Co., Ltd","EV charging","Atlas_UL AC Commercial Charger","A7-OP-UL-SH","Atlas_UL AC Commercial Charger,A7-OP-UL-Sp","767461337396;767461337402","Level 2","32","240","7.68","1","25","10","7.9","900","No","Yes","Open Charge Point Protocol (OCPP)","Wi-Fi,Wired Ethernet","SAE J1772","None","No","Credit Card Reader","None","Yes","Wi-Fi or Gigabit Ethernet,Cellular","5.62","12.09","0.34","5.66","12.09","0.28","8.74","24.89","0.33","98","78.4","38.5","18.2",,,,,,,,,,,,,,"07/05/2024","07/05/2024","United States, Canada","ES_1150715_A7-OP-UL-SH_07052024114400_0000001"
"3553974","EV Charging Clean Energy Technology Co., Ltd","EV charging","Atlas_UL AC Commercial Charger","A9-OP-UL-SH","Atlas_UL AC Commercial Charger,A9-OP-UL-Sp","767461337419;767461337426","Level 2","40","240","9.6","1","25","8","7.9","900","No","Yes","Open Charge Point Protocol (OCPP)","Wi-Fi,Wired Ethernet","SAE J1772","None","No","Credit Card Reader","None","Yes","Wi-Fi or Gigabit Ethernet,Cellular","5.64","12.09","0.35","5.67","12.09","0.31","10.86","28.09","0.34","96.2","69.5","37.8","17.5",,,,,,,,,,,,,,"07/05/2024","07/05/2024","United States, Canada","ES_1150715_A9-OP-UL-SH_07052024120500_0000001"
"3553979","EV Charging Clean Energy Technology Co., Ltd","EV charging","Atlas_UL AC Commercial Charger","A11-OP-UL-SH","Atlas_UL AC Commercial ChargerAtlas_UL AC Commercial Charger,A11-OP-UL-Sp","767461337433;767461337440","Level 2","48","240","11.52","1","25","7","7.9","900","No","Yes","Open Charge Point Protocol (OCPP)","Wi-Fi,Wired Ethernet","SAE J1772","None","No","Credit Card Reader","None","Yes","Wi-Fi or Gigabit Ethernet,Cellular","5.57","12.09","0.34","5.65","12.09","0.35","11.36","31.29","0.34","105.6","65.7","36.4","18.4",,,,,,,,,,,,,,"07/05/2024","07/05/2024","United States, Canada","ES_1150715_A11-OP-UL-SH_07052024130400_0000001"
"2370945","EverCharge Inc","EverCharge Inc.","EV002","E800-1001","E800-1000",,"Level 2","80","240","19.2","1","24","6",,,"No",,,,,,,,,"Yes","Cellular","3.31","4.6","0.39","3.73","4.6","0.4","7.55","36.6","0.47","210.27","35.47","14.22","7.82",,,,,,,,,,,,,,"10/24/2020","10/24/2020","United States, Canada","ES_1145792_E800-1001_12162020114374_3925773"
"4439074","EverCharge Inc","EverCharge","COVE","E800-1027",,,"Level 2","48","240","11.52","1","18","12",,,"Yes",,,,,,,,,"Yes","Wi-Fi or Gigabit Ethernet","1.89","5","0.15","2.34","5","0.3","4.15","24.2","0.4","0.9",,,,,,,,,,,,,,,,,"06/02/2025","06/02/2025","United States, Canada","ES_1145792_E800-1027_06062025164606_971598922"
"2507655","EVFastCharge Ltd.","EVFastCharge / MOTEN EVFC","MTL-AC-EV48","MTL-AC-EV48",,"715786248088","Level 2","48","240","11.52","1","25","8",,,"No",,,,,,,,,"Yes","Wi-Fi or Gigabit Ethernet","0.83","5","0.16","0.9","5","0.17","1.48","24.2","0.18","80.6","66.4","37.6","23.9",,,,,,,,,,,,,,"05/30/2023","05/30/2023","United States, Canada","ES_1149161_MTL-AC-EV48_05232023152821_9205133"
"2665215","EVIQO TECHNOLOGIES LIMITED","EVIQO","EVIPOWER","EVIPOWER1",,"8720938441004","Level 2","40","240","9.6","1","25","8",,,"No",,,,"SAE J1772",,,,,"Yes","Wi-Fi or Gigabit Ethernet","1.75","5","0.25","1.76","5","0.26","1.93","21","0.23","123.93","90.95","47.84","26.34",,,,,,,,,,,,,,"09/12/2023","09/12/2023","United States, Canada","ES_1149321_EVIPOWER1_09082023131224_6884424"
"3998895","EVIQO TECHNOLOGIES LIMITED","EVIQO","EVIPOWER248N","EVIPOWER248N",,,"Level 2","48","240","11.52","1","25","9",,,"No",,,,,,,"Radio Frequency Identification (RFID)",,"Yes","Wi-Fi or Gigabit Ethernet,Cellular","2.43","6.5","0.28","2.24","6.5","0.27","4.99","25.7","0.32","140.64","54.36","17.37","5.83",,,,,,,,,,,,,,"03/03/2025","03/03/2025","United States, Canada","ES_1149321_EVIPOWER248N_02252025170404_6807824"
"4005577","EVIQO TECHNOLOGIES LIMITED","EVIQO","EVIPOWER240J","EVIPOWER240J",,,"Level 2","40","240","9.6","1","25","10",,,"No",,,,,,,"Radio Frequency Identification (RFID)",,"Yes","Wi-Fi or Gigabit Ethernet,Cellular","2.36","6.5","0.28","2.17","6.5","0.28","4.74","22.5","0.32","133.24","70.28","20.32","5.79",,,,,,,,,,,,,,"03/03/2025","03/03/2025","United States, Canada","ES_1149321_EVIPOWER240J_02252025165216_1555444"
"4005578","EVIQO TECHNOLOGIES LIMITED","EVIQO","EVIPOWER240N","EVIPOWER240N",,,"Level 2","40","240","9.6","1","25","10",,,"No",,,,,,,"Radio Frequency Identification (RFID)",,"Yes","Wi-Fi or Gigabit Ethernet,Cellular","2.36","6.5","0.28","2.17","6.5","0.28","4.74","22.5","0.32","133.24","70.28","20.32","5.79",,,,,,,,,,,,,,"03/03/2025","03/03/2025","United States, Canada","ES_1149321_EVIPOWER240N_02252025165817_8445855"
"4005579","EVIQO TECHNOLOGIES LIMITED","EVIQO","EVIPOWER248J","EVIPOWER248J",,,"Level 2","48","240","11.52","1","25","9",,,"No",,,,,,,"Radio Frequency Identification (RFID)",,"Yes","Wi-Fi or Gigabit Ethernet,Cellular","2.43","6.5","0.28","2.24","6.5","0.27","4.99","25.7","0.32","140.64","54.36","17.37","5.83",,,,,,,,,,,,,,"03/03/2025","03/03/2025","United States, Canada","ES_1149321_EVIPOWER248J_02252025170038_8435174"
"3477594","EVmode LLC (DBA: EVmode)","Evmode","EVM-2000","EVM-2000",,,"Level 2","48","240","11.52","1","16","8",,,"No",,,,,,,"Revenue Grade Meter",,"Yes","Wi-Fi or Gigabit Ethernet","3.41","6","0.22","3.5","6","0.22","6.74","25.2","0.31","118.47","62.7","20.02","7.74",,,,,,,,,,,,,,"05/01/2024","05/01/2024","United States","ES_1150433_EVM2000_05032024033710_1010101"
"2369643","EvoCharge Inc.","EvoCharge","EVO32-310-001-ESEVO32-310-001-ES","EVO32-310-001-ESEVO32-310-001-ES","EVO32-310-002-ES; EVO32-320-001; EVO32-320-002",,"Level 2","32","240","7.68","1","25","10",,,"No",,,,,,,,,"Yes","Wi-Fi or Gigabit Ethernet","3.48","3.6","0.25","3.53","3.6","0.25","6.03","16.4","0.3","84.08","73.92","22.25","6.96",,,,,,,,,,,,,,"11/16/2020","11/16/2020","United States, Canada","ES_1141591_EVO32-310-001_11172020152323_6603611"
"2472803","EvoCharge Inc.","EvoCharge","W1-1962-7PT0","W1-1962-7PT0","W1-1962-4PT0; W1-1962-4PT1; W1-1962-5PT0; W1-1962-5PT1; W1-1962-7PT1",,"Level 2","40","240","9.6","1","25","10",,,"No","No",,,,,,,"Model is portable","Yes","Wi-Fi or Gigabit Ethernet","3.43","3.6","0.26","3.55","3.6","0.27","6.1","19.6","0.34","133.45","76.65","22.54","6.72",,,,,,,,,,,,,,"08/07/2024","08/07/2024","United States, Canada","ES_1141591 _W1-1962-7PT0_042820232325419_2377601"
"2472804","EvoCharge Inc.","EvoCharge","W1-1962-2PT0","W1-1962-2PT0","W1-1962-2PT1",,"Level 2","40","240","9.6","1","25","10",,,"No","No",,,,,,,,"No","None","1.68","2.6","0.18","1.8","2.6","0.19","4.57","18.6","0.32","132.23","75.92","21.52","5.5",,,,,,,,,,,,,,"05/05/2023","05/05/2023","United States, Canada","ES_1141591 _W1-1962-2PT0_042820232338375_8209279"
"3531191","EvoCharge Inc.","EvoCharge","MAX80","EVC80-310-001",,,"Level 2","82","2.08","0.17","0","25","6",,,"No",,,,,,,,,"Yes","Wi-Fi or Gigabit Ethernet,Cellular","5.98","8.5","0","6.35","8.5","0","9.23","40.5","0","39",,,,,,,,,,,,,,,,,"05/31/2024","05/31/2024","United States","ES_1141591_EVC80-310-001_20244131124449_8797592"
"3554316","EvoCharge Inc.","EvoCharge","BASE","EVC50002000","EVC32051000; EVC32052000; EVC32053000; EVC32054000; EVC50001000; EVC50003000; EVC50004000",,"Level 2","50","240","12","1","25","8",,,"No","No",,,,,,,"Model is portable","No","None","1.08","4","0.21","1.01","4","0.2","3.4","24","0.36","134.64","51.98","15.04","4.21",,,,,,,,,,,,,,"07/15/2024","07/15/2024","United States, Canada","ES_1141591_EVC50002000_071020241558822_7714376"
"3554317","EvoCharge Inc.","EvoCharge","HOME","EVC50012001","EVC32061001; EVC32062001; EVC32063001; EVC32064001; EVC50011001; EVC50013001; EVC50014001",,"Level 2","50","240","12","1","25","8",,,"No","No",,,,,,"Revenue Grade Meter","Model is portable","Yes","Wi-Fi or Gigabit Ethernet","2.2","6","0.28","2.15","6","0.29","4.49","26","0.38","131.63","51.05","16.09","5.23",,,,,,,,,,,,,,"07/15/2024","07/15/2024","United States, Canada","ES_1141591_EVC50002001_071020241623731_1017479"
"3815198","EvoCharge Inc.","EvoCharge","PRO","EVC50021###","EVC50022###,### may be any numeric suffix; EVC50023###,### may be any numeric suffix; EVC50024###,### may be any numeric suffix; EVC50031###,### may be any numeric suffix; EVC50032###,### may be any numeric suffix; EVC50033###,### may be any numeric suffix; EVC50034###,### may be any numeric suffix",,"Level 2","50","240","12","1","25","8",,,"No","No",,,,,,"PLC Board (ISO 15118),Radio Frequency Identification (RFID)",,"No","None","4.07","7.5","0.35","3.77","7.5","0.34","5.85","27.5","0.41","140.4","59.48","19.05","6.81",,,,,,,,,,,,,,"11/27/2024","11/27/2024","United States, Canada","ES_1141591_EVC50022003_111520240044945_8986896"
"4510147","Evra Energy LLC","IYILO","Electric Vehicle Charging Station","IYILO-RA48","Electric Vehicle Charging Station,IYILO-RA40",,"Level 2","48","240","11.52","1","18","9",,,"No",,,,,,,"Radio Frequency Identification (RFID),Revenue Grade Meter,Speaker",,"Yes","Wi-Fi or Gigabit Ethernet","1.19","8.5","0.12","1.25","8.5","0.13","1.31","27.7","0.13","234.54","86.62","23.35","4.15",,,,,,,,,,,,,,"09/23/2025","09/23/2025","United States, Canada","ES_1152573_IYILO-RA48_09242025094310_1010101"
"4586635","Foshan Maxgreen New Energy Technology Ltd","MAX GREEN","EAUS32-L01-XX-#","EAUS32-L01-XX-#","EAUS32-A09-XX-#; EAUS40-A09-XX-#; EAUS40-L01-XX-#; EAUS48-A09-XX-#; EAUS48-L01-XX-#; EAUS80-A09-XX-#; EAUS80-L01-XX-#",,"Level 2","80","240","19.2","1","25","6","7.93","150","No",,,,,,,"High Resolution Display,Radio Frequency Identification (RFID)",,"Yes","Wi-Fi or Gigabit Ethernet,Cellular","3.72","7.35","0.29","3.77","7.35","0.29","8.78","39.35","0.32","36.3","25.7","25.6","25.9",,,,,,,,,,,,,,"04/14/2026","04/14/2026","United States, Canada","ES_1152338_EAUS32-L01-XX-#_03312026094527_986444"
"4481154","Free2move eSolutions NA LLC","Free2Move Charge","EMC2-A","EMC2-A","EMC2-B",,"Level 2","48","240","11.52","1","25","6",,,"No","No",,,,,,,,"Yes","Wi-Fi or Gigabit Ethernet","2.81","3.6","0.37","2.94","3.6","0.37","5.03","22.8","0.45","136.72","56.29","18.07","5.93",,,,,,,,,,,,,,"08/11/2025","08/11/2025","United States, Canada","ES_1152409_EMC2-A_080720251647290_3100702"
"2911619","General Motors, LLC","GM","PowerUp","EIAW-U11KSSU7E01","PowerUp,EVAW-UA113WTG01",,"Level 2","48","240","11.52","1","25","8","0",,"No",,,,,,,,,"Yes","Wi-Fi or Gigabit Ethernet,Cellular","3.51","5","0.27","3.54","5","0.27","7.56","24.2","0.39","165",,,,,,,,,,,,,,,,,"12/19/2023","12/19/2023","United States, Canada","ES_1019376_EIAW-U11KSSU7E01_12182023145934_649225"
"3722240","General Motors, LLC","GM","PowerUp","EIAW-U11KSSU7E01",,,"Level 2","48","240","11.52","1","25","8","0",,"No",,,,,,,,,"Yes","Wi-Fi or Gigabit Ethernet,Cellular","3.51","5","0.27","3.54","5","0.27","7.56","24.2","0.39","165",,,,,,,,,,,,,,,,,"12/19/2023","12/19/2023","United States, Canada","ES_1151330_EIAW-U11KSSU7E01_10312024115224_6178705"
"2740472","GoPowerEV Inc.","GoPowerEV","Electric Vehicle Supply Equipment","SO3R20-S1",,,"Level 2","16","240","3.84","3","0","0",,,"No",,,,,,,"Radio Frequency Identification (RFID)",,"Yes","Wi-Fi or Gigabit Ethernet","1.49","7.33","0.36","1.52","7.33","0.37","3.34","13.73","0.4","62.19",,"57.56","13.51",,,,,,,,,,,,,,"11/15/2023","11/15/2023","United States","ES_1147597_SO3R20-S1_11222023113544_1010101"
"3477606","Greenworks North America LLC","Greenworks tools","EVC0640","EVC0640",,,"Level 2","40","240","9.6","1","25","8",,,"No",,,,,,,"Radio Frequency Identification (RFID)",,"Yes","Wi-Fi or Gigabit Ethernet","3.93","6.5","0.26","5.74","6.5","0.32","5.75","22.5","0.29","103","68","36","6",,,,,,,,,,,,,,"05/06/2024","05/06/2024","United States, Canada","ES_1150179_EVC0640_05062024114159_3510248"
"3477607","Greenworks North America LLC","Greenworks tools","EVC1648","EVC1648",,,"Level 2","48","240","11.52","1","25","8",,,"No",,,,,,,"Radio Frequency Identification (RFID)",,"Yes","Wi-Fi or Gigabit Ethernet","3.06","6.5","0.24","3.86","6.5","0.2","4.59","25.7","0.23","134","64","26","9",,,,,,,,,,,,,,"05/06/2024","05/06/2024","United States, Canada","ES_1150179_EVC1648_05062024112713_4744378"
"3619471","Gyre9","G9EV","Legacy32","JB3.0-321, JB3.0-322, JB3.0-401, JB3.0-402, JB3.0-481, JB3.0-482, JB3.0-801",,,"Level 2","48","280","13.44","2","18","6",,,"No",,,,,,,"Radio Frequency Identification (RFID)",,"No","None","3.55","6","0.29","3.75","6","0.29","5.23","25.2","0.34","170.17","84.97","26.89","8.02",,,,,,,,,,,,,,"08/07/2024","08/07/2024","United States","ES_1151026_JB3.0-321_08072024025910_1010101"
"3442081","Hangzhou Tanlink Technology Co.,Ltd.","WOLFBOX","E50","E50",,"6975394262645;6975394262652;6975394262669;6975394262676","Level 2","50","240","12","1","25","9","8.55","16.52","No","No",,,,,,"High Resolution Display,Credit Card Reader,Radio Frequency Identification (RFID)",,"Yes","Wi-Fi or Gigabit Ethernet","3.7","5.87","0.15","4.68","5.87","0.19","8.52","25.87","0.27","10.61","9.25","8.85","8.62",,,,,,,,,,,,,,"04/19/2024","04/19/2024","United States, Canada","ES_1150429_E50_04212024145114_80154107"
"3442082","Hangzhou Tanlink Technology Co.,Ltd.","WOLFBOX","E40","E40",,"6975394262645;6975394262652;6975394262669;6975394262676","Level 2","40","240","9.6","1","25","9","8.55","16.52","No","No",,,,,,"High Resolution Display,Credit Card Reader,Radio Frequency Identification (RFID)",,"Yes","Wi-Fi or Gigabit Ethernet","3.7","5.87","0.15","4.68","5.87","0.19","8.52","25.87","0.27","10.61","9.25","8.85","8.62",,,,,,,,,,,,,,"04/19/2024","04/19/2024","United States, Canada","ES_1150429_E40_04212024145114_80154107"
"3388086","Hangzhou Tuchong Technologies Co.,Ltd.","Tcharge","UAC 80","UAC 80",,,"Level 2","80","240","19.2","1","25","6","20.9","102.4","No",,,,,,,,,"Yes","Wi-Fi or Gigabit Ethernet,Other LAN (Local Area Network)","5.49","8.63","0.13","5.71","8.63","0.13","5.88","40.63","0.13","199.46","31.74","12.37","6.46",,,,,,,,,,,,,,"02/01/2024","02/01/2024","United States, Canada","ES_1150051_UAC 80_01302024095725_116083"
"3388087","Hangzhou Tuchong Technologies Co.,Ltd.","Tcharge","UAC 50","UAC 50",,,"Level 2","50","240","12","1","25","6","20.9","102.4","No",,,,,,,,,"Yes","Wi-Fi or Gigabit Ethernet,Other LAN (Local Area Network)","5.49","8.63","0.13","5.69","8.63","0.13","5.87","28.63","0.13","86.51","31.73","12.32","6.49",,,,,,,,,,,,,,"02/01/2024","02/01/2024","United States, Canada","ES_1150051_UAC 50_01302024101138_7195703"
"2631707","Heliox Technology Inc","Siemens","VersiCharge","8EM1312-5CF18-0FA3","8EM1312-4CF18-0FA3",,"Level 2","48","240","11.52","1","21","16",,,"No","Yes","Open Charge Point Protocol (OCPP)","Wi-Fi,Wired Ethernet,User can connect system to backend services via Ethernet or Wi-Fi.","SAE J1772","ANSI/UL 2900",,"PLC Board (ISO 15118)",,"Yes","Wi-Fi or Gigabit Ethernet","5.42","6","0.39","5.46","6","0.4","6.35","25.2","0.44","116.11","49.31","16.65","7.09",,,,,,,,,,,,,,"07/23/2024","07/23/2024","United States, Canada","ES_1092555_8EM1312 5CF18 0FA3_072820231711981_5815616"
"2631712","Heliox Technology Inc","Siemens","VersiCharge","8EM1315-5CG14-0GA0","8EM1310-4CF14-0GA0; 8EM1310-4HF14-0GA0; 8EM1310-5CF14-0GA0; 8EM1310-5HF14-0GA0; 8EM1314-5CG18-0FA3; 8EM1315-5HG14-0GA0",,"Level 2","48","240","11.52","1","25","16",,,"No","Yes","Open Charge Point Protocol (OCPP)","Wi-Fi,Wired Ethernet,User can connect system to backend services via Ethernet or Wi-Fi.","SAE J1772","ANSI/UL 2900",,"PLC Board (ISO 15118),Radio Frequency Identification (RFID)",,"Yes","Wi-Fi or Gigabit Ethernet","5.62","7.5","0.4","5.68","7.5","0.4","6.6","26.7","0.45","115.37","49.88","17.86","7.29",,,,,,,,,,,,,,"07/23/2024","07/23/2024","United States, Canada","ES_1092555_8EM1315 5CG14 0GA0_072820231745525_3614251"
"2631715","Heliox Technology Inc","Siemens","VersiCharge","8EM1317-5CG14-1GA2","8EM1310-4CF14-1GA2; 8EM1310-4HF14-1GA2; 8EM1310-5CF14-1GA2; 8EM1310-5CG14-1GA2; 8EM1310-5HF14-1GA2; 8EM1314-5CG14-2FA2; 8EM1315-5CG14-1GA2; 8EM1315-5HG14-1GA2",,"Level 2","48","240","11.52","1","25","16",,,"Yes","Yes","Open Charge Point Protocol (OCPP)","Wi-Fi,Wired Ethernet,User can connect system to backend services via Ethernet, Wi-Fi, or Cellular Connection.","SAE J1772","ANSI/UL 2900",,"PLC Board (ISO 15118),Radio Frequency Identification (RFID)",,"Yes","Cellular","2.98","8.5","0.205","3.025","8.5","0.46","3.48","27.7","0.23","121.27","51.48","17.59","7.7",,,,,,,,,,,,,,"07/23/2024","07/23/2024","United States, Canada","ES_1092555_8EM1317-5CG14-1GA2 _07282023181299_5631133"
"3531201","Heliox Technology Inc","Siemens","VersiCharge Blue","8EM1315-7BG16-0FH0",,,"Level 2","80","240","19.2","1","25","6",,,"No","Yes","Open Charge Point Protocol (OCPP)","Wi-Fi,Wired Ethernet","SAE J1772","ANSI/UL 2900",,"PLC Board (ISO 15118)",,"Yes","Wi-Fi or Gigabit Ethernet","3.87","6","0.35","3.62","6","0.35","10.1","38","0.49","220.87","38.14","16.55","9.8",,,,,,,,,,,,,,"05/31/2024","05/31/2024","United States, Canada","ES_1092555_8EM1315-7BG16-0FH0_053020241733767_9370957"
"3531202","Heliox Technology Inc","Siemens","VersiCharge Blue","8EM1315-7BG16-1FH2",,,"Level 2","80","240","19.2","1","25","6",,,"No","Yes","Open Charge Point Protocol (OCPP)","Wi-Fi,User can connect system to backend services via Cellular or WiFi.","SAE J1772","ANSI/UL 2900",,"PLC Board (ISO 15118)",,"Yes","Cellular","4.85","7","0.37","4.5","7","0.36","10.91","39","0.5","219.48","40.66","17.62","10.39",,,,,,,,,,,,,,"05/31/2024","05/31/2024","United States, Canada","ES_1092555_8EM1315-7BG16-1FH2_053020241745409_2978452"
"3892135","ICAPIA, LLC.","ICAPIA","ICACOP32","ICACOP32","ICACOP40; ICACOP48.",,"Level 2","48","240","11.52","1","25","8",,,"No",,,,,,,"Radio Frequency Identification (RFID)",,"Yes","Wi-Fi or Gigabit Ethernet,Cellular","2.83","6.5","0.25","2.63","6.5","0.23","3.28","25.7","0.25","8.23","11.88","12.59","13.1",,,,,,,,,,,,,,"05/23/2024","05/23/2024","United States, Canada","ES_1151462_ICACOP32_11192024104928_6735956"
"3892629","ICAPIA, LLC.","ICAPIA","EV Charger","ICACLS4040",,,"Level 2","40","240","9.6","2","25","9","8.14","826.47","No","Yes","Open Charge Point Protocol (OCPP)","Wi-Fi","SAE J1772","NIST Cybersecurity Framework","Yes","High Resolution Display,PLC Board (ISO 15118),Radio Frequency Identification (RFID),Revenue Grade Meter","None","Yes","Wi-Fi or Gigabit Ethernet","5.56","8.55","0.28","5.64","8.55","0.28","5.94","24.55","0.29","14","12","16","13.5",,,,,,,,,,,,,,"01/08/2025","01/08/2025","United States, Canada","ES_1151462_ICACLS4040_01092025100801_9265034"
"3892637","ICAPIA, LLC.","ICAPIA","EV Charger","ICACLS4080",,,"Level 2","80","240","19.2","2","25","6","8.14","812.79","No","Yes","Open Charge Point Protocol (OCPP)","Wi-Fi","SAE J1772","NIST Cybersecurity Framework","Yes","High Resolution Display,PLC Board (ISO 15118),Radio Frequency Identification (RFID),Revenue Grade Meter","None","Yes","Wi-Fi or Gigabit Ethernet","3.62","8.55","0.21","3.48","8.55","0.21","4.04","24.55","0.05","52.5","15.5","16","11.5",,,,,,,,,,,,,,"01/08/2025","01/08/2025","United States, Canada","ES_1151462_ICACLS4080_01092025100955_4401203"
"3892971","ICAPIA, LLC.","ICAPIA","EV Charger","ICACLS80",,,"Level 2","80","240","19.2","1","25","6","8.14","829.18","No","Yes","Open Charge Point Protocol (OCPP)","Wi-Fi","SAE J1772","NIST Cybersecurity Framework","Yes","High Resolution Display,PLC Board (ISO 15118),Radio Frequency Identification (RFID),Revenue Grade Meter","None","Yes","Wi-Fi or Gigabit Ethernet","9.31","9.6","0.25","9.52","9.6","0.25","9.26","41.6","0.25","44","20","22","13",,,,,,,,,,,,,,"01/08/2025","01/08/2025","United States, Canada","ES_1151462_ICACLS80_01092025100549_2858713"
"3624363","InCharge Energy Inc.","InCharge Energy","ICE Dual 80AC","ICE Dual 80AC",,,"Level 2","160","240","38.4","2","25","6",,,"No",,,,"SAE J1772",,,,,"No","None","6.84","7.5","0.13","6.85","7.5","0.13","12.65","39.5","0.13","10.42","12","12.59","12.71",,,,,,,,,,,,,,"01/05/2024","01/05/2024","United States, Canada","ES_1149338_ICE Dual 80AC_07242024165944_9914972"
"3706790","InCharge Energy Inc.","InCharge","ICE-80A Gen 1","ICE-80A Gen 1",,,"Level 2","80","240","19.2","1","24","6",,,"No","No",,,,,,,,"No","None","3.53","3.6","0.26","3.52","3.6","0.27","7.98","35.6","0.34","-193.19","-26.3","-6.37","-0.36",,,,,,,,,,,,,,"10/18/2024","10/18/2024","United States, Canada","ES_1149338_ICE-80A Gen 1_10082024225980_8866575"
"3706792","InCharge Energy Inc.","InCharge","ICE-80A Gen2","ICE-80A Gen2",,,"Level 2","80","240","19.2","1","24","8",,,"No","No",,,,,,,,"No","None","3.48","3.6","0.28","3.53","3.6","0.28","5.88","35.6","0.38","-240.57","-32.19","-8.08","-0.57",,,,,,,,,,,,,,"10/23/2024","10/23/2024","United States, Canada","ES_1149338_ICE-80A Gen2_101020242011672_9383265"
"2525457","Integra LED, LLC DBA Integra Energy","INTEGRA ENERGY","IE-EX-1193-1","IE-EX-1193-1","IE-EX-1193-3; IE-EX-1193-5",,"Level 2","80","240","19.2","1","24","6",,,"No","No",,,,,,,,"Yes","Wi-Fi or Gigabit Ethernet","3.53","3.6","0.26","3.52","3.6","0.27","7.98","35.6","0.36","200.02","33.07","13.1","7.12",,,,,,,,,,,,,,"06/23/2023","06/23/2023","United States, Canada","ES_1149278_IE-EX-1193-1_061920231824177_7277156"
"2525499","Integra LED, LLC DBA Integra Energy","INTEGRA ENERGY","IE-IC3-32A-H","IE-IC3-32A-H","IE-IC3-32A-N; IE-SC3-32A-H; IE-SC3-32A-N",,"Level 2","32","240","7.68","1","25","10",,,"No","No",,,,,,,,"Yes","Wi-Fi or Gigabit Ethernet","3.48","3.6","0.25","3.53","3.6","0.25","6.03","16.4","0.3","82.49","73.92","22.25","6.95",,,,,,,,,,,,,,"06/23/2023","06/23/2023","United States, Canada","ES_1149278_IE-IC3-32A-H_061920232008899_1984409"
"3423279","IoTecha Corp.","IoTecha","Electric Vehicle Charging Station","CCS-C80-LTE","Electric Vehicle Charging Station,CCS-C80A; Electric Vehicle Charging Station,CCS-C80A-25; Electric Vehicle Charging Station,CCS-C80A-25LTE; Electric Vehicle Charging Station,CCS-C80C; Electric Vehicle Charging Station,CCS-C80C-DS",,"Level 2","80","2.08","0.17","1","25","6",,,"No",,,,,,,,,"Yes","Wi-Fi or Gigabit Ethernet,Cellular","5.98","8.5","0","6.35","8.5","0","9.23","40.5","0","39",,,,,,,,,,,,,,,,,"01/22/2024","01/22/2024","United States","ES_95903_CCS-C80-LTE_20240131140931_1934203"
"3531253","It's Electric Inc.","It's Electric","Brooklyn-718","Brooklyn-718",,,"Level 2","32","240","7.68","1","17","10",,,"No","No",,,,,"No","Radio Frequency Identification (RFID)","None","Yes","Wi-Fi or Gigabit Ethernet","6.33","6.5","0.39","6.27","6.5","0.4","9.25","19.3","0.51","83.31","74.89","21.63","1.41",,,,,,,,,,,,,,"06/04/2024","06/04/2024","United States","ES_1150765_Brooklyn-718_05292024135639_6204492"
"3391665","KWEV LLC","KWEV","KW7AC/01C/XX/RF/WF","KW7AC/01C/XX/RF/WF",,,"Level 2","32","240","7.68","1","18","10",,,"No",,,,,,,"Radio Frequency Identification (RFID)",,"Yes","Wi-Fi or Gigabit Ethernet","2.33","6.5","0.27","2.42","6.5","0.28","3.03","19.3","0.29","35.7","22.61","15.13","13.26",,,,,,,,,,,,,,"02/05/2024","02/05/2024","United States, Canada","ES_1150109_KW7AC/01C/XX/RF/WF_02012024104035_9824792"
"3391668","KWEV LLC","KWEV","KW11DAC/01C/XX/RF/WF/4G","KW11DAC/01C/XX/RF/WF/4G",,,"Level 2","48","240","11.52","2","25","8","7.93","83.5","No",,,,,,,"Radio Frequency Identification (RFID)",,"Yes","Wi-Fi or Gigabit Ethernet,Cellular","7.12","7.92","0.42","7.16","7.92","0.41","7.59","27.12","0.41","41.2","30.18","16.97","14.73",,,,,,,,,,,,,,"02/05/2024","02/05/2024","United States, Canada","ES_1150109_KW11DAC/01C/XX/RF/WF/4G_02012024122751_9615442"
"2507692","LEDVANCE, LLC","LEDVANCE","EVC48ALVL2C1","78134","EVC48ALVL2C1GY,78141; EVC48ALVL2C1WH,78140","4613578134","Level 2","48","240","11.52","1","25","8","7.93",,"No",,,,,,,,,"Yes","Wi-Fi or Gigabit Ethernet,Other LAN (Local Area Network),Cellular","4.34","4.41","0.31","4.17","4.41","0.3","6.28","23.61","0.28","9.9","8","5.2","4.8",,,,,,,,,,,,,,"05/31/2023","05/31/2023","United States, Canada","ES_1018393_78134_05252023112115_2995069"
"3425437","LEDVANCE, LLC","LEDVANCE","EVC48ALVL2R","78146",,"046135781469","Level 2","48","240","11.52","1","18","8",,,"No","No",,,,,,"None",,"Yes","Wi-Fi or Gigabit Ethernet,Cellular","2.04","6.5","0.17","2.1","6.5","0.17","2.24","25.7","0.18","80","25","9","2",,,,,,,,,,,,,,"03/28/2024","03/28/2024","United States, Canada","ES_1018393_78146_03282024154548_4245656"
"3943162","LEDVANCE, LLC","LEDVANCE","EVC/48A/LVL2/C2/OR","75899","EVC/48A/LVL2/4G/C2/OR,75905; EVC/48A/LVL2/4G/ISO/C2/OR,75906; EVC/48A/LVL2/ISO/C2/OR,75900","4613575899","Level 2","48","240","11.52","1","25","8","8.54","120","No","No",,,,,,"None",,"Yes","Wi-Fi or Gigabit Ethernet,Cellular","6.47","7.41","0.39","6.55","7.41","0.39","10.88","26.62","0.43","191.61","83.06","28.47","12.2",,,,,,,,,,,,,,"03/28/2024","03/28/2024","United States, Canada","ES_1018393_75899_01212025143628_6920052"
"4470561","LEDVANCE, LLC","LEDVANCE","EVC/48A/LVL2/ISO/CC/C2/OR","75901","EVC/48A/LVL2/4G/CC/C2/OR,75927; EVC/48A/LVL2/4G/ISO/CC/C2/OR,75907","4613575901","Level 2","48","240","11.52","1","25","8","8.54","120","No","No",,,,,,"None",,"Yes","Wi-Fi or Gigabit Ethernet,Cellular","6.47","7.41","0.39","6.55","7.41","0.39","10.88","26.62","0.43","191.61","83.06","28.47","12.2",,,,,,,,,,,,,,"07/02/2025","07/02/2025","United States, Canada","ES_1018393_75901_07022025135531_8324456"
"4470562","LEDVANCE, LLC","LEDVANCE","EVC/80A/LVL2/C2/OR","75902","EVC/80A/LVL2/4G/C2/OR,75915; EVC/80A/LVL2/4G/CC/C2/OR,75928; EVC/80A/LVL2/4G/ISO/C2/OR,75925; EVC/80A/LVL2/4G/ISO/CC/C2/OR,75926; EVC/80A/LVL2/ISO/C2/OR,75903; EVC/80A/LVL2/ISO/CC/C2/OR,75904","4613575902","Level 2","80","240","19.2","1","25","8","8.54","120","No","No",,,,,,"None","None","Yes","Wi-Fi or Gigabit Ethernet,Cellular","6.12","7.41","0.38","6.1","7.41","0.38","10.31","39.41","0.41","338.44","61.5","22.93","11.24",,,,,,,,,,,,,,"07/02/2025","07/02/2025","United States, Canada","ES_1018393_75902_07022025142925_3468269"
"2508322","Lenz Technology LLC","(LENZ)","EVSE-W1-40-A","EVSE-W1-40-A","JK-EVSE003; JK-EVSE003-002; JK-EVSE003-003; JK-EVSE003-004; JK-EVSE003-005","5065010000000","Level 2","40","240","9.6","1","22","8",,,"No",,,,,,,,,"No","None","1.62","2.6","0.14","1.65","2.6","0.15","5.26","18.6","0.33","106","57","20","6",,,,,,,,,,,,,,"06/14/2023","06/14/2023","United States, Canada","ES_1149260_EVSE-W1-40-A_06082023164134_8892480"
"4005832","Lenz Technology LLC","LENZ","EVSE-NAP401","EVSE-NAP401",,,"Level 1/Level 2 Dual Input","12","120","1.44","1","22","8",,,"No",,,,,,,,,"No","None","1.39","4","0.12","1.4","4","0.15","2.81","20","0.26","14",,,"8",,"1.38","4","0.06","1.4","0.07","3.31","20","0.16","-118","-69","-21","8","03/26/2025","03/26/2025","United States, Canada","ES_1149260_EVSE-NAP401_03252025131007_2250177"
"2403443","Leviton Mfg Co., Inc.","Leviton","EV32W","EV32W",,,"Level 2","32","240","7.68","1","18","10",,,"No",,,,,,,,,"Yes","Wi-Fi or Gigabit Ethernet","3.27","3.6","0.22","3.36","3.6","0.22","4.16","16.4","0.27","68","66","35","10",,,,,,,,,,,,,,"10/24/2022","10/24/2022","United States, Canada","ES_1042248_EV32W_10212022112550_8373834"
"2403444","Leviton Mfg Co., Inc.","Leviton","EV48W","EV48W",,,"Level 2","48","240","11.52","1","18","8",,,"No",,,,,,,,,"Yes","Wi-Fi or Gigabit Ethernet","3.17","3.6","0.22","3.48","3.6","0.23","4.15","22.8","0.26","106","36","22","6",,,,,,,,,,,,,,"10/24/2022","10/24/2022","United States, Canada","ES_1042248_EV48W_10212022110658_6723749"
"2403445","Leviton Mfg Co., Inc.","Leviton","EV320","EV320",,,"Level 2","32","240","7.68","1","18","10",,,"No",,,,,,,,,"Yes","Wi-Fi or Gigabit Ethernet","2.8","3.6","0.29","2.85","3.6","0.28","3.54","16.4","0.31","68","66","35","10",,,,,,,,,,,,,,"10/24/2022","10/24/2022","United States, Canada","ES_1042248_EV320_10212022113346_6728326"
"2403446","Leviton Mfg Co., Inc.","Leviton","EV480","EV480",,,"Level 2","48","240","11.52","1","18","8",,,"No",,,,,,,,,"Yes","Wi-Fi or Gigabit Ethernet","2.78","3.6","0.28","2.85","3.6","0.28","3.49","22.8","0.32","106","36","22","6",,,,,,,,,,,,,,"10/24/2022","10/24/2022","United States, Canada","ES_1042248_EV480_10212022113802_4637109"
"2448296","Leviton Mfg Co., Inc.","Leviton","EV80W","EV80W",,,"Level 2","80","240","19.2","1","18","6",,,"No",,,,,,,,,"Yes","Wi-Fi or Gigabit Ethernet","2.78","3.6","0.27","3.06","3.6","0.28","7.11","35.6","0.31","56.6","19.92","15.59","7.8",,,,,,,,,,,,,,"03/24/2023","03/24/2023","United States, Canada","ES_1042248_EV80W_02232023094034_3393518"
"2452841","Leviton Mfg Co., Inc.","Leviton","EV800","EV800",,,"Level 2","80","240","19.2","1","18","6",,,"No",,,,,,,,,"Yes","Wi-Fi or Gigabit Ethernet","2.62","3.6","0.27","3.01","3.6","0.28","6.68","35.6","0.31","53.8","14.7","18","10.2",,,,,,,,,,,,,,"03/29/2023","03/29/2023","United States, Canada","ES_1042248_EV800_02222023175558_8126336"
"2452917","Leviton Mfg Co., Inc.","Leviton","EV48S","EV48S","EV48S-F",,"Level 2","48","240","11.52","1","18","7","7.93","71.3","No",,,,,,,,,"Yes","Wi-Fi or Gigabit Ethernet,Cellular","4.26","5.43","0.3","4.57","5.43","0.31","5.32","24.63","0.33","22.52","16.37","14.57","12.22",,,,,,,,,,,,,,"03/31/2023","03/31/2023","United States, Canada","ES_1042248_EV48S_03162023152237_525628"
"2452918","Leviton Mfg Co., Inc.","Leviton","EV80S","EV80S","EV80S-F",,"Level 2","80","240","19.2","1","18","6","7.93","73.4","No",,,,,,,,,"Yes","Wi-Fi or Gigabit Ethernet,Cellular","4.24","5.43","0.3","4.47","5.43","0.31","8.5","37.43","0.37","48.22","25.73","24.2","23.5",,,,,,,,,,,,,,"03/31/2023","03/31/2023","United States, Canada","ES_1042248_EV80S_03162023152651_2131463"
"3477774","Leviton Mfg Co., Inc.","Leviton","EV40P","EV40P",,,"Level 2","40","240","9.6","1","25","9",,,"No",,,,,,,"Radio Frequency Identification (RFID)",,"Yes","Wi-Fi or Gigabit Ethernet","2.59","6.5","0.32","2.64","6.5","0.32","2.84","22.5","0.29","9.12","10.45","11.62","11.72",,,,,,,,,,,,,,"05/09/2024","05/09/2024","United States, Canada","ES_1042248_EV40P_04112024213714_5887719"
"3477776","Leviton Mfg Co., Inc.","Leviton","EV48G","EV48G",,,"Level 2","48","240","11.52","1","25","8",,,"No",,,,,,,"Radio Frequency Identification (RFID)",,"Yes","Cellular","2.71","7.5","0.28","2.93","7.5","0.29","3.55","26.7","0.32","6.35","9.02","10.33","10.78",,,,,,,,,,,,,,"05/09/2024","05/09/2024","United States, Canada","ES_1042248_EV48G_04302024094640_7972223"
"3477777","Leviton Mfg Co., Inc.","Leviton","EV80G","EV80G",,,"Level 2","80","240","19.2","1","25","6",,,"No",,,,,,,"Radio Frequency Identification (RFID)",,"Yes","Cellular","2.63","7.5","0.28","2.68","7.5","0.28","6.64","39.5","0.32","4.68","18.82","20","20.36",,,,,,,,,,,,,,"05/09/2024","05/09/2024","United States, Canada","ES_1042248_EV80G_04302024132552_3976556"
"3845307","Leviton Mfg Co., Inc.","Leviton","EV48S-DP","EV48S-DP","EV48S-CL1; EV48S-CL5; EV48S-EDP; EV48S-SW1; EV48S-SW5; EV48S-XDP",,"Level 2","96","240","23.04","2","25","8","21.52","120","No",,,,,,,"High Resolution Display,Radio Frequency Identification (RFID)",,"Yes","Wi-Fi or Gigabit Ethernet,Cellular","5.29","7.1","0.36","5.31","7.1","0.36","5.88","26.3","0.37","198.29","83.29","30.85","13.25",,,,,,,,,,,,,,"12/11/2025","12/11/2025","United States, Canada","ES_1042248_EV48S-DP_12092024135910_6020471"
"2398305","Light Efficient Design","breezEV","EVC-L2-48A-L1-X-4G-D","EVC-L2-48A-L1-X-4G-D",,,"Level 2","48","240","11.52","1","18","7","7.93",,"No",,,,,,,,,"Yes","Wi-Fi or Gigabit Ethernet,Cellular","3.78","4.43","0.28","3.84","4.43","0.29","5.23","23.63","0.33","78.9","33.7","10.5","4",,,,,,,,,,,,,,"04/19/2022","04/19/2022","United States, Canada","ES_1116899_EVC-L2-48A-L1-1-4G-D_06302022180442_1006280"
"2407846","Light Efficient Design","breezEV","EVC-L2-S48-18","EVC-L2-S48-18",,,"Level 2","48","240","11.52","1","18","8",,,"No",,,,,,,,,"No","None","1.36","2.6","0.23","1.45","2.6","0.24","4.18","21.8","0.32","95","64.7","5.1","4.4",,,,,,,,,,,,,,"02/03/2023","02/03/2023","United States, Canada","ES_1116899_EVC-L2-S48-18_01092023202352_7529107"
"2679764","Light Efficient Design","breezEV","EVC-L2-P80-XX-YYY-ZZZZZ","EVC-L2-P80-XX-YYY-ZZZZZ",,,"Level 2","80","240","19.2","1","25","6","7.93","98.3","No",,,,,,,"Radio Frequency Identification (RFID)",,"Yes","Cellular","3.47","8.34","0.3","3.52","8.34","0.3","6.3","40.34","0.33","50.6","43.6","36.2","26.4",,,,,,,,,,,,,,"10/10/2023","10/10/2023","United States, Canada","ES_1116899_EVC-L2-P80-XX-YYY-ZZZZZ_09262023184711_1813012"
"2349092","Lite-On Technology Corporation","Lite-On Technology Corp","IC3-32A-H","IC3-32A-H","IC3-32A-N; SC3-32A-H; SC3-32A-N",,"Level 2","32","240","7.68","1","25","10",,,"No",,,,,,,,,"Yes","Wi-Fi or Gigabit Ethernet","3.48","5","0.25","3.53","5","0.25","6.03","17.8","0.3","82.49","73.92","22.25","6.96",,,,,,,,,,,,,,"11/18/2020","11/18/2020","United States, Canada","ES_1019645_IC3-32A-H_10292019181744_3064965"
"2381611","Lite-On Technology Corporation","Lite-On","EX-1193-1","EX-1193-1","EX-1193-5,EX-1193-5",,"Level 2","80","240","19.2","1","24","6",,,"No",,,,,,,,,"Yes","Wi-Fi or Gigabit Ethernet","4.33","7.5","0.32","4.79","7.5","0.34","7.63","39.5","0.4","247.32","48.98","25.43","18.27",,,,,,,,,,,,,,"06/11/2021","06/11/2021","United States, Canada","ES_1019645_EX-1193-1A13_061520210939596_5615964"
"2392624","Lite-On Technology Corporation","LITE-ON Technology Corporation","W1-UC166-0TH1ER","W1-UC166-0TH1ER",,,"Level 2","48","240","11.52","1","24","9","10.94",,"No","No",,,,,,"High Resolution Display,Radio Frequency Identification (RFID)","None","Yes","Wi-Fi or Gigabit Ethernet","4.71","7.59","0.25","4.74","7.59","0.25","9.07","26.88","0.37","165.51","77.93","35.59","24.42",,,,,,,,,,,,,,"12/03/2021","12/03/2021","United States, Canada","ES_1019645_W1-UC166-0TH1ER_020220221111943_7434553"
"2395298","Lite-On Technology Corporation","LITE-ON Technology Corporation","BC3-40A-H","BC3-40A-H","BC3-32A-H; BC3-32A-N; BC3-40A-N",,"Level 2","40","240","9.6","1","25","10",,,"No","No",,,,,,,,"No","None","1.68","4","0.18","1.8","4","0.19","4.57","20","0.32","132.23","75.92","21.52","5.5",,,,,,,,,,,,,,"05/03/2022","05/03/2022","United States, Canada","ES_1019645_BC3-40A-H _042720221842570_3273993"
"2395391","Lite-On Technology Corporation","LITE-ON Technology Corporation","W1-UC16A-00H1ER","W1-UC16A-00H1ER","W1-UC166-00H1ER; W1-UC168-00H1ER; W1-UC168-00J1E0",,"Level 2","48","240","11.52","1","29","8",,,"No","No",,,,,,,,"Yes","Wi-Fi or Gigabit Ethernet","3.29","3.6","0.19","3.56","3.6","0.21","7.66","22.8","0.34","149.81","61.99","21.07","8.6",,,,,,,,,,,,,,"05/03/2022","05/03/2022","United States, Canada","ES_1019645_W1-UC16A-00H1ER_042520222223446_1399374"
"2395398","Lite-On Technology Corporation","LITE-ON Technology Corporation","IC3-40A-H","IC3-40A-H","IC3-40A-N; SC3-40A-H; SC3-40A-N",,"Level 2","40","240","9.6","1","25","10",,,"No","No",,,,,,,,"Yes","Wi-Fi or Gigabit Ethernet","3.43","5","0.26","3.55","5","0.27","6.1","21","0.34","133.45","76.65","22.54","6.72",,,,,,,,,,,,,,"05/03/2022","05/03/2022","United States, Canada","ES_1019645_IC3-40A-H _042720221919447_9868584"
"2406244","Lite-On Technology Corporation","LITE-ON Technology Corporation","EX-1193-1-48","EX-1193-1-48","EX-1193-3-48; EX-1193-5-48",,"Level 2","48","240","11.52","1","24","8",,,"No","No",,,,,,,,"No","None","3.44","3.6","0.26","3.42","3.6","0.26","8.04","22.8","0.35","118.99","50.27","17.43","7.56",,,,,,,,,,,,,,"12/22/2022","12/22/2022","United States, Canada","ES_1019645_EX-1193-1-48_122020222052920_9268919"
"2407947","Lite-On Technology Corporation","Lite-On","EX-1193-M","EX-1193-M","EX-1193-E,EX-1193-E",,"Level 2","80","240","19.2","1","24","6",,,"No","No",,,,,,"PLC Board (ISO 15118),Radio Frequency Identification (RFID)",,"Yes","Wi-Fi or Gigabit Ethernet","4.63","7.5","0.3","4.73","7.5","0.3","5.95","39.5","0.33","255.93","49.09","25.82","18.65",,,,,,,,,,,,,,"02/07/2023","02/07/2023","United States, Canada","ES_1019645_EX-1193-M_020220230020120_3968573"
"2422853","Lite-On Technology Corporation","LITE-ON Technology Corporation","W1-UC168-00B1F0","W1-UC168-00B1F0",,,"Level 2","48","240","11.52","1","24","8/9",,,"No","No",,,,,,"None",,"No","None","1.85","4","0.13","1.78","4","0.12","3.6","23.2","0.23","166.34","72.63","29.83","16.76",,,,,,,,,,,,,,"03/15/2023","03/15/2023","United States, Canada","ES_1019645_W1-UC168-00B1F0_030920231956748_9065041"
"2422854","Lite-On Technology Corporation","LITE-ON Technology Corporation","W1-UC168-0MK1ER","W1-UC168-0MK1ER","W1-UC168-0MF1FR,W1-UC168-0MF1FR (ADV+ 48A)",,"Level 2","48","240","11.52","1","24","8/9",,,"No","No",,,,,,"PLC Board (ISO 15118),Radio Frequency Identification (RFID)",,"Yes","Wi-Fi or Gigabit Ethernet","4.52","7.5","0.26","4.53","7.5","0.26","6.17","26.7","0.32","170.89","78.09","35.61","23.25",,,,,,,,,,,,,,"03/09/2023","03/09/2023","United States, Canada","ES_1019645_W1-UC168-0MK1ER_030920232014428_5425833"
"2668238","Lite-On Technology Corporation","LITE-ON Technology Corporation","W1-UC168-0ML1EP","W1-UC168-0ML1EP","W1-UC168-0MJ1EP,W1-UC168-0MJ1EP",,"Level 2","48","240","11.52","1","25","8/9","0",,"No","No",,,,,,"PLC Board (ISO 15118),Credit Card Reader",,"Yes","Wi-Fi or Gigabit Ethernet","3.92","11","0.23","4.49","11","0.23","5.6","30.2","0.29","175.41","80.39","38.28","25.49",,,,,,,,,,,,,,"09/26/2023","09/26/2023","United States, Canada","ES_1019645_W1-UC168-0ML1EP_092220230211492_5017418"
"2668592","Lite-On Technology Corporation","Lite-On Technology Corp","Charging Station","EX-1193-H, EX-1193-K","EX-1193-K",,"Level 2","80","240","19.2","1","23","6",,,"No",,,,,,,,,"Yes","Wi-Fi or Gigabit Ethernet,Cellular","0.1","12.5","6.78","0.11","12.5","6.81","0.13","44.5","15.4","-273.8",,,,,,,,,,,,,,,,,"09/06/2023","09/06/2023","United States, Canada","ES_1019645_EX-1193-H_09202023173544_1010101"
"2670603","Lite-On Technology Corporation","Lite-On","EX-1193-MFD-80","EX-1193-MFD-80",,,"Level 2","80","240","19.2","1","25","6","10.48","236","No","No",,,,,,"High Resolution Display,PLC Board (ISO 15118),Radio Frequency Identification (RFID)",,"No","None","5.96","8.65","0.36","6.15","8.65","0.37","7.45","40.65","0.41","232.71","39.38","15.02","7.6",,,,,,,,,,,,,,"10/04/2023","10/04/2023","United States, Canada","ES_1019645 _EX-1193-MFD-80_092820230641489_1937899"
"3436194","Lite-On Technology Corporation","Lite-On","EX-1193-MFD-48","EX-1193-MFD-48",,,"Level 2","48","240","11.52","1","25","9","8.65","550.8","No","No",,,,,,"High Resolution Display,PLC Board (ISO 15118),Radio Frequency Identification (RFID)",,"Yes","Wi-Fi or Gigabit Ethernet","6.74","8.57","0.29","6.52","8.57","0.29","8.93","23.77","0.3","152.49","68.41","30.68","18.55",,,,,,,,,,,,,,"04/11/2024","04/11/2024","United States, Canada","ES_1019645_EX-1193-MFD-48_030820240213648_5215916"
"3626774","Lite-On Technology Corporation","LITE-ON Technology Corporation","W1-UC168-0MF1F0","W1-UC168-0MF1F0",,,"Level 2","48","240","11.52","1","24","8/9",,,"No","No",,,,,,,,"Yes","Wi-Fi or Gigabit Ethernet","4.84","5","0.26","4.98","5","0.27","6.74","24.2","0.33","169.77","75.94","34.43","21.71",,,,,,,,,,,,,,"03/15/2023","03/15/2023","United States, Canada","ES_1019645_W1-UC168-0MF1F0 (SC 48A)_082020240748672_4129620"
"4000178","Lite-On Technology Corporation","LITE-ON Technology Corporation","W1-UC168-00M1E0","W1-UC168-00M1E0",,,"Level 2","48","240","11.52","1","24","9",,,"No",,,,,,,"None",,"Yes","Wi-Fi or Gigabit Ethernet","3.01","5","0.18","3.11","5","0.19","5.1","24.2","0.26","151.22","70.13","32.35","20.31",,,,,,,,,,,,,,"03/14/2025","03/14/2025","United States, Canada","ES_1019645_W1-UC168-00M1E0_030420250304759_4568569"
"4611154","Lite-On Technology Corporation","Lite-On","EX-1193-8","EX-1193-8",,,"Level 2","80","240","19.2","1","24","6",,,"No","No",,,,,,"None","None","No","None","1.51","4","0.17","1.41","4","0.17","2.95","36","0.24","243.35","44.11","20.04","12.88",,,,,,,,,,,,,,"05/08/2026","05/08/2026","United States, Canada","ES_1019645_EX-1193-8_04222026071314_1583598"
"4611174","Lite-On Technology Corporation","Lite-On","EX-1193-T","EX-1193-T",,,"Level 2","80","240","19.2","1","24","6",,,"No","No",,,,,,"PLC Board (ISO 15118)",,"Yes","Wi-Fi or Gigabit Ethernet","4.04","6","0.28","4.06","6","0.28","5.19","38","0.31","251.74","49.33","24.9","17.57",,,,,,,,,,,,,,"05/08/2026","05/08/2026","United States, Canada","ES_1019645_EX-1193-T_042220260623444_4141157"
"4653134","Lite-On Technology Corporation","Lite-On","EX-1193-3","EX-1193-3",,,"Level 2","80","240","19.2","1","24","6",,,"No",,,,,,,,,"Yes","Wi-Fi or Gigabit Ethernet","3.9","6","0.31","4.5","6","0.34","7.2","38","0.4","242.66","47.41","24.77","17.65",,,,,,,,,,,,,,"06/15/2026","06/15/2026","United States, Canada","ES_1019645_EX-1193-3_060920260742461_2656105"
"4667434","Lite-On Technology Corporation","LITE-ON Technology Corporation","W1-UC367-00D200","W1-UC367-00D200",,,"Level 2","48","240","11.52","1","24","9",,,"No","No",,,,,,"None","None","Yes","Wi-Fi or Gigabit Ethernet","2.1","5","0.13","2.14","5","0.14","3.28","24.2","0.2","154.02","68.81","29.59","18.11",,,,,,,,,,,,,,"07/09/2026","07/09/2026","United States, Canada","ES_1019645_W1-UC367-00D200_120320250944610_7476777"
"2494966","Longhorn Intelligent Tech Co., Ltd","Longhorn","ECA-NC4802S-**##","ECA-NC4802S-**##","ECA-NC3202S-**##.; ECA-NC4002S-**##",,"Level 2","48","240","11.52","1","25","8","7.93",,"No",,,,,,,,,"Yes","Wi-Fi or Gigabit Ethernet,Other LAN (Local Area Network),Cellular","4.34","4.41","0.31","4.17","4.41","0.3","6.28","23.61","0.28","9.9","8","5.2","4.8",,,,,,,,,,,,,,"05/19/2023","05/19/2023","United States, Canada","ES_1149087_ECA-NC4802S-**##_05062023104925_4194146"
"3531010","Longhorn Intelligent Tech Co., Ltd","Longhorn","ECA-NH4806S-**##","ECA-NH4806S-**##","ECA-NH3206S-**##.; ECA-NH4006S-**##",,"Level 2","48","240","11.52","1","25","8",,,"No",,,,,,,"Radio Frequency Identification (RFID)",,"Yes","Wi-Fi or Gigabit Ethernet,Cellular","2.83","6.5","0.25","2.63","6.5","0.23","3.28","25.7","0.25","8.23","11.88","12.59","13.1",,,,,,,,,,,,,,"05/23/2024","05/23/2024","United States, Canada","ES_1149087_ECA-NH4806S-**##_01302024150935_9029809"
"3798646","Longhorn Intelligent Tech Co., Ltd","Longhorn","EV Charger","ECA-NC8002S-SG80**##",,,"Level 2","80","240","19.2","1","25","6","8.14","829.18","No","Yes","Open Charge Point Protocol (OCPP)","Wi-Fi","SAE J1772","NIST Cybersecurity Framework","Yes","High Resolution Display,PLC Board (ISO 15118),Radio Frequency Identification (RFID),Revenue Grade Meter","None","Yes","Cellular,Other LAN (Local Area Network),Wi-Fi or Gigabit Ethernet","9.31","9.6","0.25","9.52","9.6","0.25","9.26","41.6","0.25","44","20","22","13",,,,,,,,,,,,,,"11/11/2024","11/11/2024","United States, Canada","ES_1149087_ECA-NC8002S-SG80-**##_11132024103401_5659989"
"3798647","Longhorn Intelligent Tech Co., Ltd","Longhorn","EV Charger","ECA-NC8002S-DG40**##",,,"Level 2","40","240","9.6","2","25","9","8.14","826.47","No","Yes","Open Charge Point Protocol (OCPP)","Wi-Fi","SAE J1772","NIST Cybersecurity Framework","Yes","High Resolution Display,PLC Board (ISO 15118),Radio Frequency Identification (RFID),Revenue Grade Meter","None","Yes","Wi-Fi or Gigabit Ethernet,Other LAN (Local Area Network),Cellular","5.56","8.55","0.28","5.64","8.55","0.28","5.94","24.55","0.29","14","12","16","13.5",,,,,,,,,,,,,,"11/11/2024","11/11/2024","United States, Canada","ES_1149087_ECA-NC8002S-DG40**##_11132024103635_9091784"
"3798648","Longhorn Intelligent Tech Co., Ltd","Longhorn","EV Charger","ECA-NC8002S-DG80**##",,,"Level 2","80","240","19.2","2","25","6","8.14","812.79","No","Yes","Open Charge Point Protocol (OCPP)","Wi-Fi","SAE J1772","NIST Cybersecurity Framework","Yes","High Resolution Display,PLC Board (ISO 15118),Radio Frequency Identification (RFID),Revenue Grade Meter","None","Yes","Wi-Fi or Gigabit Ethernet,Other LAN (Local Area Network),Cellular","3.62","8.55","0.21","3.48","8.55","0.21","4.04","24.55","0.05","52.5","15.5","16","11.5",,,,,,,,,,,,,,"11/11/2024","11/11/2024","United States, Canada","ES_1149087_ECA-NC8002S-DG80**##_11132024103951_9030644"
"4514492","Longhorn Intelligent Tech Co., Ltd","Longhorn","ANC-8013S-SG##**100#","ANC-8013S-SG##**100#",,,"Level 2","80","240","19.2","1","25","6","8.15","523.4","No",,,,,,,"High Resolution Display,Radio Frequency Identification (RFID)",,"Yes","Cellular,Other LAN (Local Area Network),Wi-Fi or Gigabit Ethernet","7.37","7.5","0.16","7.36","7.5","0.19","12.66","39.5","0.24","223.22","47.7","25.12","16.66",,,,,,,,,,,,,,"11/11/2025","11/11/2025","United States, Canada","ES_1149087_ANC-8013S-SG##**100#_11062025160845_1462213"
"4514493","Longhorn Intelligent Tech Co., Ltd","Longhorn","ANC-8013S-DG##**10##","ANC-8013S-DG##**10##",,,"Level 2","160","240","38.4","2","25","6","8.15","523.4","No",,,,,,,"High Resolution Display,Radio Frequency Identification (RFID)",,"Yes","Cellular,Other LAN (Local Area Network),Wi-Fi or Gigabit Ethernet","4.17","7","0.18","5.01","7","0.21","6.53","71","0.24","324.49","39.99","21.79","10.29",,,,,,,,,,,,,,"11/11/2025","11/11/2025","United States, Canada","ES_1149087_ANC-8013S-DG##**10##_11062025154150_3254663"
"2359323","Loop Global Inc.","Loop Global Inc","EVS-32A-L2-001","EVS-32A-L2-001","EVS-32A-L2-002",,"Level 2","32","240","7.68","1","25","10",,,"No",,,,,,,,,"Yes","Wi-Fi or Gigabit Ethernet","3.48","3.6","0.25","3.53","3.6","0.25","6.03","16.4","0.3","82.49","73.92","22.25","6.96",,,,,,,,,,,,,,"05/03/2020","05/03/2020","United States","ES_1144467_EVS-32A-L2-001_05042020161546_8946783"
"2383711","Loop Global Inc.","Loop Global Inc","EVS-80A-L2-001","EVS-80A-L2-001","EVS-80A-L2-002",,"Level 2","80","240","19.2","1","24","6",,,"No","No",,,,,,,,"Yes","Wi-Fi or Gigabit Ethernet","3.53","3.6","0.26","3.52","3.6","0.27","7.98","35.6","0.36","200.02","33.07","13.1","7.12",,,,,,,,,,,,,,"08/25/2021","08/25/2021","United States","ES_1144467_EVS-80A-L2-001_082320211301618_2720381"
"2403877","Loop Global Inc.","Loop Global Inc","EVS-40A-L2-001","EVS-40A-L2-001","EVS-40A-L2-002",,"Level 2","40","240","9.6","1","25","10",,,"No","No",,,,,,,,"Yes","Wi-Fi or Gigabit Ethernet","3.43","3.6","0.26","3.55","3.6","0.27","6.1","19.6","0.34","133.45","76.65","22.54","5.49",,,,,,,,,,,,,,"10/31/2022","10/31/2022","United States, Canada","ES_1144467_EVS-40A-L2-001_102520221802300_5398595"
"4514567","Lynkwell","XLynk","LW102-AC80-G","LW102-AC80-G","LW102-AC80-N",,"Level 2","80","240","19.2","1","18","6",,,"No","No",,,,,,"Radio Frequency Identification (RFID),Revenue Grade Meter",,"Yes","Wi-Fi or Gigabit Ethernet","4.71","7.5","0.26","4.56","7.49","0.25","5.44","39.5","0.29","190.48","32.94","12.6","10.86",,,,,,,,,,,,,,"11/12/2025","11/12/2025","United States, Canada","ES_1150988_LW102-AC80-G_102820252046673_8501917"
"3627046","Maverick Energy Solutions International","MES","MES-AC48A01HW-U-BHSAEW4G","MES-AC48A01HW-U-BHSAEW4G",,,"Level 1/Level 2 Dual Input","16","120","1.92","1","16","8","8.15","244.7","No",,,,,,,,,"Yes","Wi-Fi or Gigabit Ethernet,Cellular","6.33","8.41","0.4","6.95","8.41","0.41","12.47","14.81","0.52","27",,"12","5","7.04","8.41","0.25","7.14","8.41","0.26","11.83","27.61","0.37","-93","-45","-18","17","09/05/2024","09/05/2024","United States, Canada","ES_1145609_MES-AC48A01HW-U-BHSAEW4G_09052024101905_4371454"
"3892452","Maverick Energy Solutions International","MES","EV Charger","MES-EV-LH-DG40",,,"Level 2","40","240","9.6","2","25","9","8.14","826.47","No","Yes","Open Charge Point Protocol (OCPP)","Wi-Fi","SAE J1772","NIST Cybersecurity Framework","Yes","High Resolution Display,PLC Board (ISO 15118),Radio Frequency Identification (RFID),Revenue Grade Meter","None","Yes","Wi-Fi or Gigabit Ethernet","5.56","8.55","0.25","5.64","8.55","0.28","5.94","24.55","0.29","14","12","16","13.5",,,,,,,,,,,,,,"01/06/2025","01/06/2025","United States, Canada","ES_1145609_MES-EV-LH-DG40_01072025124829_1346875"
"3892453","Maverick Energy Solutions International","MES","EV Charger","MES-EV-LH-DG80",,,"Level 2","80","240","19.2","2","25","6","8.14","812.79","No","Yes","Open Charge Point Protocol (OCPP)","Wi-Fi","SAE J1772","NIST Cybersecurity Framework","Yes","High Resolution Display,PLC Board (ISO 15118),Radio Frequency Identification (RFID),Revenue Grade Meter","None","Yes","Wi-Fi or Gigabit Ethernet","3.62","8.55","0.21","3.48","8.55","0.21","4.04","24.55","0.05","52.5","15.5","16","11.5",,,,,,,,,,,,,,"01/06/2025","01/06/2025","United States, Canada","ES_1145609_MES-EV-LH-DG80_01072025125307_6515686"
"3892454","Maverick Energy Solutions International","MES","EV Charger","MES-EV-LH-SG80",,,"Level 2","80","240","19.2","1","25","6","8.14","829.18","No","Yes","Open Charge Point Protocol (OCPP)","Wi-Fi","SAE J1772","NIST Cybersecurity Framework","Yes","High Resolution Display,PLC Board (ISO 15118),Radio Frequency Identification (RFID),Revenue Grade Meter","None","Yes","Wi-Fi or Gigabit Ethernet","9.31","9.6","0.25","9.52","9.6","0.25","9.26","41.6","0.25","44","20","22","13",,,,,,,,,,,,,,"01/06/2025","01/06/2025","United States, Canada","ES_1145609_MES-EV-LH-SG80_01072025125520_6894915"
"3998103","Maverick Energy Solutions International","MES","Electric Vehicle Supply Equipment","MES-EV-TS-5-DG40-WM-US-R, MES-EV-TS-5-DG40-WM-US-RG, MES-EV-TS-5-DG40-WM-US-RP, MES-EV-TS-5-DG40-WM-US-RGP, MES-EV-TS-5-DG80-WM-US-R, MES-EV-TS-5-DG80-WM-US-RG, MES-EV-TS-5-DG80-WM-US-RP, MES-EV-TS-5-DG80-WM-US-RGP,","MES-EV-TS-5L-DG40-WM-US-R, MES-EV-TS-5L-DG40-WM-US-RG, MES-EV-TS-5L-DG40-WM-US-RP, MES-EV-TS-5L-DG40-WM-US-RGP, MES-EV-TS-5L-DG80-WM-US-R, MES-EV-TS-5L-DG80-WM-US-RG, MES-EV-TS-5L-DG80-WM-US-RP, MES-EV-TS-5L-DG80-WM-US-RGP",,"Level 2","80","240","19.2","2","18","10","20.52","220","No","No",,,,,,"High Resolution Display,PLC Board (ISO 15118),Credit Card Reader,Radio Frequency Identification (RFID),Revenue Grade Meter,Speaker",,"Yes","Wi-Fi or Gigabit Ethernet","4.36","16.09","0.35","4.99","16.09","0.36","6.32","48.09","0.36","324.98","70.25","29.2","7.71",,,,,,,,,,,,,,"02/18/2025","02/18/2025","United States","ES_1145609_MES-EV-TS-5-DG40-WM-US-R_02182025100010_1010101"
"4617634","Maverick Energy Solutions International","MES","MES-EV-LH-SG80-01","MES-EV-LH-SG80-01","MES-EV-LH-SG40-01.",,"Level 2","80","240","19.2","1","25","6","8.15","523.4","No",,,,,,,"High Resolution Display,Radio Frequency Identification (RFID)",,"Yes","Cellular,Other LAN (Local Area Network),Wi-Fi or Gigabit Ethernet","7.37","7.5","0.16","7.36","7.5","0.19","12.66","39.5","0.24","223.22","47.7","25.12","16.66",,,,,,,,,,,,,,"11/11/2025","11/11/2025","United States, Canada","ES_1145609_MES-EV-LH-SG80-01,MES-EV-LH-SG40-01._05192026161144_5693933"
"4617654","Maverick Energy Solutions International","MES","MES-EV-LH-DG80-01","MES-EV-LH-DG80-01","MES-EV-LH-DG40-01.; MES-EV-LH-DG48-01",,"Level 2","160","240","38.4","2","25","6","8.15","523.4","No",,,,,,,"High Resolution Display,Radio Frequency Identification (RFID)",,"Yes","Cellular,Other LAN (Local Area Network),Wi-Fi or Gigabit Ethernet","4.17","7","0.18","5.01","7","0.21","6.53","71","0.24","324.49","39.99","21.79","10.29",,,,,,,,,,,,,,"11/11/2025","11/11/2025","United States, Canada","ES_1145609_MES-EV-LH-DG80-01,MES-EV-LH-DG48-01,MES-EV-LH-DG40-01._05192026155345_2626611"
"4498481","Mazda Motor of America, Inc. dba, Mazda North American Operations","MAZDA","KMV6-V7460","KMV6-V7460",,,"Level 2","48","240","11.52","1","26","6",,,"No","No",,,,,,,,"Yes","Wi-Fi or Gigabit Ethernet","2.81","3.6","0.37","2.94","3.6","0.37","5.03","22.8","0.45","136.72","56.29","18.07","5.93",,,,,,,,,,,,,,"09/10/2025","09/10/2025","United States, Canada","ES_1079655_KMV6-V7460_090920252132462_5256971"
"3531097","Micro-Star International Co., Ltd.","MSI","MS-XP01","MS-XP01","MS-XP01 32A,MS-XP01 32A","824142367155","Level 2","60","240","14.4","1","25","6","22.32","146","No",,,,,,,"High Resolution Display,Radio Frequency Identification (RFID)",,"Yes","Wi-Fi or Gigabit Ethernet","8.64","8.8","0.3","8.59","8.8","0.32","7.95","32.8","0.29","15.36","10.38","10.42","10.8",,,,,,,,,,,,,,"05/27/2024","05/27/2024","United States, Canada","ES_1047644_MS-XP01_051420240306670_8099257"
"4518574","Micro-Star International Co., Ltd.","MSI","MS-C802 48A","MS-C802 48A","MS-C802 32A,MS-C802 32A",,"Level 2","48","240","11.52","1","25","10","10.74","9.78","No",,,,,,,"High Resolution Display,Radio Frequency Identification (RFID)",,"Yes","Wi-Fi or Gigabit Ethernet","4.19","7.58","0.18","3.33","7.58","0.15","4.24","26.78","0.18","1.47","4.61","3.38","4.58",,,,,,,,,,,,,,"12/17/2025","12/17/2025","United States, Canada","ES_1047644_MS-C802 48A_101520251042712_6620084"
"4016500","Nanjing Dianrui New Energy Technology Co., Ltd.","Enerouter","CPL2-TU14H*","CPL2-TU14H*",,,"Level 2","40","240","9.6","1","25","9",,,"No",,,,,,,"None",,"Yes","Wi-Fi or Gigabit Ethernet","2.21","5","0.25","2.09","5","0.24","3.06","21","0.26","150.45","92.26","23.57","4.52",,,,,,,,,,,,,,"05/02/2025","05/02/2025","United States, Canada","ES_1150849_CPL2-TU14H*_04282025110438_3607446"
"3554086","Nanjing SP-NICE Technology Development Co., LTD","SP·NICE,","NS240V/32AUS-H01R001","NS240V/32AUS-H01R001","NS240V/32AUS-C01R001; NS240V/32AUS-C01R002; NS240V/32AUS-H01R002; NS240V/40AUS-C01R001; NS240V/40AUS-C01R002; NS240V/40AUS-H01R001; NS240V/40AUS-H01R002; NS240V/48AUS-C01R001; NS240V/48AUS-C01R002.; NS240V/48AUS-H01R001; NS240V/48AUS-H01R002",,"Level 2","48","240","11.52","1","18","8",,,"No",,,,,,,,,"Yes","Wi-Fi or Gigabit Ethernet","3.56","3.6","0.07","3.5","3.6","0.76","13.65","22.8","0.38","157.7","24.2","20.1","4",,,,,,,,,,,,,,"02/22/2023","02/22/2023","United States, Canada","ES_1150925_NS240V/32AUS-H01R001_07102024114608_1117364"
"3463025","Ningbo EverFlourish Smart Technology Corp., Ltd.","DeWalt","DXPAEV040","DXPAEV040",,,"Level 2","40","240","9.6","1","25","8",,,"No",,,,,,,,,"Yes","Wi-Fi or Gigabit Ethernet","3.35","5","0.08","3.39","5","0.08","7.59","21","0.17","80.95","48.74","17.87","8.52",,,,,,,,,,,,,,"04/29/2024","04/29/2024","United States, Canada","ES_1149960_DXPAEV040_04282024092117_6566736"
"3463026","Ningbo EverFlourish Smart Technology Corp., Ltd.","DeWalt","DXPAEV048","DXPAEV048",,,"Level 2","48","240","11.52","1","25","8",,,"No",,,,,,,,,"Yes","Wi-Fi or Gigabit Ethernet","3.34","5","0.08","3.39","5","0.08","7.66","24.2","0.17","116.06","47.68","17.9","8.63",,,,,,,,,,,,,,"04/29/2024","04/29/2024","United States, Canada","ES_1149960_DXPAEV048_04282024092854_7518731"
"4511180","Ningbo EverFlourish Smart Technology Corp., Ltd.","DeWalt","DXPAEV0##CP-***","DXPAEV0##CP-***",,,"Level 2","48","240","11.52","1","20","8",,,"No",,,,,,,"None",,"Yes","Wi-Fi or Gigabit Ethernet","2.68","5","0.21","2.35","5","0.19","4.7","24.2","0.26","107.87","44.96","15.44","5.76",,,,,,,,,,,,,,"10/10/2025","10/10/2025","United States, Canada","ES_1149960_DXPAEV0##CP-***_09092025163004_4787103"
"3627204","Ningbo Goneo New Energy Technology Co., Ltd.","GONEO","D3U-B48B","D3U-B48B",,,"Level 2","48","240","11.52","1","25","8",,,"No",,,,,,,"Radio Frequency Identification (RFID)",,"Yes","Wi-Fi or Gigabit Ethernet","3.02","6.5","0.09","3.07","6.5","0.09","3.25","25.7","0.09","58.11","23.68","9.03","3.69",,,,,,,,,,,,,,"09/11/2024","09/11/2024","United States, Canada","ES_1150417_D3U-B48B_09102024210853_2803308"
"3627205","Ningbo Goneo New Energy Technology Co., Ltd.","GONEO","D3U-B40B","D3U-B40B",,,"Level 2","40","240","9.6","1","25","8",,,"No",,,,,,,"Radio Frequency Identification (RFID)",,"Yes","Wi-Fi or Gigabit Ethernet","3.04","6.5","0.09","3.21","6.5","0.09","3.34","22.5","0.09","40.93","23.66","8.99","3.71",,,,,,,,,,,,,,"09/11/2024","09/11/2024","United States, Canada","ES_1150417_D3U-B40B_09102024204306_6363336"
"3892417","Ningbo Yiwei New Energy Technology Co., LTD","Yiwei","EV-SAE-AC16-P","EV-SAE-AC16-P","EV-SAE-AC32-P; EV-SAE-AC40-P; EV-SAE-AC48-P",,"Level 2","48","240","11.52","1","25","8","8.56","120","No",,,,,,,"High Resolution Display,Radio Frequency Identification (RFID)",,"Yes","Wi-Fi or Gigabit Ethernet","3.45","7.41","0.16","3.3","7.41","0.15","5.85","26.61","0.22","156.76","64.41","21.82","6.29",,,,,,,,,,,,,,"01/06/2025","01/06/2025","United States, Canada","ES_1151529_EV-SAE-AC16-P_12242024161701_7299920"
"3999639","Ningbo Zhenjia Electric Co., LTD","ZHEN JIA","ZJ-EV32A","ZJ-EV32A","ZJ-EV40A",,"Level 2","40","240","9.6","1","25","8",,,"No",,,,,,,,,"No","None","1.6","4","0.25","1.69","4","0.25","2.88","20","0.29","97.18","56.76","17.21","4.13",,,,,,,,,,,,,,"03/11/2025","03/11/2025","United States, Canada","ES_1149963_ZJ-EV32A_03072025162451_7093927"
"4529100","Nlightend Smart Tech.Co.,Ltd","NECS","NECS-ACW-11.5-1-US-####","NECS-ACW-11.5-1-US-####","NECS-ACW-7-1-US-####; NECS-ACW-9.6-1-US-####",,"Level 2","48","240","11.52","1","25","7","10.47","250","No",,,,,,,"High Resolution Display,Radio Frequency Identification (RFID)",,"Yes","Wi-Fi or Gigabit Ethernet,Cellular","2.93","7.65","0.39","2.93","7.65","0.39","3.87","26.85","0.38","155.11","60.9","18.78","5.08",,,,,,,,,,,,,,"01/19/2026","01/19/2026","United States, Canada","ES_1149513_NECS-ACW-11.5-1-US-####_01292026140811_8788415"
"2353004","Nuvve Corporation","NUVVE POWERPORT","PowerPort Neo","EVSE-B-P1-H1",,,"Level 1/Level 2 Dual Input","80","240","19.2","1","20","2",,,"No",,,,,,,,,"Yes","Wi-Fi or Gigabit Ethernet","3.11","3.6","0.96","3.17","3.6","0.97","3.2","10","0.94","15.08",,"14.41","5.69","3.37","3.6","0.72","3.42","3.6","0.72","3.46","35.6","0.72","-266.79","-41.36","-14.76","6.37","01/08/2020","01/08/2020","United States, Canada","ES_1144133_EVSE-B-P1-H1_01082020102005_1010101"
"2404557","OpConnect, Inc","OpConnect","OC-IC3-32A-H","OC-IC3-32A-H","OC-SC3-32A-N",,"Level 2","32","240","7.68","1","25","10",,,"No",,,,,,,,,"Yes","Wi-Fi or Gigabit Ethernet","3.48","3.6","0.25","3.53","3.6","0.25","6.03","16.4","0.3","82.49","73.92","22.25","6.95",,,,,,,,,,,,,,"11/15/2022","11/15/2022","United States, Canada","ES_1142443_OC-IC3-32A-H_111120221950863_2315457"
"3436207","OpConnect, Inc","OpConnect Inc","IC80","IC80","SC80",,"Level 2","80","240","19.2","1","24","6",,,"No","No",,,,,,,,"Yes","Wi-Fi or Gigabit Ethernet","3.53","3.6","0.26","3.52","3.6","0.27","7.98","35.6","0.36","200.11","33.07","13.1","7.12",,,,,,,,,,,,,,"04/11/2024","04/11/2024","United States, Canada","ES_1142443_IC80_040520241823943_1663518"
"4610054","OpConnect, Inc","OpConnect","HCS","HCS-40-N",,,"Level 2","32","240","7.68","1","25","10",,,"No",,,,,,,"None",,"Yes","Cellular","5.7","6","0.44","5.8","6","0.44","8.8","18.8","0.58","100.4","88.5","31","10.53",,,,,,,,,,,,,,"04/29/2026","04/29/2026","United States, Canada","ES_1142443_HCS-40-N_05052026050010_1010101"
"4510102","Orange Charger","Orange Charger","Orange EVSE","920160","Orange EVSE,920140",,"Level 2","48","240","11.52","1","25","8",,,"No",,,,,,,"None",,"Yes","Wi-Fi or Gigabit Ethernet,Cellular","3.4","5","0.44","3.3","5","0.44","6","24.2","0.62","155.47","63.06","21.43","7.08",,,,,,,,,,,,,,"09/17/2025","09/17/2025","United States","ES_1152532_920160_09232025014810_1010101"
"3543512","ORANGEQ SOLUTIONS CO.","MUSTART","MT-AABGST4NOP-48A23FT-AT","MT-AABGST4NOP-48A23FT-AT",,,"Level 2","48","240","11.52","1","23","8",,,"No",,,,,,,"Radio Frequency Identification (RFID)",,"No","None","1.74","5.5","0.34","1.75","5.5","0.33","2.13","24.7","0.32","37.2","28","22.5","21.7",,,,,,,,,,,,,,"06/17/2024","06/17/2024","United States, Canada","ES_1150519_MT-AABGST4NOP-48A23FT-AT_05312024102250_612146"
"3555271","ORANGEQ SOLUTIONS CO.","MUSTART","MT-16A/25A/32A/40A","MT-16A/25A/32A/40A","MT-AASJDT1N1450-40A25FT; MT-AASJDT1N1450-40A25FT-AT",,"Level 2","40","240","9.6","1","25","8",,,"No",,,,,,,,,"No","None","1.17","4","0.29","1.16","4","0.29","1.43","20","0.25","12.2","8.7","5.7","4.9",,,,,,,,,,,,,,"07/24/2024","07/24/2024","United States, Canada","ES_1150519_MT-16A/25A/32A/40A_06212024140738_1411249"
"2788121","Parassol IoT LLC dba Parasol Elite Power","Parasol Elite Power","UEVC1L-4810-RLW-PEP","UEVC1L-4810-RLW-PEP","UEVC1L-3210-RLW-PEP.; UEVC1L-4010-RLW-PEP",,"Level 2","48","240","11.52","1","15","8",,,"No",,,,,,,"Radio Frequency Identification (RFID)",,"Yes","Wi-Fi or Gigabit Ethernet","4.55","6.5","0.32","4.03","6.5","0.3","5.96","25.7","0.34","63.1","41.3","14","4.8",,,,,,,,,,,,,,"10/31/2023","10/31/2023","United States, Canada","ES_1149823_UEVC1L-4810-RLW-PEP_11172023222904_2681695"
"2453314","Pass & Seymour/Legrand","Legrand","L2EVSE48AC","L2EVSE48AC",,,"Level 2","48","240","11.52","1","25","7",,,"No",,,,,,,,,"No","None","0.83","4","0.16","0.9","4","0.17","1.48","23.2","0.18","80.6","66.4","37.6","23.9",,,,,,,,,,,,,,"04/14/2023","04/14/2023","United States, Canada","ES_21631_L2EVSE48AC_03212023172619_4950372"
"2538331","Pass & Seymour/Legrand","Legrand","L2EVSE40ACP1450","L2EVSE40ACP1450",,,"Level 2","40","240","9.6","1","18","6",,,"No",,,,,,,,,"No","None","0.96","2.6","0.17","1.01","2.6","0.18","1.26","18.6","0.16","111.1","84.8","47.4","26.3",,,,,,,,,,,,,,"06/26/2023","06/26/2023","United States, Canada","ES_21631_L2EVSE40ACP1450_06202023135844_2174493"
"2389562","PHIHONG TECHNOLOGY CO.,LTD.","PHIHONG","ELECTRIC","AXLU111001D","AXLU111001W",,"Level 2","48","240","11.52","1","18","7","10.77","295.2","No",,,"Wi-Fi","SAE J1772",,"No",,,"Yes","Wi-Fi or Gigabit Ethernet,Cellular","1.21","4.81","0.33","4.27","4.81","0.33","6.53","24","0.37","10","4","2","1",,,,,,,,,,,,,,"12/06/2021","12/06/2021","United States","ES_1145794_AXLU111001D_121520211800_1010101"
"2395767","PHIHONG TECHNOLOGY CO.,LTD.","noodoe","ELECTRIC VEHICLE SUPPLY EQUIPMENT","AC11P","AC11P Exceed",,"Level 2","48","240","11.52","1","18","7","10.77","295.2","No",,,,,,,,,"Yes","Wi-Fi or Gigabit Ethernet,Cellular","4.27","4.81","0.33","4.27","4.27","0.33","6.53","24.89","0.36","10","4","2","1",,,,,,,,,,,,,,"05/03/2022","05/03/2022","United States","ES_1145794_AC11P_05112022161152_1010101"
"3543470","PointGuard Energy Inc.","PointGuard","PG EVAC 9.6 WI T1 N6 WH","PG EVAC 9.6 WI T1 N6 WH",,,"Level 2","40","240","9.6","1","25","10",,,"No",,,,,,,"None",,"Yes","Wi-Fi or Gigabit Ethernet","1.97","5","0.1","2.47","5","0.12","2.98","21","0.14","153","91","30","4",,,,,,,,,,,,,,"06/12/2024","06/12/2024","United States, Canada","ES_1150725_PG EVAC 9.6 WI T1 N6 WH_06042024100151_8789789"
"3543481","PointGuard Energy Inc.","PointGuard","PG EVAC 9.6 WI TS N6 WH","PG EVAC 9.6 WI TS N6 WH",,,"Level 2","40","240","9.6","1","25","10",,,"No",,,,,,,"None",,"Yes","Wi-Fi or Gigabit Ethernet","2.19","5","0.12","2.44","5","0.13","3.08","21","0.16","132","50","23","7",,,,,,,,,,,,,,"06/13/2024","06/13/2024","United States, Canada","ES_1150725_PG EVAC 9.6 WI TS N6 WH_06122024111111_5992853"
"3543482","PointGuard Energy Inc.","PointGuard","PG EVAC 9.6 WI T1 N14 WH","PG EVAC 9.6 WI T1 N14 WH",,,"Level 2","40","240","9.6","1","25","10",,,"No",,,,,,,"None",,"Yes","Wi-Fi or Gigabit Ethernet","1.97","5","0.1","2.47","5","0.12","2.98","21","0.14","153","91","30","4",,,,,,,,,,,,,,"06/13/2024","06/13/2024","United States, Canada","ES_1150725_PG EVAC 9.6 WI T1 N14 WH_06042024173058_9350244"
"3543483","PointGuard Energy Inc.","PointGuard","PG EVAC 9.6 WI TS N14 WH","PG EVAC 9.6 WI TS N14 WH",,,"Level 2","40","240","9.6","1","25","10",,,"No",,,,,,,"None",,"Yes","Wi-Fi or Gigabit Ethernet","2.19","5","0.12","2.44","5","0.13","3.08","21","0.16","132","50","23","7",,,,,,,,,,,,,,"06/13/2024","06/13/2024","United States, Canada","ES_1150725_PG EVAC 9.6 WI TS N14 WH_06062024161559_6621515"
"3543484","PointGuard Energy Inc.","PointGuard","PG EVAC 11.5 WI T1 WH","PG EVAC 11.5 WI T1 WH",,,"Level 2","48","240","11.52","1","25","9",,,"No",,,,,,,"None",,"Yes","Wi-Fi or Gigabit Ethernet","2.2","5","0.08","2.62","5","0.09","3.23","24.2","0.12","198","84","26","4",,,,,,,,,,,,,,"06/13/2024","06/13/2024","United States, Canada","ES_1150725_PG EVAC 11.5 WI T1 WH_06122024132801_5844079"
"3543485","PointGuard Energy Inc.","PointGuard","PG EVAC 11.5 WI TS WH","PG EVAC 11.5 WI TS WH",,,"Level 2","48","240","11.52","1","25","9",,,"No",,,,,,,"None",,"Yes","Wi-Fi or Gigabit Ethernet","2.15","5","0.12","2.63","5","0.14","3.16","24.2","0.17","164","68","19","5",,,,,,,,,,,,,,"06/13/2024","06/13/2024","United States, Canada","ES_1150725_PG EVAC 11.5 WI TS WH_06122024135050_5174066"
"4680214","Polaron Energy Corp.","PIONPOWER","EFAC40NA11","EFAC40NA11","EFAC40NA12",,"Level 2","40","240","9.6","1","22","8",,,"No",,,,,,,"None","None","Yes","Wi-Fi or Gigabit Ethernet","1.82","5","0.35","1.82","5","0.35","3.66","21","0.38","95.41","54.41","16.29","4.71",,,,,,,,,,,,,,"07/28/2026","07/28/2026","United States, Canada","ES_1155393_EFAC40NA11_07282026103528_9935113"
"4680234","Polaron Energy Corp.","PIONPOWER","EFAC32NA11","EFAC32NA11","EFAC32NA12",,"Level 2","32","240","7.68","1","22","10",,,"No",,,,,,,"None","None","Yes","Wi-Fi or Gigabit Ethernet","1.75","5","0.34","1.76","5","0.34","3.3","17.8","0.36","83.88","74.3","21.53","4.86",,,,,,,,,,,,,,"07/28/2026","07/28/2026","United States, Canada","ES_1155393_EFAC32NA11_07282026102955_182306"
"3391666","PortFi, LLC","PortFi","PORTFI40A@240V/RF/4G","PORTFI40A@240V/RF/4G",,,"Level 2","40","240","9.6","1","25","8",,,"No",,,,,,,"Radio Frequency Identification (RFID)",,"Yes","Wi-Fi or Gigabit Ethernet,Cellular","1.98","6.5","0.26","2.04","6.5","0.26","2.26","22.5","0.24","13","12","11.3","10.9",,,,,,,,,,,,,,"02/05/2024","02/05/2024","United States, Canada","ES_1150094_PORTFI40A@240VRF/4G_01312024224009_6789514"
"2500003","Powercore Technology Co., Ltd.","CHARGECORE","AC006T19","AC006T19","AC006NA7; AC006NA7NE; AC006NA9; AC006NA9NE; AC006T17; AC006T17NE; AC006T19NE",,"Level 2","40","240","9.6","1","18","8",,,"No",,,,,,,"Radio Frequency Identification (RFID)",,"Yes","Wi-Fi or Gigabit Ethernet","2.76","6.5","0.32","2.83","6.5","0.32","5.55","22.5","0.36","113.33","59.97","26.21","9.65",,,,,,,,,,,,,,"05/18/2023","05/18/2023","United States, Canada","ES_1149051_AC006T19_05222023172331_3629876"
"2507652","Powercore Technology Co., Ltd.","CHARGECORE","AC006T111","AC006T111","AC006NA11",,"Level 2","48","240","11.52","1","18","8",,,"No",,,,,,,"Radio Frequency Identification (RFID)",,"Yes","Wi-Fi or Gigabit Ethernet","2.76","6.5","0.32","2.83","6.5","0.32","5.55","25.7","0.36","122.19","58.99","26.21","9.63",,,,,,,,,,,,,,"05/18/2023","05/18/2023","United States, Canada","ES_1149051_AC006T111_05222023165025_9084588"
"3555240","Powercore Technology Co., Ltd.","CHARGECORE","AC003PNA19","AC003PNA19","AC003PT119",,"Level 2","80","240","19.2","1","25","6","10.85","485.9","No",,,,,,,,,"Yes","Wi-Fi or Gigabit Ethernet","5.58","7.8","0.07","5.66","7.8","0.08","13.63","39.8","0.18","147.38","30.47","16.25","13.74",,,,,,,,,,,,,,"07/23/2024","07/23/2024","United States, Canada","ES_1149051_AC003PNA19_07182024173907_8852502"
"3555241","Powercore Technology Co., Ltd.","CHARGECORE","AC003PT111","AC003PT111","AC003PNA11; AC003PNA7; AC003PNA9; AC003PT17; AC003PT19",,"Level 2","48","240","11.52","1","25","8","10.85","485.9","No",,,,,,,,,"Yes","Wi-Fi or Gigabit Ethernet","4.31","7.8","0.05","4.37","7.8","0.06","13.55","27","0.25","88.43","40.78","18.55","13.52",,,,,,,,,,,,,,"07/23/2024","07/23/2024","United States, Canada","ES_1149051_AC003PT111_07182024174526_1640893"
"4005831","PYS High-Tech Co., Ltd.","PYS","EVC-9k6US-P01A","EVC-9k6US-P01A","EVC40PA; EVC-9k6US-P01B; EVC-9k6US-P01C; EVC-9k6US-P01D; EVC-9k6US-P01E; EVC-9k6US-P01F",,"Level 2","40","240","9.6","1","22","9","0.95","18.04","No",,,,,,,,,"No","None","1.44","4.15","0.09","1.46","4.15","0.09","2.37","20.15","0.12","124","71","22","12",,,,,,,,,,,,,,"03/26/2025","03/26/2025","United States, Canada","ES_1151285_EVC-9k6US-P01A_03102025155723_9106408"
"4675374","PYS High-Tech Co., Ltd.","PYS High-Tech Co., Ltd.","EVC02","EVC02","EVC02A,EVC02A; EVC02B,EVC02B; EVC02C,EVC02C; EVC02,EVC02; EVC-9k6US-M01B,EVC-9k6US-M01B; EVC-9k6US-M01C,EVC-9k6US-M01C; EVC-9k6US-M02A,EVC-9k6US-M02A; EVC-9k6US-M02B,EVC-9k6US-M02B; EVC-9k6US-M02C,EVC-9k6US-M02C; EVC-9k6US-M03A,EVC-9k6US-M03A; EVC-9k6US-M03B,EVC-9k6US-M03B; EVC-9k6US-M03C,EVC-9k6US-M03C; EVC-M01,EVC-M01; EVC-WB01,EVC-WB01; EVC-WB,EVC-WB",,"Level 2","40","240","9.6","1","25","18",,,"No",,,"Wi-Fi",,,,,,"Yes","Wi-Fi or Gigabit Ethernet","0","1.59","0","0","1.65","0","0","1.65","0","0",,,,,,,,,,,,,,,,,"07/20/2026","07/20/2026","United States, Canada","ES_1151285_EVC02_07232026153510_5283536"
"4437496","Q Charge 123, LLC","Qcharge","QAC2-BC-80","QAC2-BC-80","QAC2-BC-32,208-240VAC, 32A; QAC2-BC-40,208-240VAC, 40A; QAC2-BC-48,208-240VAC, 48A; QAC2-BC-80,208-240VAC, 80A",,"Level 2","80","240","19.2","1","18","7","21.44","55.55","No",,,,,,,"High Resolution Display,Radio Frequency Identification (RFID)",,"Yes","Wi-Fi or Gigabit Ethernet","5.86","8.64","0.33","5.92","8.64","0.34","10.44","40.6","0.37","168","33","17","12",,,,,,,,,,,,,,"06/16/2025","06/16/2025","United States, Canada","ES_1150853_QAC2-BC-80_05082025142043_2635461"
"2697697","Qingdao Xingbang","sunpoint","UEVC1L-4810-RLW","UEVC1L-4810-RLW","UEVC1L-3210-RLW.; UEVC1L-4010-RLW",,"Level 2","48","240","11.52","1","15","8",,,"No",,,,,,,"Radio Frequency Identification (RFID)",,"Yes","Wi-Fi or Gigabit Ethernet","4.55","6.5","0.32","4.03","6.5","0.3","5.96","25.7","0.34","63.1","41.3","14","4.8",,,,,,,,,,,,,,"10/31/2023","10/31/2023","United States, Canada","ES_1107853_UEVC1L-4810-RLW_07272023134307_2114984"
"2732222","RAB Lighting, Inc.","RAB","EVC80","EVC80",,,"Level 2","80","240","19.2","1","25","6","10.8","274","No",,,,,,,,,"Yes","Wi-Fi or Gigabit Ethernet","4.36","4.8","0.17","4.46","4.8","0.18","7.01","36.8","0.25","189","36","17","11",,,,,,,,,,,,,,"11/03/2023","11/03/2023","United States, Canada","ES_1100782_EVC80_11012023143429_4423181"
"2732754","RAB Lighting, Inc.","RAB","Electric Vehicle Supply Equipment","EVC48",,,"Level 2","48","240","11.52","1","18","7","10.76","295.2","No",,,,,,,"High Resolution Display",,"Yes","Wi-Fi or Gigabit Ethernet","4.27","4.8","0.33","4.27","4.8","0.33","6.53","24","0.36","10","6","3","0",,,,,,,,,,,,,,"11/02/2023","11/02/2023","United States, Canada","ES_1100782_EVC48_11142023182922_1010101"
"3531023","RAB Lighting, Inc.","RAB","EVC32/LCB","EVC32/LCB",,,"Level 2","32","240","7.68","1","16","10",,,"No",,,,,,,,,"Yes","Wi-Fi or Gigabit Ethernet,Cellular","4.66","6","0.2","4.92","6","0.22","10.33","18.8","0.35","63","57","21","8",,,,,,,,,,,,,,"05/23/2024","05/23/2024","United States, Canada","ES_1100782_EVC32/LCB_05232024095431_6389581"
"3531024","RAB Lighting, Inc.","RAB","EVC40/LCB","EVC40/LCB",,,"Level 2","40","240","9.6","1","15","9",,,"No",,,,,,,,,"Yes","Wi-Fi or Gigabit Ethernet,Cellular","4.64","6","0.2","4.92","6","0.21","10.2","22","0.35","70","41","18","8",,,,,,,,,,,,,,"05/23/2024","05/23/2024","United States, Canada","ES_1100782_EVC40/LCB_05232024111126_6982690"
"3531025","RAB Lighting, Inc.","RAB","EVC32","EVC32",,,"Level 2","32","240","7.68","1","16","10",,,"No",,,,,,,,,"No","None","2.45","5","0.12","2.53","5","0.13","7.95","17.8","0.32","73","82","15","11",,,,,,,,,,,,,,"05/23/2024","05/23/2024","United States, Canada","ES_1100782_EVC32_05232024114104_94568"
"3531026","RAB Lighting, Inc.","RAB","EVC40","EVC40",,,"Level 2","40","240","9.6","1","15","9",,,"No",,,,,,,,,"No","None","2.46","5","0.12","2.51","5","0.12","7.94","21","0.31","69","35","18","9",,,,,,,,,,,,,,"05/23/2024","05/23/2024","United States, Canada","ES_1100782_EVC40_05232024112656_1102716"
"3942576","RAB Lighting, Inc.","RAB","EVC48/LCB","EVC48/LCB","EVC48/ND",,"Level 1/Level 2 Dual Input","16","120","1.92","1","16","8",,,"No",,,,,,,"PLC Board (ISO 15118),Radio Frequency Identification (RFID)","None","Yes","Wi-Fi or Gigabit Ethernet,Other LAN (Local Area Network),Cellular","2.75","7.5","0.44","3.08","7.5","0.44","4.49","13.9","0.48","20.72",,"18.49","5.85","3.11","7.5","0.29","3.32","7.5","0.3","5.02","26.7","0.33","-143.15","-60.47","-19.62","6.27","01/07/2025","01/07/2025","United States, Canada","ES_1100782_EVC48/LCBEVC48/OCPP_01022025095555_9274866"
"4667134","Real See (Suzhou) Intelligent Technology Co., Ltd.","REALSEE","AC Electric Vehicle Charging Station (Electric Vehicle Charger)","CNAC-##A-******-03","(## represent current rating and could be 48, 80; ***** represent communication and payment methods and could be blank, R, G, W, B, E, P.)",,"Level 2","96","240","23.04","2","18","6","40.4","388.68","No","Yes","Open Charge Point Protocol (OCPP)","Wi-Fi","SAE J1772","NIST Cybersecurity Framework","Yes","Credit Card Reader,High Resolution Display,PLC Board (ISO 15118),Radio Frequency Identification (RFID)","None","Yes","Wi-Fi or Gigabit Ethernet","4.42","14.76","0.48","4.42","14.76","0.48","6.73","46.76","0.52","43","20","16","16",,,,,,,,,,,,,,"07/07/2026","07/07/2026","United States, Canada","ES_1152622_CNAC-##A-******-03_07082026142506_9313776"
"4667135","Real See (Suzhou) Intelligent Technology Co., Ltd.","REALSEE","AC Electric Vehicle Charging Station (Electric Vehicle Charger)","CNAC-##A*2-******-03","(## represent current rating and could be 48, 80; ***** represent communication and payment methods and could be blank, R, G, W, B, E, P.)",,"Level 2","96","240","23.04","2","18","6","40.4","388.68","No","Yes","Open Charge Point Protocol (OCPP)","Wi-Fi","SAE J1772","NIST Cybersecurity Framework","Yes","Credit Card Reader,High Resolution Display,PLC Board (ISO 15118),Radio Frequency Identification (RFID)","None","Yes","Wi-Fi or Gigabit Ethernet","4.42","14.76","0.48","4.42","14.76","0.48","6.73","46.76","0.52","43","20","16","16",,,,,,,,,,,,,,"07/07/2026","07/07/2026","United States, Canada","ES_1152622_CNAC-##A*2-******-03_07082026142506_7733664"
"4667154","Real See (Suzhou) Intelligent Technology Co., Ltd.","REALSEE","AC Electric Vehicle Charging Station (Electric Vehicle Charger)","CNAC-##A-******-04","(## represent current rating and could be 48, 80; ***** represent communication and payment methods and could be blank, R, G, W, B, E, P.)",,"Level 2","96","240","23.04","2","18","6","42.63","391.13","No","Yes","Open Charge Point Protocol (OCPP)","Wi-Fi","SAE J1772","NIST Cybersecurity Framework","Yes","Credit Card Reader,High Resolution Display,PLC Board (ISO 15118),Radio Frequency Identification (RFID)","None","Yes","Wi-Fi or Gigabit Ethernet","5.55","14.89","0.5","5.59","14.89","0.5","5.48","46.89","0.5","59","21","16.5","18",,,,,,,,,,,,,,"07/07/2026","07/07/2026","United States, Canada","ES_1152622_CNAC-##A-******-04_07082026143018_6073953"
"4667155","Real See (Suzhou) Intelligent Technology Co., Ltd.","REALSEE","AC Electric Vehicle Charging Station (Electric Vehicle Charger)","CNAC-##A*2-******-04","(## represent current rating and could be 48, 80; ***** represent communication and payment methods and could be blank, R, G, W, B, E, P.)",,"Level 2","96","240","23.04","2","18","6","42.63","391.13","No","Yes","Open Charge Point Protocol (OCPP)","Wi-Fi","SAE J1772","NIST Cybersecurity Framework","Yes","Credit Card Reader,High Resolution Display,PLC Board (ISO 15118),Radio Frequency Identification (RFID)","None","Yes","Wi-Fi or Gigabit Ethernet","5.55","14.89","0.5","5.59","14.89","0.5","5.48","46.89","0.5","59","21","16.5","18",,,,,,,,,,,,,,"07/07/2026","07/07/2026","United States, Canada","ES_1152622_CNAC-##A*2-******-04_07082026143018_6694033"
"4667174","Real See (Suzhou) Intelligent Technology Co., Ltd.","REALSEE","AC Electric Vehicle Charging Station (Electric Vehicle Charger)","CNAC-##A*2-******-05","(## represent current rating and could be 48, 80; ***** represent communication and payment methods and could be blank, R, G, W, B, E, P.)",,"Level 2","160","240","38.4","2","18","6","42.63","420.38","No","Yes","Open Charge Point Protocol (OCPP)","Wi-Fi","SAE J1772",,"Yes","Credit Card Reader,High Resolution Display,PLC Board (ISO 15118),Radio Frequency Identification (RFID)","None","Yes","Other LAN (Local Area Network),Wi-Fi or Gigabit Ethernet","10.42","14.91","0.64","10.52","14.91","0.73","11.85","46.91","0.73","11,531.6","18.5","24","23.5",,,,,,,,,,,,,,"07/07/2026","07/07/2026","United States, Canada","ES_1152622_CNAC-##A*2-******-05_07082026143636_7763428"
"4667194","Real See (Suzhou) Intelligent Technology Co., Ltd.","REALSEE","AC Electric Vehicle Charging Station (Electric Vehicle Charger)","CNAC-##A*2-******-06","(## represent current rating and could be 48, 80; ***** represent communication and payment methods and could be blank, R, G, W, B, E, P.)",,"Level 2","160","240","38.4","2","18","6","42.63","424.4","No","Yes","Open Charge Point Protocol (OCPP)","Wi-Fi","SAE J1772","NIST Cybersecurity Framework","Yes","Credit Card Reader,High Resolution Display,PLC Board (ISO 15118),Radio Frequency Identification (RFID)","None","Yes","Wi-Fi or Gigabit Ethernet","14.57","14.92","0.71","14.67","14.92","0.71","15.76","46.92","0.63","43.5","40.5","38.5","34",,,,,,,,,,,,,,"07/07/2026","07/07/2026","United States, Canada","ES_1152622_CNAC-##A*2-******-06_07082026144430_9287766"
"3814678","REGITAL NEW ENERGY RESOURCES TECHNOLOGY LIMITED","WAIZIDA","EU-ACH#**-48-**#*","EU-ACH#**-48-**#*",,,"Level 2","48","240","11.52","1","25","8",,,"No",,,,,,,"Radio Frequency Identification (RFID)",,"Yes","Wi-Fi or Gigabit Ethernet,Cellular","2","6.5","0.01","1.8","6.5","0.01","5.9","22.5","0.03","64.12","27.11","10.44","9.05",,,,,,,,,,,,,,"11/22/2024","11/22/2024","United States, Canada","ES_1151453_EU-ACH#**-48-**#*_11152024133851_6907922"
"4515609","Renova Electronics Inc","RENOVA","R-EVC/A48S/*/##/*","R-EVC/A48S/*/##/*","R-EVC/A80S/*/##/*",,"Level 2","80","240","19.2","1","25","6","43.25","23.21","No",,,,,,,"High Resolution Display,PLC Board (ISO 15118),Credit Card Reader,Radio Frequency Identification (RFID)",,"Yes","Wi-Fi or Gigabit Ethernet,Cellular","11.02","16.71","0.34","10.9","16.71","0.33","13.48","48.71","0.36","277","60","28","11",,,,,,,,,,,,,,"11/22/2025","11/22/2025","United States, Canada","ES_1152504_R-EVC/A48S/*/##/*_11212025140441_1444360"
"4515610","Renova Electronics Inc","RENOVA","R-EVC/A48D/**/##/*","R-EVC/A48D/**/##/*",,,"Level 2","48","240","11.52","2","25","8","43.25","22.89","No",,,,,,,"High Resolution Display,PLC Board (ISO 15118),Credit Card Reader,Radio Frequency Identification (RFID)",,"Yes","Wi-Fi or Gigabit Ethernet,Cellular","5.69","14.6","0.34","5.6","14.6","0.33","6.62","33.8","0.35","172","84.5","38","19.5",,,,,,,,,,,,,,"11/22/2025","11/22/2025","United States, Canada","ES_1152504_R-EVC/A48D/**/##/*_11212025142505_1197931"
"3994342","Revvit Inc.","Revvit","REVVIT-L1-11-90192*-A1-*","REVVIT-L1-11-90192*-A1-*","REVVIT-L1-11-90180*-A1-*",,"Level 1","16","120","1.92","1","25","14",,,"No",,,,,,,,,"Yes","Wi-Fi or Gigabit Ethernet","2.33","5","0.39","2.33","5","0.39","3.82","11.4","0.43","42.08",,"37.18","6.19",,,,,,,,,,,,,,"02/10/2025","02/10/2025","United States, Canada","ES_1151677_REVVIT-L1-11-90192*-A1-*_02102025144355_1484491"
"3999604","RIPPLEON LTD.","RIPPLEON","ROC00#*","ROC00#*",,"779605603922;779605603939;779605603946;779605603953;779605603960;779605603977;791126783853","Level 2","48","240","11.52","1","25","8",,,"No",,,,,,,"Radio Frequency Identification (RFID)",,"Yes","Wi-Fi or Gigabit Ethernet,Cellular","2.78","6.5","0.39","2.77","6.5","0.38","3.85","25.7","0.39","140.9","70.06","20.83","5.29",,,,,,,,,,,,,,"03/10/2025","03/10/2025","United States, Canada","ES_1151592_ROC00#*_01212025161031_1037713"
"4528605","RIPPLEON LTD.","RIPPLEON","NECS-ACW-11.5-1-US-####","NECS-ACW-11.5-1-US-####","NECS-ACW-7-1-US-####; NECS-ACW-9.6-1-US-####",,"Level 2","48","240","11.52","1","25","7","10.47","250","No",,,,,,,"High Resolution Display,Radio Frequency Identification (RFID)",,"Yes","Wi-Fi or Gigabit Ethernet,Cellular","2.93","7.65","0.39","2.93","7.65","0.39","3.87","26.85","0.38","155.11","60.9","18.78","5.08",,,,,,,,,,,,,,"01/19/2026","01/19/2026","United States, Canada","ES_1151592_NECS-ACW-11.5-1-US-####_01152026155411_9810144"
"2401687","Rivian Automotive, LLC","Rivian","PT00261633","PT00261633","PT00340197; PT00401761",,"Level 2","48","240","11.52","1","29","8",,,"No","No",,,,,,,,"Yes","Wi-Fi or Gigabit Ethernet","3.29","3.6","0.19","3.56","3.6","0.21","7.66","22.8","0.34","149.81","61.99","21.07","6.68",,,,,,,,,,,,,,"09/19/2022","09/19/2022","United States, Canada","ES_93722_PT00261633_09142022222762_3396984"
"4194426","Rivian Automotive, LLC","Rivian","PT01314089","PT01314089","PT00057325",,"Level 2","48","240","11.52","1","24","9",,,"No","No",,,,,,,,"Yes","Wi-Fi or Gigabit Ethernet","3.01","5","0.18","3.11","5","0.19","5.1","24.2","0.26","151.22","70.13","32.35","20.31",,,,,,,,,,,,,,"05/23/2025","05/23/2025","United States, Canada","ES_93722_PT01314089_050920250056852_3698507"
"4515542","Rivian Automotive, LLC","Rivian","PT00057322","PT00057322","PT01557671; PT01657424; PT01660583",,"Level 2","48","240","11.52","1","16","8","10.88","30.45","No",,,,,,,"Radio Frequency Identification (RFID)",,"No","None","6.98","7.6","0.34","7.03","7.6","0.34","9.68","26.8","0.42","144.68","69.01","35.31","24.97",,,,,,,,,,,,,,"03/30/2022","03/30/2022","United States, Canada","ES_1147279_PT0007322_112120251645791_7640699"
"3619508","SAM Brands LLC","(ApexCharger)","Mach 1 HW48","Mach 1 HW48","M1THW; M1TN; Mach 1 HW32; Mach 1 HW40; Mach 1 NEMA32; Mach 1 NEMA40",,"Level 2","48","240","11.52","1","30","8","2.71","127.47","No",,,,,,,"Radio Frequency Identification (RFID),Speaker",,"Yes","Wi-Fi or Gigabit Ethernet","2.21","7.83","0.18","2.25","7.83","0.18","2.53","27.03","0.2","138","55","17","6",,,,,,,,,,,,,,"09/08/2024","09/08/2024","United States, Canada","ES_1150683_Mach 1 HW48_08082024153712_1013757"
"3893946","SAM Brands LLC","(ApexCharger)","Mach 2 HW48","Mach 2 HW48","M2THW; M2TN; Mach 2 HW32; Mach 2 HW40; Mach 2 NEMA32; Mach 2 NEMA40",,"Level 2","48","240","11.52","1","30","8","10.79","61.91","No",,,,,,,"Radio Frequency Identification (RFID),Speaker",,"Yes","Wi-Fi or Gigabit Ethernet","5.84","8.61","0.33","6.41","8.61","0.35","7.42","27.81","0.27","145","55","13","5",,,,,,,,,,,,,,"01/14/2025","01/14/2025","United States, Canada","ES_1150683_Mach 2 HW48_12172024112700_6586114"
"4479453","SAM Brands LLC","ApexCharger","Mach 3 16","Mach 3 16","Mach 3; Mach 3 32",,"Level 2","40","240","9.6","1","24","9","3.98","25.03","No",,,,,,,,,"Yes","Wi-Fi or Gigabit Ethernet","1.96","5.43","0.1","1.9","5.43","0.1","2.86","21.43","0.14","222.44","23.87","39.22","25.17",,,,,,,,,,,,,,"07/22/2025","07/22/2025","United States, Canada","ES_1150683_Mach 3 16_07072025133753_2330591"
"2649796","Sarin Energy Inc","Sarin Energy Solutions","SES-EVC-AC40A01HW-U-**S**4G*","SES-EVC-AC40A01HW-U-**S**4G*","SES-EVC-AC40A01HW-U-**S**; SES-EVC-AC40A01HW-U-**S***; SES-EVC-AC40A01HW-U-**S**#; SES-EVC-AC40A01HW-U-**S**4G; SES-EVC-AC40A01HW-U-**S**4G#",,"Level 1/Level 2 Dual Input","16","120","1.92","1","15","9","8.15","246.7","No",,,,,,,,,"Yes","Wi-Fi or Gigabit Ethernet,Cellular","6.17","8.41","0.4","6.33","8.41","0.41","12.01","14.81","0.52","27",,"20","8","6.26","8.41","0.23","6.34","8.41","0.24","11.99","24.41","0.36","-77","-55","-22","10","08/31/2023","08/31/2023","United States, Canada","ES_1132015_SES-EVC-AC40A01HW-U-**S**4G*_08292023143812_5149958"
"2649798","Sarin Energy Inc","Sarin Energy Solutions","SES-EVC-AC48A01HW-U-**S**4G*","SES-EVC-AC48A01HW-U-**S**4G*","SES-EVC-AC48A01HW-U-**S**; SES-EVC-AC48A01HW-U-**S***; SES-EVC-AC48A01HW-U-**S**#; SES-EVC-AC48A01HW-U-**S**4G; SES-EVC-AC48A01HW-U-**S**4G#",,"Level 1/Level 2 Dual Input","16","120","1.92","1","16","8","8.15","244.7","No",,,,,,,,,"Yes","Wi-Fi or Gigabit Ethernet,Cellular","6.33","8.41","0.4","6.95","8.41","0.41","12.47","14.81","0.52","27",,"12","5","7.04","8.41","0.25","7.14","8.41","0.26","11.83","27.61","0.37","-93","-45","-18","17","08/31/2023","08/31/2023","United States, Canada","ES_1132015_SES-EVC-AC48A01HW-U-**S**4G*_08242023175017_8933374"
"2732582","Sarin Energy Inc","Sarin Energy Solutions","SES-EVC-AC48A01HW-U-**S**4G*, SES-EVC-AC48A01HW-U-**S***, SES-EVC-AC48A01HW-U-**S**4G#, SES-EVC-AC48A01HW-U-**S**#, SES-EVC-AC48A01HW-U-**S**4G, SES-EVC-AC48A01HW-U-**S**","SES-EVC-AC48A01HW-U-**S**4G*, SES-EVC-AC48A01HW-U-**S***, SES-EVC-AC48A01HW-U-**S**4G#, SES-EVC-AC48A01HW-U-**S**#, SES-EVC-AC48A01HW-U-**S**4G, SES-EVC-AC48A01HW-U-**S**",,,"Level 1/Level 2 Dual Input","16","120","1.92","1","16","8","8.15","244.7","No",,,,,,,,,"Yes","Wi-Fi or Gigabit Ethernet,Cellular","6.33","8.41","0.4","6.95","8.41","0.41","12.47","14.81","0.52","27",,"12","5","7.04","8.41","0.25","7.14","8.41","0.26","11.83","27.61","0.37","-93","-45","-18","17","11/09/2023","11/09/2023","United States, Canada","ES_1132015_SES-EVC-AC48A01HW-U-**S**4G*, SES-EVC-AC48A01HW-U-**S***, SES-EVC-AC48A01HW-U-**S**4G#, SES-EVC-AC48A01HW-U-**S**#, SES-EVC-AC48A01HW-U-**S**4G, SES-EVC-AC48A01HW-U-**S**_11092023103242_6980249"
"4005974","Schneider Electric","Schneider Electric","PROAC80USJ1772EVC","PROAC80USJ1772EVC","PROAC48USJ1772EVC2,PROAC48USJ1772EVC2; PROAC48USJ1772EVC,PROAC48USJ1772EVC; PROAC48USJ3400EVC,PROAC48USJ3400EVC; PROAC80USJ1772EVC2,PROAC80USJ1772EVC2; PROAC80USJ3400EVC,PROAC80USJ3400EVC",,"Level 2","80","240","19.2","1","25","6",,,"No",,,,,,,"Radio Frequency Identification (RFID)",,"Yes","Wi-Fi or Gigabit Ethernet,Other LAN (Local Area Network),Cellular","5","6.5","0.37","5","6.5","0.37","7.1","38.5","0.41","290.26","58.79","28.02","18.01",,,,,,,,,,,,,,"03/28/2025","03/28/2025","United States, Canada","ES_22220_PROAC80USJ1772EVC_032020250550926_7497270"
"4520401","Schneider Electric","Schneider Electric","Schneider Charge","EVRBA48ANAMJ1772",,,"Level 2","48","240","11.52","1","25","8",,,"No",,,,,,,,,"No","None","2.98","4","0.05","2.97","4","0.05","6.45","23.2","0.1","6.56","6.31","6.31","6.58",,,,,,,,,,,,,,"01/08/2026","01/08/2026","United States, Canada","ES_0022220_EVRBA48ANAMJ1772_01082026104349_80259936"
"4520402","Schneider Electric","Schneider Electric","Schneider Charge","EVRBA48ANAMJ3400",,,"Level 2","48","240","11.52","1","25","8",,,"No",,,,,,,,,"No","None","2.98","4","0.05","2.97","4","0.05","6.45","23.2","0.1","6.56","6.31","6.31","6.58",,,,,,,,,,,,,,"01/08/2026","01/08/2026","United States, Canada","ES_0022220_EVRBA48ANAMJ3400_01082026104349_80259936"
"4008373","Schumacher Electric Corporation","Schumacher","SEV1670","SEV1670","SEV1683",,"Level 1","16","120","1.92","1","20","14",,,"No",,,,,,,,,"No","None","0.69","4","0.24","0.81","4","0.26","2.78","10.4","0.48","40",,"34","5",,,,,,,,,,,,,,"04/01/2025","04/01/2025","United States, Canada","ES_1147501_SEV1670_03312025170433_8017846"
"2333783","SemaConnect, Inc.","SemaConnect","SemaConnect","Model 620","SemaConnect,520",,"Level 2","30","240","7.2","1","18","10",,,"No",,,,,,,,,"Yes","Cellular","3.9","4.6","0.22","3.9","4.6","0.23","9.2","16.6","0.63","57.2","57.2","31.6","10.6",,,,,,,,,,,,,,"01/22/2019","01/22/2019","United States, Canada","ES_1137922_Model 620_01222019101510_1010101"
"2374661","SemaConnect, Inc.","SemaConnect","SemaConnect","630",,,"Level 2","30","240","7.2","1","18","10",,,"No",,,,,,,,,"Yes","Cellular","4.11","4.6","0.27","4.2","4.6","0.27","9.2","16.6","0.66","83.74","83.74","28.38","10.73",,,,,,,,,,,,,,"03/03/2021","03/03/2021","United States, Canada","ES_1137922_630_03032021100510_1010101"
"2374662","SemaConnect, Inc.","SemaConnect","SemaConnect","730",,,"Level 2","30","240","7.2","2","18","10",,,"No",,,,,,,,,"Yes","Cellular","3.1","3.6","0.28","3.4","3.6","0.33","6.75","15.6","0.55","94.85","94.85","36.88","11.61",,,,,,,,,,,,,,"03/03/2021","03/03/2021","United States, Canada","ES_1137922_730_03032021100610_1010101"
"2379526","SemaConnect, Inc.","SemaConnect","SemaConnect","530",,"649270693385;860007031519","Level 2","30","240","7.2","1","18","10",,,"No",,"OpenADR","Cellular","SAE J1772",,"No",,,"Yes","Cellular","3.27","4.6","0.36","3.34","4.6","0.34","8.94","16.6","0.67","71.32","71.32","25.3","9.45",,,,,,,,,,,,,,"06/11/2021","06/11/2021","United States, Canada","ES_1137922_530_06112021160603_1010101"
"2384020","SemaConnect, Inc.","SemaConnect","SemaConnect","780",,"860007031502","Level 2","80","240","19.2","2","18","6",,,"No",,"OpenADR","Cellular","SAE J1772",,"No",,,"Yes","Cellular","3.46","3.6","0.29","3.52","3.6","0.29","6.5","35.6","0.4","221.38","45.68","18.55","9.27",,,,,,,,,,,,,,"08/30/2021","08/30/2021","United States, Canada","ES_1137922_780_09012021113203_1010101"
"2393692","SemaConnect, Inc.","SemaConnect","SemaConnect","450",,"860007031564","Level 2","50","240","12","1","25","6",,,"No",,"OpenADR","Cellular","SAE J1772",,"No",,,"Yes","Wi-Fi or Gigabit Ethernet","2.63","3.6","0.31","2.69","3.6","0.31","6.41","23.6","0.32","147.35","59.05","19.26","7.63",,,,,,,,,,,,,,"02/01/2022","02/01/2022","United States, Canada","ES_1137922_450_03092022180530_1010101"
"2404172","SemaConnect, Inc.","SemaConnect","SemaConnect","880",,,"Level 2","80","240","19.2","2","18","6",,,"No",,"OpenADR","Cellular","SAE J1772",,"No",,,"Yes","Cellular","2.71","3.6","0.42","2.78","3.6","0.42","6.78","35.6","0.67","137.06","66.92","27.4","6.02",,,,,,,,,,,,,,"11/03/2022","11/03/2022","United States, Canada","ES_1137922_880_110420221215_1010101"
"2683948","Shanghai Mida EV Power Co., Ltd","MIDA,","MD-EVH-32AB","MD-EVH-32AB","MD-EVC-32ABR; MD-EVC-32ABR-4G; MD-EVC-40ABR; MD-EVC-40ABR-4G; MD-EVC-48ABR.; MD-EVC-48ABR-4G; MD-EVH-32ABR; MD-EVH-40AB; MD-EVH-40ABR; MD-EVH-48AB; MD-EVH-48ABR",,"Level 2","48","240","11.52","1","18","8",,,"No",,,,,,,,,"Yes","Wi-Fi or Gigabit Ethernet","3.56","3.6","0.07","3.5","3.6","0.76","13.65","22.8","0.38","157.7","24.2","20.1","4",,,,,,,,,,,,,,"02/22/2023","02/22/2023","United States, Canada","ES_1149665_MD-EVH-32AB_10072023090647_4137079"
"2405200","Shenzhen EN Plus Tech Co., Ltd.","EN+","AC010K-AU-35","AC010K-AU-35","AC010K-GU-35",,"Level 2","40","240","9.6","1","23","8",,,"No",,,,,,,,,"No","None","1.51","2.6","0.14","1.54","2.6","0.15","2.56","18.6","0.18","72","42","8","2",,,,,,,,,,,,,,"12/01/2022","12/01/2022","United States, Canada","ES_1148346_AC010K-AU-35_11302022141253_1120416"
"2589803","Shenzhen EN Plus Tech Co., Ltd.","EN+","AC012K-HU-35","AC012K-HU-35","AC011K-HU-35; AC011K-NU-35; AC012K-NU-35",,"Level 2","50","240","12","1","23","8",,,"No",,,,,,,"Radio Frequency Identification (RFID)",,"Yes","Wi-Fi or Gigabit Ethernet","2.67","6.5","0.18","2.85","6.5","0.18","3.95","26.5","0.24","144","56","14","6",,,,,,,,,,,,,,"07/31/2023","07/31/2023","United States, Canada","ES_1148346_AC012K-HU-35_07042023140334_423852"
"3722602","Shenzhen EN Plus Tech Co., Ltd.","EN+","AC010K-AU-35","AC010K-AU-35","AC010K-GN-35; AC010K-GU-35; AC010K-NU-35",,"Level 2","40","240","9.6","1","23","8",,,"No",,,,,,,"Radio Frequency Identification (RFID)",,"Yes","Wi-Fi or Gigabit Ethernet","2.4","6.5","0.11","2.51","6.5","0.13","3.89","22.5","0.19","147","95","40","30",,,,,,,,,,,,,,"11/08/2024","11/08/2024","United States, Canada","ES_1148346_AC010K-AU-35_05242024150814_794946"
"4517984","Shenzhen Green Ocean New Energy Technology Co., LTD","Gocean","GO-A2D##1**-##","GO-A2D##1**-##",,,"Level 2","40","240","9.6","1","25","9","3.86","37","No",,,,,,,,,"Yes","Wi-Fi or Gigabit Ethernet","2.17","5.43","0.25","2.55","5.43","0.46","3.51","21.43","0.28","136","80","34","20",,,,,,,,,,,,,,"12/10/2025","12/10/2025","United States, Canada","ES_1152261_GO-A2D##1**-##_12092025150648_9778406"
"2649795","SHENZHEN HB ELECTRONIC CO LTD","HBE","HBE-AC40A01HW-U-**S**4G*","HBE-AC40A01HW-U-**S**4G*","HBE-AC40A01HW-U-**S**; HBE-AC40A01HW-U-**S***; HBE-AC40A01HW-U-**S**#; HBE-AC40A01HW-U-**S**4G; HBE-AC40A01HW-U-**S**4G#",,"Level 1/Level 2 Dual Input","16","120","1.92","1","15","9","8.15","246.7","No",,,,,,,,,"Yes","Wi-Fi or Gigabit Ethernet,Cellular","6.17","8.41","0.4","6.33","8.41","0.41","12.01","14.81","0.52","27",,"20","8","6.26","8.41","0.23","6.34","8.41","0.24","11.99","24.41","0.36","-77","-55","-22","10","08/31/2023","08/31/2023","United States, Canada","ES_1148102_HBE-AC40A01HW-U-**S**4G*_08292023143812_4777032"
"2649797","SHENZHEN HB ELECTRONIC CO LTD","HBE","HBE-AC48A01HW-U-**S**4G*","HBE-AC48A01HW-U-**S**4G*","HBE-AC48A01HW-U-**S**; HBE-AC48A01HW-U-**S***; HBE-AC48A01HW-U-**S**#; HBE-AC48A01HW-U-**S**4G; HBE-AC48A01HW-U-**S**4G#",,"Level 1/Level 2 Dual Input","16","120","1.92","1","16","8","8.15","244.7","No",,,,,,,,,"Yes","Wi-Fi or Gigabit Ethernet,Cellular","6.33","8.41","0.4","6.95","8.41","0.41","12.47","14.81","0.52","27",,"12","5","7.04","8.41","0.25","7.14","8.41","0.26","11.83","27.61","0.37","-93","-45","-18","17","08/29/2023","08/29/2023","United States, Canada","ES_1148102_HBE-AC48A01HW-U-**S**4G*_08192023093701_1520959"
"2649804","SHENZHEN HB ELECTRONIC CO LTD","HBE","HBE-AC40A01HW-U-**S*N*","HBE-AC40A01HW-U-**S*N*","HBE-AC40A01HW-U-**S*N#",,"Level 1/Level 2 Dual Input","16","120","1.92","1","15","9","8.15","246.7","No",,,,,,,,,"No","None","3.73","7.41","0.31","3.79","7.41","0.32","9.58","13.81","0.48","21",,"20","7","3.81","7.41","0.17","3.85","7.41","0.18","9.64","23.41","0.34","-79","-46","-19","9","08/31/2023","08/31/2023","United States, Canada","ES_1148102_HBE-AC40A01HW-U-**S*N*_08302023144010_5540735"
"2649805","SHENZHEN HB ELECTRONIC CO LTD","HBE","HBE-AC48A01HW-U-**S*N*","HBE-AC48A01HW-U-**S*N*","HBE-AC48A01HW-U-**S*N#",,"Level 1/Level 2 Dual Input","16","120","1.92","1","16","8","8.15","244.7","No",,,,,,,,,"No","None","3.72","7.41","0.29","3.81","7.41","0.3","9.12","13.81","0.48","21",,"14","12","3.79","7.41","0.16","3.82","7.41","0.16","9.26","26.61","0.34","-94","-46","-19","9","08/31/2023","08/31/2023","United States, Canada","ES_1148102_HBE-AC48A01HW-U-**S*N*_08302023144208_3928949"
"2649971","SHENZHEN HB ELECTRONIC CO LTD","HBE","HBE-AC32A01HW-U-**E**4G*","HBE-AC32A01HW-U-**E**4G*","HBE-AC32A01HW-U-**E**; HBE-AC32A01HW-U-**E***; HBE-AC32A01HW-U-**E**#; HBE-AC32A01HW-U-**E**4G; HBE-AC32A01HW-U-**E**4G#",,"Level 1/Level 2 Dual Input","16","120","1.92","1","16","10",,,"No",,,,,,,,,"Yes","Wi-Fi or Gigabit Ethernet,Cellular","4.54","6","0.35","4.63","6","0.37","10.26","12.4","0.5","39",,"20","9","4.66","6","0.2","4.92","6","0.22","10.33","18.8","0.35","-63","-57","-21","8","09/04/2023","09/04/2023","United States, Canada","ES_1148102_HBE-AC32A01HW-U-**E**4G*_08302023144320_7864953"
"2649977","SHENZHEN HB ELECTRONIC CO LTD","HBE","HBE-AC40A01HW-U-**E**4G*","HBE-AC40A01HW-U-**E**4G*","HBE-AC40A01HW-U-**E**; HBE-AC40A01HW-U-**E***; HBE-AC40A01HW-U-**E**#; HBE-AC40A01HW-U-**E**4G; HBE-AC40A01HW-U-**E**4G#",,"Level 1/Level 2 Dual Input","16","120","1.92","1","15","9",,,"No",,,,,,,,,"Yes","Wi-Fi or Gigabit Ethernet,Cellular","4.2","6","0.37","4.62","6","0.37","10.37","12.4","0.49","22",,"15","8","4.64","6","0.2","4.92","6","0.21","10.2","22","0.35","-70","-41","-18","8","09/04/2023","09/04/2023","United States, Canada","ES_1148102_HBE-AC40A01HW-U-**E**4G*_08302023144417_2383691"
"2649978","SHENZHEN HB ELECTRONIC CO LTD","HBE","HBE-AC48A01HW-U-**E**4G*","HBE-AC48A01HW-U-**E**4G*","HBE-AC48A01HW-U-**E**; HBE-AC48A01HW-U-**E***; HBE-AC48A01HW-U-**E**#; HBE-AC48A01HW-U-**E**4G; HBE-AC48A01HW-U-**E**4G#",,"Level 1/Level 2 Dual Input","16","120","1.92","1","16","8",,,"No",,,,,,,,,"Yes","Wi-Fi or Gigabit Ethernet,Cellular","4.81","6","0.34","4.88","6","0.34","10.18","12.4","0.5","18",,"14","7","4.81","6","0.19","4.84","6","0.2","10.23","25.2","0.35","-95","-39","-20","8","09/04/2023","09/04/2023","United States, Canada","ES_1148102_HBE-AC48A01HW-U-**E**4G*_08292023154352_1809198"
"2649984","SHENZHEN HB ELECTRONIC CO LTD","HBE","HBE-AC32A01HW-U-**S*N*","HBE-AC32A01HW-U-**S*N*","HBE-AC32A01HW-U-**S*N#",,"Level 1/Level 2 Dual Input","16","120","1.92","1","16","10","8.15","245.8","No",,,,,,,,,"No","None","3.74","7.41","0.31","3.8","7.41","0.62","9.68","13.81","0.49","26",,"13","9","3.8","7.41","0.17","3.86","7.41","0.18","9.72","20.21","0.34","-82","-79","-19","11","09/04/2023","09/04/2023","United States, Canada","ES_1148102_HBE-AC32A01HW-U-**S*N*_08302023144106_4526178"
"2649989","SHENZHEN HB ELECTRONIC CO LTD","HBE","HBE-AC40A01HW-U-**E*N*","HBE-AC40A01HW-U-**E*N*","HBE-AC40A01HW-U-**E*N#",,"Level 1/Level 2 Dual Input","16","120","1.92","1","15","9",,,"No",,,,,,,,,"No","None","2.45","5","0.23","2.51","5","0.24","7.89","11.4","0.46","23","13",,"11","2.46","5","0.12","2.51","5","0.12","7.94","21","0.31","-69","-35","-18","9","03/11/2024","03/11/2024","United States, Canada","ES_1148102_HBE-AC40A01HW-U-**E*N*_08292023144409_8158075"
"2649990","SHENZHEN HB ELECTRONIC CO LTD","HBE","HBE-AC48A01HW-U-**E*N*","HBE-AC48A01HW-U-**E*N*","HBE-AC48A01HW-U-**E*N#",,"Level 1/Level 2 Dual Input","16","120","1.92","1","16","8",,,"No",,,,,,,,,"No","None","3.01","5","0.25","3.03","5","0.25","8.33","11.4","0.46","15",,"15","7","3.03","5","0.13","3.09","5","0.13","8.43","24.2","0.31","-101","-44","-25","7","09/04/2023","09/04/2023","United States, Canada","ES_1148102_HBE-AC48A01HW-U-**E*N*_08302023143904_5861627"
"2649992","SHENZHEN HB ELECTRONIC CO LTD","HBE","HBE-AC32A01HW-U-**S**4G*","HBE-AC32A01HW-U-**S**4G*","HBE-AC32A01HW-U-**S**; HBE-AC32A01HW-U-**S***; HBE-AC32A01HW-U-**S**#; HBE-AC32A01HW-U-**S**4G; HBE-AC32A01HW-U-**S**4G#",,"Level 1/Level 2 Dual Input","16","120","1.92","1","16","10","8.15","245.8","No",,,,,,,,,"Yes","Wi-Fi or Gigabit Ethernet,Cellular","6.05","8.41","0.41","6.58","8.41","0.42","11.97","14.81","0.52","32",,"12","12","6.22","8.41","0.27","6.53","8.41","0.28","11.94","21.21","0.39","-101","-64","-36","10","09/04/2023","09/04/2023","United States, Canada","ES_1148102_HBE-AC32A01HW-U-**S**4G*_08182023111434_2945367"
"2649993","SHENZHEN HB ELECTRONIC CO LTD","HBE","HBE-AC32A01HW-U-**E*N*","HBE-AC32A01HW-U-**E*N*","HBE-AC32A01HW-U-**E*N#",,"Level 2","16","120","1.92","1","16","10",,,"No",,,,,,,,,"No","None","2.45","5","0.24","2.49","5","0.24","7.85","11.4","0.46","22",,"17","9","2.45","5","0.12","2.53","5","0.13","7.95","17.8","0.32","-73","-82","-15","11","03/11/2024","03/11/2024","United States, Canada","ES_1148102_HBE-AC32A01HW-U-**E*N*_08292023142406_6998254"
"2732579","SHENZHEN HB ELECTRONIC CO LTD","HBE","HBE-AC48A01HW-U-**S**4G*, HBE-AC48A01HW-U-**S***, HBE-AC48A01HW-U-**S**4G#, HBE-AC48A01HW-U-**S**#, HBE-AC48A01HW-U-**S**4G, HBE-AC48A01HW-U-**S**","HBE-AC48A01HW-U-**S**4G*, HBE-AC48A01HW-U-**S***, HBE-AC48A01HW-U-**S**4G#, HBE-AC48A01HW-U-**S**#, HBE-AC48A01HW-U-**S**4G, HBE-AC48A01HW-U-**S**",,,"Level 1/Level 2 Dual Input","16","120","1.92","1","16","8","8.15","244.7","No",,,,,,,,,"Yes","Wi-Fi or Gigabit Ethernet,Cellular","6.33","8.41","0.4","6.95","8.41","0.41","12.47","14.81","0.52","27",,"12","5","7.04","8.41","0.25","7.14","8.41","0.26","11.83","27.61","0.37","-93","-45","-18","17","11/09/2023","11/09/2023","United States, Canada","ES_1148102_HBE-AC48A01HW-U-**S**4G*, HBE-AC48A01HW-U-**S***, HBE-AC48A01HW-U-**S**4G#, HBE-AC48A01HW-U-**S**#, HBE-AC48A01HW-U-**S**4G, HBE-AC48A01HW-U-**S**_11092023103242_9501459"
"3417942","SHENZHEN HB ELECTRONIC CO LTD","HBE","HBE-AC32A01HW-U-**E**4G*","HBE-AC32A01HW-U-**E**4G*","HBE-AC32A01HW-U-**E**; HBE-AC32A01HW-U-**E***; HBE-AC32A01HW-U-**E**#; HBE-AC32A01HW-U-**E**4G; HBE-AC32A01HW-U-**E**4G#",,"Level 1/Level 2 Dual Input","16","120","1.92","1","16","10",,,"No",,,,,,,,,"Yes","Wi-Fi or Gigabit Ethernet,Cellular","4.54","6","0.35","4.63","6","0.37","10.26","12.4","0.5","39",,"20","9","4.66","6","0.2","4.92","6","0.22","10.33","18.8","0.35","-63","-57","-21","8","03/13/2024","03/13/2024","United States, Canada","ES_1148102_HBE-AC32A01HW-U-**E**4G*_03112024153941_8702051"
"3417979","SHENZHEN HB ELECTRONIC CO LTD","HBE","HBE-AC40A01HW-U-**E**4G*","HBE-AC40A01HW-U-**E**4G*","HBE-AC40A01HW-U-**E**; HBE-AC40A01HW-U-**E***; HBE-AC40A01HW-U-**E**#; HBE-AC40A01HW-U-**E**4G; HBE-AC40A01HW-U-**E**4G#",,"Level 1/Level 2 Dual Input","16","120","1.92","1","15","9",,,"No",,,,,,,,,"Yes","Wi-Fi or Gigabit Ethernet,Cellular","4.2","6","0.37","4.62","6","0.37","10.37","12.4","0.49","22",,"15","8","4.64","6","0.2","4.92","6","0.21","10.2","22","0.35","-70","-41","-18","8","03/15/2024","03/15/2024","United States, Canada","ES_1148102_HBE-AC40A01HW-U-**E**4G*_03112024171957_778619"
"3418887","SHENZHEN HB ELECTRONIC CO LTD","HBE","HBE-AC32A02ST-U-*#*****","HBE-AC32A02ST-U-*#*****","HBE-AC40A02ST-U-*#*****; HBE-AC48A02ST-U-*#*****.",,"Level 2","48","240","11.52","2","25","8","7.93","126.9","No",,,,,,,"High Resolution Display,Credit Card Reader,Radio Frequency Identification (RFID)",,"Yes","Wi-Fi or Gigabit Ethernet,Cellular","10.91","12.35","0.34","10.98","12.35","0.34","12.72","31.55","0.36","37.81","35.73","34.87","34.77",,,,,,,,,,,,,,"03/19/2024","03/19/2024","United States, Canada","ES_1148102_HBE-AC32A02ST-U-*#*****_03192024102652_881311"
"3624312","SHENZHEN HB ELECTRONIC CO LTD","HBE","HBE-AC40A01HW-U-**S*N*","HBE-AC40A01HW-U-**S*N*","HBE-AC40A01HW-U-**S*N#",,"Level 1/Level 2 Dual Input","16","120","1.92","1","15","9","8.15","246.7","No",,,,,,,,,"No","None","3.73","7.41","0.31","3.79","7.41","0.32","9.58","13.81","0.48","21",,"20","7","3.81","7.41","0.17","3.85","7.41","0.18","9.64","23.41","0.34","-79","-46","-19","9","08/23/2024","08/23/2024","United States, Canada","ES_1148102_HBE-AC40A01HW-U-**S*N*_08162024183504_8278772"
"3624313","SHENZHEN HB ELECTRONIC CO LTD","HBE","HBE-AC48A01HW-U-**S*N*","HBE-AC48A01HW-U-**S*N*","HBE-AC48A01HW-U-**S*N#",,"Level 1/Level 2 Dual Input","16","120","1.92","1","16","8","8.15","244.7","No",,,,,,,,,"No","None","3.72","7.41","0.29","3.81","7.41","0.3","9.12","13.81","0.48","21",,"14","12","3.79","7.41","0.16","3.82","7.41","0.16","9.26","26.61","0.34","-94","-46","-19","9","08/23/2024","08/23/2024","United States, Canada","ES_1148102_HBE-AC48A01HW-U-**S*N*_08172024103432_2551538"
"3624315","SHENZHEN HB ELECTRONIC CO LTD","HBE","HBE-AC32A01HW-U-**S*N*","HBE-AC32A01HW-U-**S*N*","HBE-AC32A01HW-U-**S*N#",,"Level 1/Level 2 Dual Input","16","120","1.92","1","16","10","8.15","245.8","No",,,,,,,,,"No","None","3.74","7.41","0.31","3.8","7.41","0.62","9.68","13.81","0.49","26",,"13","9","3.8","7.41","0.17","3.86","7.41","0.18","9.72","20.21","0.34","-82","-79","-19","11","08/23/2024","08/23/2024","United States, Canada","ES_1148102_HBE-AC32A01HW-U-**S*N*_08222024142455_7588312"
"3624316","SHENZHEN HB ELECTRONIC CO LTD","HBE","HBE-AC48A01HW-U-**E*N*","HBE-AC48A01HW-U-**E*N*","HBE-AC48A01HW-U-**E*N#",,"Level 1/Level 2 Dual Input","16","120","1.92","1","16","8",,,"No",,,,,,,,,"No","None","3.01","5","0.25","3.03","5","0.25","8.33","11.4","0.46","15",,"15","7","3.03","5","0.13","3.09","5","0.13","8.43","24.2","0.31","-101","-44","-25","7","08/23/2024","08/23/2024","United States, Canada","ES_1148102_HBE-AC48A01HW-U-**E*N*_08222024143702_4295770"
"3942575","SHENZHEN HB ELECTRONIC CO LTD","HBE","HBE-AC##*01HW-U-** * * * * * #","HBE-AC##*01HW-U-** * * * * * #",,,"Level 1/Level 2 Dual Input","16","120","1.92","1","16","8",,,"No",,,,,,,"PLC Board (ISO 15118),Radio Frequency Identification (RFID)","None","Yes","Wi-Fi or Gigabit Ethernet,Other LAN (Local Area Network),Cellular","2.75","7.5","0.44","3.08","7.5","0.44","4.49","13.9","0.48","20.72",,"18.49","5.85","3.11","7.5","0.29","3.32","7.5","0.3","5.02","26.7","0.33","-143.15","-60.47","-19.62","6.27","01/07/2025","01/07/2025","United States, Canada","ES_1148102_HBE-AC##*01HW-U-** * * * * * #_01022025095555_5267450"
"2839472","Shenzhen Hengfengtai New Energy Technology Co., Ltd.","HFT","HFTAC-9kW-S18","HFTAC-9kW-S18","HFTAC-9kW-S24,HFTAC-9kW-S24",,"Level 2","40","240","9.6","1","24","9",,,"No",,,,,,,,,"No","None","0","1.89","0","0","2.05","0","0","5.88","0","0",,,,,,,,,,,,,,,,,"10/19/2023","10/19/2023","United States, Canada","ES_1148037_HFTAC-9kW-S18_10192023151745_2837705"
"2839473","Shenzhen Hengfengtai New Energy Technology Co., Ltd.","HFT","HFTAC-7kW-S18","HFTAC-7kW-S18","HFTAC-7kW-S24,HFTAC-7kW-S24",,"Level 2","32","240","7.68","1","24","10",,,"No",,,,,,,,,"No","None","0","1.89","0","0","2.5","0","0","6.34","0","0",,,,,,,,,,,,,,,,,"10/19/2023","10/19/2023","United States, Canada","ES_1148037_HFTAC-7kW-S18_11132023135221_6440808"
"2839474","Shenzhen Hengfengtai New Energy Technology Co., Ltd.","HFT","HFTAC-11kW-S18","HFTAC-11kW-S18","HFTAC-11kW-S24,HFTAC-11kW-S24",,"Level 2","48","240","11.52","1","24","8",,,"No",,,,,,,,,"No","None","0","1.91","0","0","2.08","0","0","6.84","0","0",,,,,,,,,,,,,,,,,"10/19/2023","10/19/2023","United States, Canada","ES_1148037_HFTAC-11kW-S18_11132023140043_7642928"
"3417455","Shenzhen Longsun Optoelectronics Technology CO. ,LTD","LONGSUN","EVC-WB50","EVC-WB50",,,"Level 2","48","240","11.52","1","25","8",,,"No",,,,,,,,,"Yes","Wi-Fi or Gigabit Ethernet","2.76","6.5","0.11","2.81","6.5","0.12","4.04","25.7","0.15","126.04","59.99","18.31","5.13",,,,,,,,,,,,,,"02/20/2024","02/20/2024","United States, Canada","ES_1150176_EVC-WB50_02182024095449_9833337"
"3417456","Shenzhen Longsun Optoelectronics Technology CO. ,LTD","LONGSUN","EVC-WB50A","EVC-WB50A",,,"Level 2","40","240","9.6","1","25","8",,,"No",,,,,,,,,"Yes","Wi-Fi or Gigabit Ethernet","2.74","6.5","0.12","2.83","6.5","0.12","4.31","22.5","0.15","103.71","59.82","17.95","5.09",,,,,,,,,,,,,,"02/20/2024","02/20/2024","United States, Canada","ES_1150176_EVC-WB50A_02182024095246_5226861"
"2397741","SHEN ZHEN PUTIAN YONGGAO NEW ENERGY TECHNOLOGY CO.,LTD","WPT","WPTAC-9KW-S24-TD","WPTAC-9KW-S24-TD","WPTAC-9KW-S18-TD",,"Level 2","40","240","9.6","1","24","9","7.93","46.61","No",,,,,,,,,"Yes","Wi-Fi or Gigabit Ethernet","3.61","4.42","0.29","3.81","4.42","0.31","6.53","20.42","0.39","90","50","13","8",,,,,,,,,,,,,,"06/22/2022","06/22/2022","United States, Canada","ES_1147623_WPTAC-9KW-S24-TD_06172022134300_4742242"
"2397742","SHEN ZHEN PUTIAN YONGGAO NEW ENERGY TECHNOLOGY CO.,LTD","WPT","WPTAC-7KW-S24-TD","WPTAC-7KW-S24-TD","WPTAC-7KW-S18-TD",,"Level 2","32","240","7.68","1","24","10","7.93","50.31","No",,,,,,,,,"Yes","Wi-Fi or Gigabit Ethernet","3.53","4.42","0.29","3.75","4.42","0.31","6.64","17.22","0.39","79","68","21","7",,,,,,,,,,,,,,"06/22/2022","06/22/2022","United States, Canada","ES_1147623_WPTAC-7KW-S24-TD_06172022132029_7615167"
"2397744","SHEN ZHEN PUTIAN YONGGAO NEW ENERGY TECHNOLOGY CO.,LTD","WPT","WPTAC-11KW-S24-TD","WPTAC-11KW-S24-TD","WPTAC-11KW-S18-TD",,"Level 2","48","240","11.52","1","24","7","7.93","41.76","No",,,,,,,,,"Yes","Wi-Fi or Gigabit Ethernet","3.52","4.42","0.29","3.77","4.42","0.29","6.54","23.62","0.39","100","41","15","7",,,,,,,,,,,,,,"06/23/2022","06/23/2022","United States, Canada","ES_1147623_WPTAC-11KW-S24-TD_06172022134809_766260"
"2473794","Shenzhen Runchengda Electricity Technology Co.,Ltd","(RUNCHENGDA)","RCD240/40-1MBG-B-10KW","RCD240/40-1MBG-B-10KW",,,"Level 2","40","240","9.6","1","15","8",,,"No",,,,,,,,,"Yes","Wi-Fi or Gigabit Ethernet","3.32","3.6","0.08","3.37","3.6","0.08","3.97","19.6","0.09","93","55","18","3",,,,,,,,,,,,,,"05/11/2023","05/11/2023","United States, Canada","ES_1148542_RCD240/40-1MBG-B-10KW_05082023150527_7276727"
"2473873","Shenzhen Runchengda Electricity Technology Co.,Ltd","(RUNCHENGDA)","RCD240/32-1MBG-B-7.68KW","RCD240/32-1MBG-B-7.68KW",,,"Level 2","32","240","7.68","1","15","10",,,"No",,,,,,,,,"Yes","Wi-Fi or Gigabit Ethernet","3.34","3.6","0.08","3.37","3.6","0.08","4.01","16.4","0.08","72","64","40","6",,,,,,,,,,,,,,"05/11/2023","05/11/2023","United States, Canada","ES_1148542_RCD240/32-1MBG-B-7.68KW_05082023151457_3153497"
"2668248","Shenzhen Sinexcel Electric Co.,Ltd","Sinexcel","SEA240/48I-U-H","SEA240/48I-U-H",,,"Level 2","48","240","11.52","1","17","8",,,"No",,,,,,,,,"No","None","2.3","5","0.04","2.31","5","0.06","4.71","24.2","0.22","132","55","16","4",,,,,,,,,,,,,,"09/26/2023","09/26/2023","United States, Canada","ES_1149464_SEA240/48I-U-H_09222023132556_8481256"
"2668249","Shenzhen Sinexcel Electric Co.,Ltd","Sinexcel","SEA240/40I-U-6","SEA240/40I-U-6","SEA240/40I-U-14",,"Level 2","40","240","9.6","1","17","8",,,"No",,,,,,,,,"No","None","2.24","5","0.04","2.26","5","0.05","4.68","21","0.22","85","50","21","6",,,,,,,,,,,,,,"09/26/2023","09/26/2023","United States, Canada","ES_1149464_SEA240/40I-U-6_09222023131928_9541131"
"3387779","Shenzhen Sinexcel Electric Co.,Ltd","Sinexcel","SEA240/40I-U-6Y","SEA240/40I-U-6Y","SEA240/40I-U-14W; SEA240/40I-U-14Y; SEA240/40I-U-6W",,"Level 2","40","240","9.6","1","25","8",,,"No",,,,,,,,,"Yes","Wi-Fi or Gigabit Ethernet","3.93","6.5","0.26","5.74","6.5","0.32","5.75","22.5","0.29","103","68","36","6",,,,,,,,,,,,,,"01/29/2024","01/29/2024","United States, Canada","ES_1149464_SEA240/40I-U-6Y_01152024174629_8785364"
"3387780","Shenzhen Sinexcel Electric Co.,Ltd","Sinexcel","SEA240/48I-U-HY","SEA240/48I-U-HY","SEA240/48I-U-HW",,"Level 2","48","240","11.52","1","25","8",,,"No",,,,,,,,,"Yes","Wi-Fi or Gigabit Ethernet","3.06","6.5","0.24","3.86","6.5","0.2","4.59","25.7","0.23","134","64","26","9",,,,,,,,,,,,,,"01/29/2024","01/29/2024","United States, Canada","ES_1149464_SEA240/48I-U-HY_01152024170241_3576928"
"3423282","Shenzhen Topband Co., Ltd","TOPBAND","TB-AC215US","TB-AC215US","TB-AC212US",,"Level 1","15","120","1.8","1","16","12",,,"No",,,,,,,,,"No","None","1.19","4","0.22","1.13","4","0.22","3.44","10","0.42","28",,"28","4",,,,,,,,,,,,,,"03/22/2024","03/22/2024","United States, Canada","ES_1129430_TB-AC215US_03212024102344_2880517"
"3423283","Shenzhen Topband Co., Ltd","TOPBAND","TBAC3111USH-LJK","TBAC3111USH-LJK",,,"Level 2","48","240","11.52","1","17","8","5.57","136.5","No",,,,,,,,,"Yes","Wi-Fi or Gigabit Ethernet","3.08","7.11","0.21","3.15","7.11","0.23","5.99","26.31","0.33","98","42","28","8",,,,,,,,,,,,,,"03/22/2024","03/22/2024","United States, Canada","ES_1129430_TBAC3111USH-LJK_03212024101703_6038629"
"3423284","Shenzhen Topband Co., Ltd","TOPBAND","TB-AC240US","TB-AC240US",,,"Level 2","40","240","9.6","1","17","8",,,"No",,,,,,,,,"No","None","0.72","4","0.06","0.76","4","0.07","3.47","20","0.24","92","67","14","13",,,,,,,,,,,,,,"03/22/2024","03/22/2024","United States, Canada","ES_1129430_TB-AC240US_03212024104146_6106988"
"3462872","Shenzhen Topband Co., Ltd","TOPBAND","TBAC3091USH-LJK","TBAC3091USH-LJK",,,"Level 2","40","240","9.6","1","17","8","5.57","237.1","No",,,,,,,"Radio Frequency Identification (RFID)",,"Yes","Wi-Fi or Gigabit Ethernet","3.03","7.14","0.19","3.09","7.14","0.19","5.87","23.14","0.3","163","106","48","12",,,,,,,,,,,,,,"04/24/2024","04/24/2024","United States, Canada","ES_1129430_TBAC3091USH-LJK_04202024111822_6526300"
"3798912","Shenzhen Topband Co., Ltd","TOPBAND","TB80USMJX followed by1, 2, 3, 4, 5, 6, 7 or 8","TB80USMJX followed by1, 2, 3, 4, 5, 6, 7 or 8","followed by Y0Z1",,"Level 2","80","240","19.2","1","25","8","20.52","30.2","No",,,,,,,"Radio Frequency Identification (RFID)",,"Yes","Wi-Fi or Gigabit Ethernet,Cellular","5.71","8.53","0.23","5.87","8.53","0.24","10.84","40.83","0.31","192","12","22","1.57",,,,,,,,,,,,,,"11/20/2024","11/20/2024","United States, Canada","ES_1129430_TB80USMJ-X8Y0Z1_11082024113312_5867120"
"3844985","Shenzhen Topband Co., Ltd","TOPBAND","TBAC3111USH-LJK","TBAC3111USH-LJK","TB48USMJX#Y0Z1TBAC3111USHT-LJK; TB48USMTX#Y0Z1; TBAC3091USH-LJK; TBAC3091USH-LJK-TY; TBAC3091USHT-LJK; TBAC3091USHT-LJK-TY; TBAC3111USH-LJK-TY; TBAC3111USHT-LJK-TY",,"Level 2","48","240","11.52","1","15","8","8.15","37.39","No",,,,,,,"Radio Frequency Identification (RFID)",,"Yes","Wi-Fi or Gigabit Ethernet,Cellular","5.13","7.34","0.23","5.14","7.34","0.25","7.74","26.54","0.21","71","34","19","12",,,,,,,,,,,,,,"12/03/2024","12/03/2024","United States, Canada","ES_1129430_TBAC3111USH-LJK_12022024093158_5021478"
"2404721","Sichuan Injet New Energy Co.,Ltd.","WEEYU","M3P140U","M3P140U",,,"Level 2","40","240","9.6","1","16","8",,,"No",,,,,,,,,"Yes","Wi-Fi or Gigabit Ethernet","3.4","3.6","0.16","3.47","3.6","0.16","3.64","19.6","0.18","60","33","11","4",,,,,,,,,,,,,,"11/18/2022","11/18/2022","United States, Canada","ES_1148294_M3P140U_11162022150319_2841302"
"3354393","Sichuan Injet New Energy Co.,Ltd.","Injet","iM3C-09K6A","iM3C-09K6A",,,"Level 2","40","240","9.6","1","25","6","8.15","16.52","No",,,,,,,,,"Yes","Wi-Fi or Gigabit Ethernet,Other LAN (Local Area Network)","4.17","7.33","0.12","4.94","7.33","0.13","5.13","23.33","0.15","46.68","28.95","11.3","5.67",,,,,,,,,,,,,,"12/27/2023","12/27/2023","United States, Canada","ES_1148294_iM3C-09K6A_12202023141421_9028283"
"3354394","Sichuan Injet New Energy Co.,Ltd.","Injet","iM3C-11K5A","iM3C-11K5A",,,"Level 2","48","240","11.52","1","25","6","8.15","16.52","No",,,,,,,,,"Yes","Wi-Fi or Gigabit Ethernet,Other LAN (Local Area Network)","4.13","7.33","0.12","4.95","7.33","0.13","5.07","26.53","0.15","67.5","28.91","11.38","5.68",,,,,,,,,,,,,,"12/27/2023","12/27/2023","United States, Canada","ES_1148294_iM3C-11K5A_12202023140155_876886"
"3354395","Sichuan Injet New Energy Co.,Ltd.","Injet","iM3C-15K6A","iM3C-15K6A",,,"Level 2","65","240","15.6","1","25","6","8.15","16.52","No",,,,,,,,,"Yes","Wi-Fi or Gigabit Ethernet,Other LAN (Local Area Network)","4.15","7.33","0.12","4.91","7.33","0.13","5.14","33.33","0.15","120.16","28.84","11.32","5.66",,,,,,,,,,,,,,"12/27/2023","12/27/2023","United States, Canada","ES_1148294_iM3C-15K6A_12202023135128_4378015"
"3354396","Sichuan Injet New Energy Co.,Ltd.","Injet","iM3C-19K2A","iM3C-19K2A",,,"Level 2","80","240","19.2","1","25","6","8.15","16.52","No",,,,,,,,,"Yes","Wi-Fi or Gigabit Ethernet,Other LAN (Local Area Network)","4.16","7.33","0.12","4.71","7.33","0.12","5.07","39.33","0.14","183.46","29.05","11.4","5.64",,,,,,,,,,,,,,"12/27/2023","12/27/2023","United States, Canada","ES_1148294_iM3C-19K2A_12202023134353_5128442"
"4622354","Sichuan Injet New Energy Co.,Ltd.","Injet","AC EV Charging Station","iM3C-19K2B, iM3C-11K5B, iM3C-09K6B",,,"Level 2","80","240","19.2","1","25","6","7.93","350","Yes","No",,,,,,"Credit Card Reader,High Resolution Display,PLC Board (ISO 15118),Radio Frequency Identification (RFID),Revenue Grade Meter",,"Yes","Wi-Fi or Gigabit Ethernet","2.38","13.42","0.1","2.42","13.42","0.21","2.435","45.42","0.105","509.4","96.69","26.9","6.86",,,,,,,,,,,,,,"05/26/2026","05/26/2026","United States, Canada","ES_1148294_iM3C-19K2B_06042026024810_1010101"
"4673614","SOARING SUNSHINE PTE. LTD.","SOARING SUNSHINE","AC Electric Vehicle Supply Equipment","ACULC-19C0xy",,,"Level 2","80","240","19.2","1","23","6","20.23","19.19","Yes",,,,,,,"High Resolution Display,PLC Board (ISO 15118),Radio Frequency Identification (RFID),Revenue Grade Meter",,"No","None","7.135","10.99","0.455","7.165","10.99","0.715","9.215","42.99","0.49","16.665","25","34.355","37.475",,,,,,,,,,,,,,"03/24/2025","03/24/2025","United States, Canada","ES_1152591_ACULC-19C0xy_07202026134545_80242275"
"4673615","SOARING SUNSHINE PTE. LTD.","SOARING SUNSHINE","AC Electric Vehicle Supply Equipment","ACULC-19N0xy",,,"Level 2","80","240","19.2","1","23","6","20.23","19.19","Yes",,,,,,,"High Resolution Display,PLC Board (ISO 15118),Radio Frequency Identification (RFID),Revenue Grade Meter",,"No","None","7.135","10.99","0.455","7.165","10.99","0.715","9.215","42.99","0.49","16.665","25","34.355","37.475",,,,,,,,,,,,,,"03/24/2025","03/24/2025","United States, Canada","ES_1152591_ACULC-19N0xy_07202026134545_80242275"
"4673616","SOARING SUNSHINE PTE. LTD.","SOARING SUNSHINE","AC Electric Vehicle Supply Equipment","ACULC-19C1xy",,,"Level 2","80","240","19.2","1","23","6","20.23","19.19","Yes",,,,,,,"High Resolution Display,PLC Board (ISO 15118),Radio Frequency Identification (RFID),Revenue Grade Meter",,"No","None","7.135","10.99","0.455","7.165","10.99","0.715","9.215","42.99","0.49","16.665","25","34.355","37.475",,,,,,,,,,,,,,"03/24/2025","03/24/2025","United States, Canada","ES_1152591_ACULC-19C1xy_07202026134545_80242275"
"4673617","SOARING SUNSHINE PTE. LTD.","SOARING SUNSHINE","AC Electric Vehicle Supply Equipment","ACULC-19N1xy",,,"Level 2","80","240","19.2","1","23","6","20.23","19.19","Yes",,,,,,,"PLC Board (ISO 15118),Radio Frequency Identification (RFID),Revenue Grade Meter",,"No","None","7.135","10.99","0.455","7.165","10.99","0.715","9.215","42.99","0.49","16.665","25","34.355","37.475",,,,,,,,,,,,,,"03/24/2025","03/24/2025","United States, Canada","ES_1152591_ACULC-19N1xy_07202026134545_80242275"
"4673618","SOARING SUNSHINE PTE. LTD.","SOARING SUNSHINE","AC Electric Vehicle Supply Equipment","ACULC-12C0xy",,,"Level 2","80","240","19.2","1","23","6","20.23","19.19","Yes",,,,,,,"PLC Board (ISO 15118),Radio Frequency Identification (RFID),Revenue Grade Meter",,"No","None","7.135","10.99","0.455","7.165","10.99","0.715","9.215","42.99","0.49","16.665","25","34.355","37.475",,,,,,,,,,,,,,"03/24/2025","03/24/2025","United States, Canada","ES_1152591_ACULC-12C0xy_07202026134545_80242275"
"4673619","SOARING SUNSHINE PTE. LTD.","SOARING SUNSHINE","AC Electric Vehicle Supply Equipment","ACULC-12N0xy",,,"Level 2","80","240","19.2","1","23","6","20.23","19.19","Yes",,,,,,,"PLC Board (ISO 15118),Radio Frequency Identification (RFID),Revenue Grade Meter",,"No","None","7.135","10.99","0.455","7.165","10.99","0.715","9.215","42.99","0.49","16.665","25","34.355","37.475",,,,,,,,,,,,,,"03/24/2025","03/24/2025","United States, Canada","ES_1152591_ACULC-12N0xy_07202026134545_80242275"
"4673620","SOARING SUNSHINE PTE. LTD.","SOARING SUNSHINE","AC Electric Vehicle Supply Equipment","ACULC-12C1xy",,,"Level 2","80","240","19.2","1","23","6","20.23","19.19","Yes",,,,,,,"PLC Board (ISO 15118),Radio Frequency Identification (RFID),Revenue Grade Meter",,"No","None","7.135","10.99","0.455","7.165","10.99","0.715","9.215","42.99","0.49","16.665","25","34.355","37.475",,,,,,,,,,,,,,"03/24/2025","03/24/2025","United States, Canada","ES_1152591_ACULC-12C1xy_07202026134545_80242275"
"4673621","SOARING SUNSHINE PTE. LTD.","SOARING SUNSHINE","AC Electric Vehicle Supply Equipment","ACULC-12N1xy",,,"Level 2","80","240","19.2","1","23","6","20.23","19.19","Yes",,,,,,,"PLC Board (ISO 15118),Radio Frequency Identification (RFID),Revenue Grade Meter",,"No","None","7.135","10.99","0.455","7.165","10.99","0.715","9.215","42.99","0.49","16.665","25","34.355","37.475",,,,,,,,,,,,,,"03/24/2025","03/24/2025","United States, Canada","ES_1152591_ACULC-12N1xy_07202026134545_80242275"
"4673622","SOARING SUNSHINE PTE. LTD.","SOARING SUNSHINE","AC Electric Vehicle Supply Equipment","ACULH-09C2xy",,,"Level 2","80","240","19.2","1","23","6","20.23","19.19","Yes",,,,,,,"PLC Board (ISO 15118),Radio Frequency Identification (RFID),Revenue Grade Meter",,"No","None","7.135","10.99","0.455","7.165","10.99","0.715","9.215","42.99","0.49","16.665","25","34.355","37.475",,,,,,,,,,,,,,"03/24/2025","03/24/2025","United States, Canada","ES_1152591_ACULH-09C2xy_07202026134545_80242275"
"4673623","SOARING SUNSHINE PTE. LTD.","SOARING SUNSHINE","AC Electric Vehicle Supply Equipment","ACULH-09N2xy",,,"Level 2","80","240","19.2","1","23","6","20.23","19.19","Yes",,,,,,,"PLC Board (ISO 15118),Radio Frequency Identification (RFID),Revenue Grade Meter",,"No","None","7.135","10.99","0.455","7.165","10.99","0.715","9.215","42.99","0.49","16.665","25","34.355","37.475",,,,,,,,,,,,,,"03/24/2025","03/24/2025","United States, Canada","ES_1152591_ACULH-09N2xy_07202026134545_80242275"
"4673624","SOARING SUNSHINE PTE. LTD.","SOARING SUNSHINE","AC Electric Vehicle Supply Equipment","ACULH-09C1xy",,,"Level 2","80","240","19.2","1","23","6","20.23","19.19","Yes",,,,,,,"PLC Board (ISO 15118),Radio Frequency Identification (RFID),Revenue Grade Meter",,"No","None","7.135","10.99","0.455","7.165","10.99","0.715","9.215","42.99","0.49","16.665","25","34.355","37.475",,,,,,,,,,,,,,"03/24/2025","03/24/2025","United States, Canada","ES_1152591_ACULH-09C1xy_07202026134545_80242275"
"4673625","SOARING SUNSHINE PTE. LTD.","SOARING SUNSHINE","AC Electric Vehicle Supply Equipment","ACULH-09N1xy",,,"Level 2","80","240","19.2","1","23","6","20.23","19.19","Yes",,,,,,,"PLC Board (ISO 15118),Radio Frequency Identification (RFID),Revenue Grade Meter",,"No","None","7.135","10.99","0.455","7.165","10.99","0.715","9.215","42.99","0.49","16.665","25","34.355","37.475",,,,,,,,,,,,,,"03/24/2025","03/24/2025","United States, Canada","ES_1152591_ACULH-09N1xy_07202026134545_80242275"
"4673626","SOARING SUNSHINE PTE. LTD.","SOARING SUNSHINE","AC Electric Vehicle Supply Equipment","ACULH-07C2xy",,,"Level 2","80","240","19.2","1","23","6","20.23","19.19","Yes",,,,,,,"PLC Board (ISO 15118),Radio Frequency Identification (RFID),Revenue Grade Meter",,"No","None","7.135","10.99","0.455","7.165","10.99","0.715","9.215","42.99","0.49","16.665","25","34.355","37.475",,,,,,,,,,,,,,"03/24/2025","03/24/2025","United States, Canada","ES_1152591_ACULH-07C2xy_07202026134545_80242275"
"4673627","SOARING SUNSHINE PTE. LTD.","SOARING SUNSHINE","AC Electric Vehicle Supply Equipment","ACULH-07N2xy",,,"Level 2","80","240","19.2","1","23","6","20.23","19.19","Yes",,,,,,,"PLC Board (ISO 15118),Radio Frequency Identification (RFID),Revenue Grade Meter",,"No","None","7.135","10.99","0.455","7.165","10.99","0.715","9.215","42.99","0.49","16.665","25","34.355","37.475",,,,,,,,,,,,,,"03/24/2025","03/24/2025","United States, Canada","ES_1152591_ACULH-07N2xy_07202026134545_80242275"
"4673628","SOARING SUNSHINE PTE. LTD.","SOARING SUNSHINE","AC Electric Vehicle Supply Equipment","ACULH-07C1xy",,,"Level 2","80","240","19.2","1","23","6","20.23","19.19","Yes",,,,,,,"PLC Board (ISO 15118),Radio Frequency Identification (RFID),Revenue Grade Meter",,"No","None","7.135","10.99","0.455","7.165","10.99","0.715","9.215","42.99","0.49","16.665","25","34.355","37.475",,,,,,,,,,,,,,"03/24/2025","03/24/2025","United States, Canada","ES_1152591_ACULH-07C1xy_07202026134545_80242275"
"4673629","SOARING SUNSHINE PTE. LTD.","SOARING SUNSHINE","AC Electric Vehicle Supply Equipment","ACULH-07N1xy",,,"Level 2","80","240","19.2","1","23","6","20.23","19.19","Yes",,,,,,,"PLC Board (ISO 15118),Radio Frequency Identification (RFID),Revenue Grade Meter",,"No","None","7.135","10.99","0.455","7.165","10.99","0.715","9.215","42.99","0.49","16.665","25","34.355","37.475",,,,,,,,,,,,,,"03/24/2025","03/24/2025","United States, Canada","ES_1152591_ACULH-07N1xy_07202026134545_80242275"
"2362138","SolarEdge Technologies Inc.","Solar Edge","SE-EV-SA-US-40*","SE-EV-SA-US-40*",,,"Level 2","40","240","9.6","1","24","8",,,"No",,,,,,,,,"Yes","Wi-Fi or Gigabit Ethernet","3.04","3.6","0.14","3.02","3.6","0.14","3.58","19.6","0.16","1.55","2.52","3.36","3.54",,,,,,,,,,,,,,"06/25/2020","06/25/2020","United States, Canada","ES_1140607_SE-EV-SA-US-40*_06182020091301_818902"
"3998764","SolaX Power Network Technology (Zhejiang) Co., Ltd.","SolaX Power","A1-HAC-8K","A1-HAC-8K","A1-HAC-10K; A1-HAC-10K-B; A1-HAC-10K-BN; A1-HAC-10K-N; A1-HAC-12K; A1-HAC-12K-B; A1-HAC-12K-BN; A1-HAC-12K-N; A1-HAC-8K-B; A1-HAC-8K-BN; A1-HAC-8K-N",,"Level 2","48","240","11.52","1","23","8",,,"No",,,,,,,"Radio Frequency Identification (RFID)",,"Yes","Wi-Fi or Gigabit Ethernet","4.24","6.5","0.3","4.31","6.5","0.3","5.99","25.7","0.32","133.21","66.28","20.5","7.2",,,,,,,,,,,,,,"02/26/2025","02/26/2025","United States, Canada","ES_1151300_A1-HAC-8K_02202025102005_2759057"
"2406436","SPAN.io","SPAN IO","SPAN Drive","SPAN Drive",,,"Level 2","48","240","11.52","1","23","6",,,"No",,,,"SAE J1772",,,,,"No","None","0.88","2.6","0.44","0.84","2.6","0.44","1.98","21.8","0.54","2.56","2.83","2.96","3",,,,,,,,,,,,,,"01/03/2023","01/03/2023","United States, Canada","ES_1148544_SPAN Drive_12222022130416_5391504"
"3555113","Star Charge Americas Corp","Star Charge","AC0192AN0300403##","AC0192AN0300403##","AC0076AN0300002##; AC0076AN0300003##; AC0076AN0300012##; AC0076AN0300013##; AC0076AN0300102##; AC0076AN0300102##; AC0076AN0300103##; AC0076AN0300113##; AC0076AN0300302##; AC0076AN0300303##; AC0076AN0300312##; AC0076AN0300313##; AC0076AN0300402##; AC0076AN0300403##; AC0076AN0300412##; AC0076AN0300413##; AC0076AN0300902##; AC0076AN0300903##; AC0076AN0300912##; AC0076AN0300913##; AC0076AN0301002##; AC0076AN0301003##; AC0076AN0301012##; AC0076AN0301013##; AC0076AN0301202##; AC0076AN0301203##; AC0076AN0301212##; AC0076AN0301213##; AC0076AN0301302##; AC0076AN0301303##; AC0076AN0301312##; AC0076AN0301313##; AC0096AN0300002##; AC0096AN0300003##; AC0096AN0300012##; AC0096AN0300013##; AC0096AN0300102##; AC0096AN0300103##; AC0096AN0300112##; AC0096AN0300113##; AC0096AN0300302##; AC0096AN0300303##; AC0096AN0300312##; AC0096AN0300313##; AC0096AN0300402##; AC0096AN0300403##; AC0096AN0300412##; AC0096AN0300413##; AC0096AN0300902##; AC0096AN0300903##; AC0096AN0300912##; AC0096AN0300913##; AC0096AN0301002##; AC0096AN0301003##; AC0096AN0301012##; AC0096AN0301013##; AC0096AN0301202##; AC0096AN0301203##; AC0096AN0301212##; AC0096AN0301213##; AC0096AN0301302##; AC0096AN0301303##; AC0096AN0301312##; AC0096AN0301313##; AC0115AN0300002##; AC0115AN0300003##; AC0115AN0300012##; AC0115AN0300013##; AC0115AN0300102##; AC0115AN0300103##; AC0115AN0300112##; AC0115AN0300113##; AC0115AN0300302##; AC0115AN0300303##; AC0115AN0300312##; AC0115AN0300313##; AC0115AN0300402##; AC0115AN0300403##; AC0115AN0300412##; AC0115AN0300413##; AC0120AN0300002##; AC0120AN0300003##; AC0120AN0300012##; AC0120AN0300013##; AC0120AN0300102##; AC0120AN0300103##; AC0120AN0300112##; AC0120AN0300113##; AC0120AN0300302##; AC0120AN0300303##; AC0120AN0300312##; AC0120AN0300313##; AC0120AN0300402##; AC0120AN0300403##; AC0120AN0300412##; AC0120AN0300413##; AC0192AN0300002##; AC0192AN0300002##; AC0192AN0300003##; AC0192AN0300013##; AC0192AN0300102##; AC0192AN0300103##; AC0192AN0300112##; AC0192AN0300113##; AC0192AN0300302##; AC0192AN0300303##; AC0192AN0300312##; AC0192AN0300313##; AC0192AN0300402##; AC0192AN0300412##; AC0192AN0300413##",,"Level 2","80","240","19.2","1","25","8",,,"No",,,,,,,,,"Yes","Wi-Fi or Gigabit Ethernet","3.83","6.5","0.04","4.41","6.5","0.05","6.91","38.5","0.07","332.57","49.82","16.49","7.3",,,,,,,,,,,,,,"07/22/2024","07/22/2024","United States, Canada","ES_1150661_AC0192AN0300403##_07152024144202_8394433"
"3555115","Star Charge Americas Corp","Star Charge","AC0192AN0300703##","AC0192AN0300703##","AC0076AN0300602##; AC0076AN0300603##; AC0076AN0300612##; AC0076AN0300613##; AC0076AN0300702##; AC0076AN0300703##; AC0076AN0300712##; AC0076AN0300713##; AC0076AN0301502##; AC0076AN0301503##; AC0076AN0301512##; AC0076AN0301513##; AC0076AN0301602##; AC0076AN0301603##; AC0076AN0301612##; AC0076AN0301613##; AC0096AN0300602##; AC0096AN0300603##; AC0096AN0300612##; AC0096AN0300613##; AC0096AN0300702##; AC0096AN0300703##; AC0096AN0300712##; AC0096AN0300713##; AC0096AN0301502##; AC0096AN0301503##; AC0096AN0301512##; AC0096AN0301513##; AC0096AN0301602##; AC0096AN0301603##; AC0096AN0301612##; AC0096AN0301613##; AC0115AN0300602##; AC0115AN0300603##,AC0120AN0300702##; AC0115AN0300612##; AC0115AN0300613##,AC0120AN0300712##; AC0115AN0300703##; AC0115AN0300713##; AC0120AN0300602##; AC0120AN0300603##; AC0120AN0300612##; AC0120AN0300613##; AC0120AN0300702##; AC0120AN0300703##; AC0120AN0300712##; AC0120AN0300713##; AC0192AN0300602##; AC0192AN0300603##; AC0192AN0300612##; AC0192AN0300613##; AC0192AN0300702##; AC0192AN0300712##; AC0192AN0300713##",,"Level 2","80","240","19.2","1","25","8","7.93","41.46","No",,,,,,,,,"Yes","Wi-Fi or Gigabit Ethernet","4.7","7.32","0.05","4.81","7.32","0.05","6.38","39.32","0.07","333.22","52.89","21.32","6.99",,,,,,,,,,,,,,"07/22/2024","07/22/2024","United States, Canada","ES_1150661_AC0192AN0300703##_07152024150450_6271020"
"4691414","Star Charge Americas Corp","StarCharge","Juno AC Charge","AC0120AN0600300, AC0120AN0601300, AC0096AN0600300, AC0096AN0601300",,,"Level 2","50","240","12","1","25","8",,,"No","No",,,,,,"Radio Frequency Identification (RFID)",,"Yes","Wi-Fi or Gigabit Ethernet","3.92","6.5","0.06","3.48","6.5","0.06","6.55","26.5","0.1","131.83","47.87","23.8","8.57",,,,,,,,,,,,,,"08/13/2026","08/13/2026","United States, Canada","ES_1150661_DLW0157(WFRX-6BD-K)_08202026105610_1010101"
"4688534","SWTCH Energy Inc.","SWTCH","Electric Vehicle Charging Station","EVH010-40",,,"Level 2","40","240","9.6","1","16","10",,,"No",,",?",,,,,"Radio Frequency Identification (RFID)",,"Yes","Wi-Fi or Gigabit Ethernet","2.82","6.5","0.24","2.94","6.5","0.25","3","22.5","0.25","148.44","87.24","23.88","4.56",,,,,,,,,,,,,,"08/04/2026","08/04/2026","United States, Canada","ES_1149225_EVH010-40_08122026061310_1010101"
"2668006","Tesla, Inc.","Tesla","1457768-##*","1457768-##*",,,"Level 2","48","240","11.52","1","22","8",,,"No","Yes",,,"SAE J1772","OpenADR, Payment Card Industry Self-Assessment","No",,,"Yes","Wi-Fi or Gigabit Ethernet,Cellular","1.36","3.6","0.33","1.38","3.6","0.32","3.36","22.8","0.36","1.71","2.78","3.16","3.31",,,,,,,,,,,,,,"09/18/2023","09/18/2023","United States, Canada","ES_1148950_1457768-##*_09182023161349_9977685"
"3360869","Tesla, Inc.","Universal Wall Connector","1734412-##*","1734412-##*",,,"Level 2","48","240","11.52","1","22","8",,,"No","Yes",,,"SAE J1772","OpenADR, Payment Card Industry Self-Assessment","No",,,"Yes","Wi-Fi or Gigabit Ethernet,Cellular","1.36","3.6","0.33","1.38","3.6","0.32","3.36","22.8","0.36","1.71","2.78","3.16","3.31",,,,,,,,,,,,,,"09/18/2023","09/18/2023","United States, Canada","ES_1148950_1734412-##*_01112024141455_5557367"
"3423375","Tesla, Inc.","Tesla","1937825-XX-X","1937825-XX-X",,,"Level 1/Level 2 Dual Input","32","240","7.68","1","19","10",,,"No","No",,,,,,,"Model is portable","No","None","0.43","4","0.09","0.47","4","0.09","2.52","16.8","0.35","2.4","2.27","2.38","2.48","0.34","4","0.23","0.36","4","0.24","2.42","8.8","0.53","-1.04",,,"2.12","03/26/2024","03/26/2024","United States, Canada","ES_1148950_1937825- followed by three characters_02232024132412_2433740"
"2403447","The Wiremold Company","Legrand","LNA-EVC1-48-XX1","LNA-EVC1-48-XX1",,"786776198577","Level 2","48","240","11.52","1","25","7",,,"No",,,,,,,"Radio Frequency Identification (RFID)",,"Yes","Wi-Fi or Gigabit Ethernet","3.09","6.5","0.28","3.11","6.5","0.28","3.53","25.7","0.34","67.3","55.3","33.1","24",,,,,,,,,,,,,,"10/24/2022","10/24/2022","United States, Canada","ES_1148098_LNA-EVC1-48-XX1_10212022104956_3026697"
"4529311","The Wiremold Company","Legrand","LNA-EVC2-48**#","LNA-EVC2-48**#",,,"Level 2","48","240","11.52","1","25","8",,,"No",,,,,,,"Radio Frequency Identification (RFID)",,"Yes","Wi-Fi or Gigabit Ethernet,Cellular","4.79","6.5","0.06","5.15","6.5","0.06","8.72","25.7","0.07","110","32","1","8",,,,,,,,,,,,,,"10/14/2025","10/14/2025","United States, Canada","ES_1148098_LNA-EVC2-48**#_02092026140150_1408960"
"2394001","Turnongreen Inc.","Turnongreen","ELECTRIC VEHICLE SUPPLY EQUIPMENT","CPEVAC-11KW-J17-W","CPEVAC-11KW-J17-WG",,"Level 2","48","240","11.52","1","18","7","10.77","295.2","No",,,"Wi-Fi","SAE J1772",,"No",,,"Yes","Wi-Fi or Gigabit Ethernet,Cellular","4.27","4.81","0.33","4.27","4.81","0.33","6.53","24","0.37","10","4","2","1",,,,,,,,,,,,,,"03/17/2022","03/17/2022","United States, Canada","ES_1147104_CPEVAC-11KW-J17-W_03232022142350_1010101"
"3624339","Ubiquiti Inc.","Ubiquiti Inc.","UC-EV-Station-Lite","UC-EV-Station-Lite",,,"Level 2","50","240","12","1","22","11",,,"No","No",,,,,,"Credit Card Reader",,"Yes","Wi-Fi or Gigabit Ethernet,Other LAN (Local Area Network)","4.55","10","0.31","4.77","10","0.32","5.69","30","0.34","152.88","64.86","27.73","17.59",,,,,,,,,,,,,,"08/26/2024","08/26/2024","United States, Canada","ES_1151108_UC-EV-Station-Lite_081620240350495_1341963"
"3626781","Ubiquiti Inc.","Ubiquiti Inc.","UC-EV-Station-Pro","UC-EV-Station-Pro",,,"Level 2","50","240","12","1","22","11","47.7","462.9","Yes","No",,,,,,"High Resolution Display,Credit Card Reader",,"Yes","Wi-Fi or Gigabit Ethernet,Other LAN (Local Area Network)","8.69","15.58","0.4","7.45","15.58","0.59","8.59","35.58","0.4","235.48","110.18","59.63","45.445",,,,,,,,,,,,,,"08/29/2024","08/29/2024","United States, Canada","ES_1151108_UC-EV-Station-Pro_082920240242723_8779530"
"2378449","United Chargers Inc.","Grizzl-E","Grizzl-E Smart","GRS-14-24-P","GRS-14-24-AB; GRS-14-24-PB; GRS-14-24-PC; GRS-6-24-AB; GRS-6-24-P; GRS-6-24-PB",,"Level 2","40","240","9.6","1","24","8",,,"No",,,,,,,,,"Yes","Wi-Fi or Gigabit Ethernet","2.33","3.6","0.33","2.38","3.6","0.34","5.2","19.6","0.43","91.99","54.12","17.14","5.83",,,,,,,,,,,,,,"08/06/2024","08/06/2024","United States, Canada","ES_1144826_GRS-14-24-P_051820211639446_3073739"
"2740428","United Chargers Inc.","Grizzl-E","Grizzl-E Classic","GR1-14-24-PB","GR1-14-24-AB; GR1-14-24-P; GR1-14-24-PC; GR1-6-24-AB; GR1-6-24-P; GR1-6-24-PB",,"Level 2","40","240","9.6","0","24","8",,,"No",,,,,,,,,"No","None","0.8","4","0.33","0.86","4","0.33","3.44","20","0.43","97.06","55.32","15.9","4.2",,,,,,,,,,,,,,"08/06/2024","08/06/2024","United States, Canada","ES_1144826_GR1-14-24-PB_11092023193468_2697669"
"3618372","United Chargers Inc.","Grizzl-E","Grizzl-E Ultimate","GRU-077-W-HW-25DJ80-A-GB","GRU-077-W-HW-25DJ80-A-GW; GRU-077-W-HW-25DN48-A-GB; GRU-077-W-HW-25DN48-A-GW; GRU-077-W-HW-25IJ48-A-GB; GRU-077-W-HW-25IJ48-A-GW; GRU-077-W-HW-25IJ80-A-FB; GRU-077-W-HW-25IJ80-A-GB; GRU-077-W-HW-25SN48-A-GB; GRU-077-W-HW-25SN48-A-GW; GRU-077-W-HW-25SN80-A-GB; GRU-077-W-HW-25SN80-A-GW; GRU-077-W-HW-25TJ48-A-GB; GRU-077-W-HW-25TJ48-A-GW; GRU-077-W-HW-25TJ80-A-GB; GRU-077-W-HW-25TJ80-A-GW",,"Level 2","80","240","19.2","1","25","6",,,"No","No",,,,,,,,"Yes","Wi-Fi or Gigabit Ethernet","1.78","5","0.32","1.78","5","0.32","2.95","37","0.48","203.72","31.12","9.92","3.42",,,,,,,,,,,,,,"08/08/2024","08/08/2024","United States, Canada","ES_1144826_GRU-077-W-HW-25DJ80-A-GB_080120242218500_4564211"
"3798591","United Chargers Inc.","Grizzl-E","Grizzl-E Mini","GRM-070-W-14-25DJ40-A-GB","GRM-070-W-14-25IJ40-A-GB; GRM-070-W-14-25SN40-A-GB; GRM-070-W-14-25TJ40-A-GB",,"Level 2","40","240","9.6","1","24","10",,,"No",,,,,,,,,"Yes","Wi-Fi or Gigabit Ethernet","1.34","5","0.4","1.4","5","0.41","2.64","21","0.63","107.36","63.51","17.74","3.45",,,,,,,,,,,,,,"11/12/2024","11/12/2024","United States, Canada","ES_1144826_GRM-070-W-14-25DJ40-A-GB_110720241817961_2985516"
"4657074","United Chargers Inc.","Grizzl-E","Grizzl-E Duo Smart 80A","GRD-077-W-HW-25J48-25J48-A-GB","GRD-077-W-14-25J40-25J40-A-GB; GRD-077-W-14-25J40-25J40-A-GW; GRD-077-W-14-25J40-25N40-A-GB; GRD-077-W-14-25J40-25N40-A-GW; GRD-077-W-14-25N40-25N40-A-GB; GRD-077-W-14-25N40-25N40-A-GW; GRD-077-W-HW-25J48-25J48-A-GW; GRD-077-W-HW-25J48-25N48-A-GB; GRD-077-W-HW-25J48-25N48-A-GW; GRD-077-W-HW-25N48-25N48-A-GB; GRD-077-W-HW-25N48-25N48-A-GW",,"Level 2","80","240","19.2","2","24","8",,,"No","No",,,,,,,,"Yes","Wi-Fi or Gigabit Ethernet","2.7","5","0.35","1.85","5","0.31","4.58","21","0.55","234.53","53.74","14.1","3.71","2.7","5","0.35","2.1","5","0.32","4.6","21","0.55",,,,,"06/29/2026","06/29/2026","United States, Canada","ES_1144826_GRD-077-W-HW-25J48-25J48-A-GB_062220262321776_6651750"
"4661474","United Chargers Inc.","Grizzl-E","Grizzl-E Ultimate 48A","GRS-077-W-HW-25J48-A-GB","GRS-077-W-14-25J40-A-GB; GRS-077-W-14-25J40-A-GW; GRS-077-W-14-25N40-A-GB; GRS-077-W-14-25N40-A-GW; GRS-077-W-HW-25J48-A-GW; GRS-077-W-HW-25N48-A-GB; GRS-077-W-HW-25N48-A-GW",,"Level 2","48","240","11.52","1","24","8",,,"No","No",,,,,,,,"Yes","Wi-Fi or Gigabit Ethernet","1.7","5","0.29","1.68","5","0.29","2.4","24.2","0.42","130.99","54.1","14.1","3.19",,,,,,,,,,,,,,"06/30/2026","06/30/2026","United States, Canada","ES_1144826_GRS-077-W-HW-25J48-A-GB_062320262329233_2151801"
"4661574","United Chargers Inc.","Grizzl-E","Grizzl-E Ultimate Fleet 80A","GRU-077-WLR-HW-25J80-F-GB","GRU-077-WLR-HW-25J80-F-GW; GRU-077-WLR-HW-25N80-F-GB; GRU-077-WLR-HW-25N80-F-GW",,"Level 2","80","240","19.2","1","24","6",,,"No","No",,,,,,"Radio Frequency Identification (RFID)",,"Yes","Wi-Fi or Gigabit Ethernet","4.17","6.5","0.35","4","6.5","0.35","5.14","38.5","0.43","232.6","52.96","14.17","3.74",,,,,,,,,,,,,,"06/30/2026","06/30/2026","United States, Canada","ES_1144826_GRU-077-WLR-HW-25J80-F-GB_062420260003587_9978541"
"4661654","United Chargers Inc.","Grizzl-E","Grizzl-E Ultimate Pro 80A","GRU-077-WLR-HW-25J80-P-GB","GRU-077-WLR-HW-25J80-P-GW; GRU-077-WLR-HW-25N80-P-GB; GRU-077-WLR-HW-25N80-P-GW",,"Level 2","80","240","19.2","1","24","6","10.62","21.5","No","No",,,,,,"High Resolution Display,Radio Frequency Identification (RFID)",,"Yes","Wi-Fi or Gigabit Ethernet","5.9","7.6","0.39","5.9","7.6","0.39","7.11","39.59","0.45","233","53.67","14.3","3.78",,,,,,,,,,,,,,"06/30/2026","06/30/2026","United States, Canada","ES_1144826_GRU-077-WLR-HW-25J80-P-GB_062420260026636_9549678"
"3943137","VoltiE Group Inc.","Pando Electric","Pando 001 Smart Outlet","Pando 001I",,,"Level 2","40","240","9.6","1","0","0","0","0","No","No",,,,,,"None",,"Yes","Wi-Fi or Gigabit Ethernet","0.75","5","0.2","0.76","5","0.12","8.14","21","0.36","108.27","61.54","25.35","9.08",,,,,,,,,,,,,,"01/21/2025","01/21/2025","United States, Canada","ES_1151134_Pando 001I_01212025104210_1010101"
"4520337","VoltiE Group Inc.","Pando Electric","Pando 002A","Pando 002A",,,"Level 2","40","240","9.6","1","0","0","0","0","No","No",,,,,,"Radio Frequency Identification (RFID)",,"Yes","Wi-Fi or Gigabit Ethernet","2.3","6.5","0.16","2.3","6.5","0.16","4.5","22.5","0.2","118","66.9","23.41","7.91",,,,,,,,,,,,,,"01/05/2026","01/05/2026","United States, Canada","ES_1151134_Pando 002A_01072026102110_1010101"
"2502091","Wall Box Chargers S.L.","WALLBOX","PULSAR PLUS NA","PUP2-U-1-6-C-002","PUP2-0-1-5-N-002; PUP2-0-1-5-N-**2; PUP2-0-1-6-C-002; PUP2-0-1-6-C-**2; PUP2-U-1-5-N-002; PUP2-U-1-5-N-**2; PUP2-U-1-6-C-002; PUP2-U-1-6-C-**2",,"Level 2","48","240","11.52","1","24","10",,,"No","No",,,,,,,,"Yes","Wi-Fi or Gigabit Ethernet","0.96","5","0.1","0.28","5","0.03","14.18","24.2","0.89","297.3","147.24","58.19","5.45",,,,,,,,,,,,,,"10/03/2023","10/03/2023","United States, Canada","ES_1145672  _PUP2-U-1-6-C-002 _051920232203899_4789086"
"2635845","Wall Box Chargers S.L.","WALLBOX","PUP1-U-1-6-C-002","PUP1-U-1-6-C-002","PUP1-U-1-5-0-002; PUP1-U-1-5-0-**2; PUP1-U-1-5-C-002; PUP1-U-1-5-C-**2; PUP1-U-1-5-G-002; PUP1-U-1-5-G-**2; PUP1-U-1-5-N-002; PUP1-U-1-5-N-**2; PUP1-U-1-6-0-002; PUP1-U-1-6-0-**2; PUP1-U-1-6-C-**2",,"Level 2","48","240","11.52","1","25","18",,,"No","No",,,,,,"None",,"Yes","Wi-Fi or Gigabit Ethernet","4.16","5","0.41","4.2","5","0.41","5","24.2","0.46","145.81","64.47","17.87","6.5",,,,,,,,,,,,,,"10/03/2023","10/03/2023","United States, Canada","ES_1145672  _PUP1-U-1-6-C-002_080820232340208_4784509"
"3417687","Wall Box Chargers S.L.","WALLBOX","Pulsar Pro","PUP3-*1-1-6-C-*2","Pulsar Pro,PUP3-*1-1-5-N-*2",,"Level 2","48","240","11.52","1","25","9",,,"No","No",,,,,,"PLC Board (ISO 15118),Radio Frequency Identification (RFID)",,"Yes","Wi-Fi or Gigabit Ethernet","5.67","7.5","0.49","5.83","7.5","0.5","6.73","26.7","0.54","134.77","56.73","19.49","7.58",,,,,,,,,,,,,,"03/04/2024","03/04/2024","United States, Canada","ES_1145672_PUP3-*1-1-6-C-*2_030420241439335_5696215"
"4065566","Westgate MFG","Westgate","EVC-C-40A-AC-9.6KW-J1772","EVC-C-40A-AC-9.6KW-J1772",,,"Level 1/Level 2 Dual Input","16","120","1.92","1","16","8",,,"No",,,,,,,"PLC Board (ISO 15118),Radio Frequency Identification (RFID)","None","Yes","Wi-Fi or Gigabit Ethernet,Other LAN (Local Area Network),Cellular","2.75","7.5","0.44","3.08","7.5","0.44","4.49","13.9","0.48","20.72",,"18.49","5.85","3.11","7.5","0.29","3.32","7.5","0.3","5.02","26.7","0.33","-143.15","-60.47","-19.62","6.27","01/07/2025","01/07/2025","United States, Canada","ES_1117671_EVC-C-40A-AC-9.6KW-J1772_05212025134948_9125482"
"2732210","Xeal Energy","Xeal Energy","Xeal-32A","Xeal-32A",,,"Level 2","32","240","7.68","1","25","10",,,"No",,,,"SAE J1772",,,"Radio Frequency Identification (RFID)",,"No","None","2.88","5.5","0.44","2.93","5.5","0.32","5.84","24.7","0.67","5.52","5.55","5.87","5.88",,,,,,,,,,,,,,"11/02/2023","11/02/2023","United States, Canada","ES_1149080_Xeal-32A_10282023091106_4616968"
"3388141","XIAMEN GALAXY CAMPHOL TECHNOLOGY CO., LTD.","Iocharger","IOCAH29-32****#","IOCAH29-32****#","IOCAH29-40****#",,"Level 2","40","240","9.6","1","25","9",,,"No",,,,,,,"PLC Board (ISO 15118),Radio Frequency Identification (RFID)",,"Yes","Wi-Fi or Gigabit Ethernet,Cellular","4.17","7.5","0.37","4.21","7.5","0.37","5.89","23.5","0.38","19.2","18","16.2","15.4",,,,,,,,,,,,,,"02/02/2024","02/02/2024","United States, Canada","ES_1150182_IOCAH29-32****#_01312024162551_8032800"
"3999640","XIAMEN GALAXY CAMPHOL TECHNOLOGY CO., LTD.","Iocharger","IOCAH28-32**R*#","IOCAH28-32**R*#","IOCAH28-40**R*#; IOCAH28-50**R*#",,"Level 2","50","240","12","1","25","8",,,"No",,,,,,,"Radio Frequency Identification (RFID)",,"Yes","Wi-Fi or Gigabit Ethernet,Cellular","4.65","6.5","0.18","4.5","6.5","0.18","8.44","26.5","0.26","140.76","56.46","20.26","9.15",,,,,,,,,,,,,,"03/11/2025","03/11/2025","United States, Canada","ES_1150182_IOCAH28-32**R*#_03072025095309_1124078"
"2394903","Xiamen Joint Tech. Co., Ltd","Joint","JNT-EVC10/48AC/01C/XX/RF/4G","JNT-EVC10/48AC/01C/XX/RF/4G",,,"Level 2","48","240","11.52","1","18","7","7.93",,"No",,,,,,,,,"Yes","Wi-Fi or Gigabit Ethernet,Cellular","3.78","4.43","0.28","3.84","4.43","0.29","5.23","23.63","0.33","78.9","33.7","10.5","4",,,,,,,,,,,,,,"04/19/2022","04/19/2022","United States, Canada","ES_1147352_JNT-EVC10/48AC/01C/SR/RF/4G_04132022192107_812951"
"2400380","Xiamen Joint Tech. Co., Ltd","Joint","JNT-EVC15/48AC/01C/XX/RF/WF","JNT-EVC15/48AC/01C/XX/RF/WF","JNT-EVC27/48AC/01C/XX/RF/WF",,"Level 2","48","240","11.52","1","18","7",,,"No",,,,,,,,,"Yes","Wi-Fi or Gigabit Ethernet","1.91","3.6","0.12","2.04","3.6","0.14","2.25","22.8","0.14","85","32","9","6",,,,,,,,,,,,,,"08/22/2022","08/22/2022","United States, Canada","ES_1147352_JNT-EVC15/48AC/01C/XX/RF/WF_08092022160626_163995"
"2404726","Xiamen Joint Tech. Co., Ltd","Joint","JNT-EVC10/80AC/01C/XX/RF/WF","JNT-EVC10/80AC/01C/XX/RF/WF",,,"Level 2","80","240","19.2","1","18","6","7.94","153","No",,,,,,,,,"Yes","Wi-Fi or Gigabit Ethernet","3.62","4.46","0.27","3.73","4.46","0.26","6.08","36.46","0.34","174","31","12","6",,,,,,,,,,,,,,"11/18/2022","11/18/2022","United States, Canada","ES_1147352_JNT-EVC10/80AC/01C/XX/RF/WF_11172022092624_4715234"
"3798588","Xiamen Joint Tech. Co., Ltd","Joint","JNT-EVM002/48AC/01C/**/RF/WF/4G","JNT-EVM002/48AC/01C/**/RF/WF/4G",,,"Level 2","48","240","11.52","1","25","8","8.54","120","No",,,,,,,"Radio Frequency Identification (RFID)",,"Yes","Wi-Fi or Gigabit Ethernet,Cellular","6.47","7.41","0.39","6.55","7.41","0.39","10.88","26.61","0.43","191.61","83.06","28.47","12.2",,,,,,,,,,,,,,"11/12/2024","11/12/2024","United States, Canada","ES_1147352_JNT-EVM002/48AC/01C/XX/RF/4G_11082024143846_9630243"
"3798589","Xiamen Joint Tech. Co., Ltd","Joint","JNT-EVM005/2*48AC/01C/**/RF/4G","JNT-EVM005/2*48AC/01C/**/RF/4G",,,"Level 2","96","240","23.04","2","25","8","21.52","120","No",,,,,,,"Radio Frequency Identification (RFID)",,"Yes","Wi-Fi or Gigabit Ethernet,Cellular","5.29","7.1","0.36","5.31","7.1","0.36","5.88","26.3","0.37","198.29","83.29","30.85","13.25",,,,,,,,,,,,,,"11/12/2024","11/12/2024","United States, Canada","ES_1147352_JNT-EVM005/2*48AC/01C/XX/RF/4G_11082024151359_5896570"
"3892640","Xiamen Joint Tech. Co., Ltd","Joint","JNT-EVH007/48AC/01C/**/RF/WF/4G","JNT-EVH007/48AC/01C/**/RF/WF/4G",,,"Level 2","48","240","11.52","1","25","7",,,"No",,,,,,,"Radio Frequency Identification (RFID)",,"Yes","Wi-Fi or Gigabit Ethernet,Cellular","4.96","6.5","0.39","4.97","6.5","0.38","9.27","25.7","0.42","187.33","83.79","30.11","10.44",,,,,,,,,,,,,,"01/09/2025","01/09/2025","United States, Canada","ES_1147352_JNT-EVH007/48AC/01C/**/RF/WF/4G_12202024095549_9747583"
"3893948","Xiamen Joint Tech. Co., Ltd","Joint","JNT-EVM002/80AC/01C/**/RF/WF/4G","JNT-EVM002/80AC/01C/**/RF/WF/4G",,,"Level 2","80","240","19.2","1","25","6","8.54","120","No",,,,,,,"High Resolution Display,Radio Frequency Identification (RFID)",,"Yes","Wi-Fi or Gigabit Ethernet,Cellular","6.12","7.41","0.38","6.1","7.41","0.38","10.31","39.41","0.41","338.44","61.5","22.93","11.24",,,,,,,,,,,,,,"01/14/2025","01/14/2025","United States, Canada","ES_1147352_JNT-EVM002/80AC/01C/**/RF/WF/4G_01092025124734_7795526"
"4479463","Xiamen Joint Tech. Co., Ltd","Joint","Ac charging pile","JNT-EVL007/48AC/01C/BK/RF/WF",,,"Level 2","48","240.6","11.55","1","25","9",,,"No","No",,,"SAE J1772",,,"Radio Frequency Identification (RFID),Revenue Grade Meter,Speaker","Electric Vehicle Supply Equipment","Yes","Wi-Fi or Gigabit Ethernet","2.76","7.5","0.37","2.95","7.5","0.37","3.62","26.7","0.44","34","31","8","8",,,,,,,,,,,,,,"07/17/2025","07/17/2025","United States, Canada","ES_1147352_JNT-EVL007/48AC/01C/BK/RF/WF_07182025104028_3336111"
"4510146","Xiamen Joint Tech. Co., Ltd","Joint","Electric Vehicle AC Charging Station","JNT-EVL009/48AC/01C/BK/RF/WF","Electric Vehicle AC Charging Station,JNT-EVL009/##AC/01C/**/RF/WF,## stands for current value: 16, 32, 40, 48; ** stands for color SR, WH,BK",,"Level 2","48","240","11.52","1","18","9",,,"No",,,,,,,"Radio Frequency Identification (RFID),Revenue Grade Meter,Speaker",,"Yes","Wi-Fi or Gigabit Ethernet","1.19","8.5","0.12","1.25","8.5","0.13","1.31","27.7","0.13","234.54","86.62","23.35","4.15",,,,,,,,,,,,,,"09/23/2025","09/23/2025","United States, Canada","ES_1147352_JNT-EVL009/48AC/01C/BK/RF/WF_09242025093310_1010101"
"4511250","Xiamen Joint Tech. Co., Ltd","Joint","JNT-EVM003/48AC/01C/**/RF/WF/4G","JNT-EVM003/48AC/01C/**/RF/WF/4G",,,"Level 2","48","240","11.52","1","25","8",,,"No",,,,,,,"Radio Frequency Identification (RFID)",,"Yes","Wi-Fi or Gigabit Ethernet,Cellular","4.79","6.5","0.06","5.15","6.5","0.06","8.72","25.7","0.07","110","32","1","8",,,,,,,,,,,,,,"10/14/2025","10/14/2025","United States, Canada","ES_1147352_JNT-EVM003/48AC/01C/##/RF/WF/4G_10112025162406_1186334"
"4572872","Xiamen LinkPower Tech. Co., Ltd.","LINKPOWER","AC Electric Vehicle Charging Station (Electric Vehicle Charger)","CS308-##A","## represent current rating and could be 32, 40, 48, 80.",,"Level 2","80","240","19.2","1","25","3","21.7","87.83","No","Yes","Open Charge Point Protocol (OCPP)","Wi-Fi","SAE J1772","NIST Cybersecurity Framework","Yes","High Resolution Display,PLC Board (ISO 15118),Radio Frequency Identification (RFID)","None","Yes","Wi-Fi or Gigabit Ethernet,Other LAN (Local Area Network)","6.15","11.69","0.46","6.54","11.69","0.46","11.47","43.69","0.51","53","15","13","6",,,,,,,,,,,,,,"03/02/2026","03/02/2026","United States","ES_1149527_CS308-##A_03042026142246_2953789"
"4572873","Xiamen LinkPower Tech. Co., Ltd.","LINKPOWER","AC Electric Vehicle Charging Station (Electric Vehicle Charger)","CS306-##A","## represent current rating and could be 32, 40, 48, 80.",,"Level 2","80","240","19.2","1","25","3","21.7","87.83","No","Yes","Open Charge Point Protocol (OCPP)","Wi-Fi","SAE J1772","NIST Cybersecurity Framework","Yes","High Resolution Display,PLC Board (ISO 15118),Radio Frequency Identification (RFID)","None","Yes","Wi-Fi or Gigabit Ethernet,Other LAN (Local Area Network)","6.15","11.69","0.46","6.54","11.69","0.46","11.47","43.69","0.51","53","15","13","6",,,,,,,,,,,,,,"03/02/2026","03/02/2026","United States","ES_1149527_CS306-##A_03042026142246_2737779"
"4572874","Xiamen LinkPower Tech. Co., Ltd.","LINKPOWER","AC Electric Vehicle Charging Station (Electric Vehicle Charger)","HS102-##A","## represent current rating and could be 32, 40, 48, 80.",,"Level 2","80","240","19.2","1","25","3","21.7","87.83","No","Yes","Open Charge Point Protocol (OCPP)","Wi-Fi","SAE J1772","NIST Cybersecurity Framework","Yes","High Resolution Display,PLC Board (ISO 15118),Radio Frequency Identification (RFID)","None","Yes","Wi-Fi or Gigabit Ethernet,Other LAN (Local Area Network)","6.15","11.69","0.46","6.54","11.69","0.46","11.47","43.69","0.51","53","15","13","6",,,,,,,,,,,,,,"03/02/2026","03/02/2026","United States","ES_1149527_HS102-##A_03042026142246_2089950"
"4572877","Xiamen LinkPower Tech. Co., Ltd.","LINKPOWER","AC Electric Vehicle Charging Station (Electric Vehicle Charger)","DS308-##A","## represent current rating and could be 32, 40, 48, 64, 80, 96.",,"Level 2","80","240","19.2","2","25","3","21.7","62.21","No","Yes","Open Charge Point Protocol (OCPP)","Wi-Fi","SAE J1772",,,"High Resolution Display,PLC Board (ISO 15118),Radio Frequency Identification (RFID)","None","Yes","Wi-Fi or Gigabit Ethernet,Other LAN (Local Area Network)","5.76","9.59","0.39","5.79","9.59","0.39","6.77","41.59","0.45","43","16","12","17",,,,,,,,,,,,,,"03/02/2026","03/02/2026","United States","ES_1149527_DS308-##A_03042026145807_5562725"
"4572878","Xiamen LinkPower Tech. Co., Ltd.","LINKPOWER","AC Electric Vehicle Charging Station (Electric Vehicle Charger)","DS306-##A","## represent current rating and could be 32, 40, 48, 64, 80, 96.",,"Level 2","80","240","19.2","2","25","3","21.7","62.21","No","Yes","Open Charge Point Protocol (OCPP)","Wi-Fi","SAE J1772",,,"High Resolution Display,PLC Board (ISO 15118),Radio Frequency Identification (RFID)","None","Yes","Wi-Fi or Gigabit Ethernet,Other LAN (Local Area Network)","5.76","9.59","0.39","5.79","9.59","0.39","6.77","41.59","0.45","43","16","12","17",,,,,,,,,,,,,,"03/02/2026","03/02/2026","United States","ES_1149527_DS306-##A_03042026145807_7042553"
"3360616","Zemetric Inc.","Zemetric Inc","Shasta-160","Shasta-160",,,"Level 2","160","240","38.4","2","25","6",,,"No",,,,"SAE J1772",,,,,"No","None","6.84","7.5","0.13","6.85","7.5","0.13","12.65","39.5","0.13","10.42","12","12.59","12.71",,,,,,,,,,,,,,"01/05/2024","01/05/2024","United States, Canada","ES_1148992_Shasta-160_01082024092112_1396905"
"2440463","Zerova Technologies Taiwan Limited","Zerova","ELECTRIC VEHICLE SUPPLY EQUIPMENT","AXLU111001D","AXLU111001W",,"Level 2","48","240","11.52","1","18","7","10.77","295.2","No","No",,,,,"No",,,"Yes","Wi-Fi or Gigabit Ethernet,Cellular","4.27","4.81","0.33","4.27","4.81","0.33","6.53","24.89","0.36","10","4","2","1",,,,,,,,,,,,,,"03/17/2023","03/17/2023","United States, Canada","ES_1148023_AXLU111001D_03202023155205_1010101"
"2454358","Zerova Technologies Taiwan Limited","Zerova","AXLU191001D","AXLU191001D","AXLU191001W",,"Level 2","80","240","19.2","1","25","6","10.8","274","No",,,,,,,,,"Yes","Wi-Fi or Gigabit Ethernet","4.36","4.8","0.17","4.46","4.8","0.18","7.01","36.8","0.25","189","36","17","11",,,,,,,,,,,,,,"04/18/2023","04/18/2023","United States, Canada","ES_1148023_AXLU191001D_04152023164910_4283868"
"2740371","Zerova Technologies Taiwan Limited","Zerova","Electric Vehicle Supply Equipment","AXLU111001-40 AXLU111001-32","Electric Vehicle Supply Equipment,""AXLU111001-40 AXLU111001-32 "",different rating for output, AXLU111001D output rating is 48A; AXLU111001-40 output rating is 40A; AXLU111001-32 output rating is 32A",,"Level 2","48","240","11.52","1","18","7","10.77","295.2","No","No",,,,,"No","High Resolution Display",,"Yes","Wi-Fi or Gigabit Ethernet","4.27","4.81","0.33","4.27","4.81","0.33","6.53","24","0.36","10","6","3","1",,,,,,,,,,,,,,"11/07/2023","11/07/2023","United States, Canada","ES_1148023_AXLU111001-40 AXLU111001-32_11202023101011_1010101"
"3629239","Zerova Technologies Taiwan Limited","Zerova","EV Charger Station","AWLU111001","EV Charger Station,AXLU111009D, AXLU111009W",,"Level 2","48","240","11.52","1","25","8",,,"No","No",,,,,,"PLC Board (ISO 15118),Radio Frequency Identification (RFID),Speaker",,"Yes","Wi-Fi or Gigabit Ethernet,Cellular","5.89","8.5","0.29","6.44","8.5","0.31","13.44","27.7","0.39","118.72","69.48","27.56","14.37",,,,,,,,,,,,,,"12/06/2024","12/06/2024","United States, Canada","ES_1148023_AWLU111001_09122024100010_1010101"
"4498404","Zerova Technologies Taiwan Limited","Zerova","AC EV Charger","AXLU191001D","AXLU191001D,AXLU191001W",,"Level 2","80","240","19.2","1","16","6","10.84","250","No",,,,,,,"High Resolution Display,PLC Board (ISO 15118),Credit Card Reader,Radio Frequency Identification (RFID),Revenue Grade Meter,Speaker",,"Yes","Wi-Fi or Gigabit Ethernet","3.88","15.68","0.21","3.94","15.68","0.22","4.4","47.68","0.24","304.85","59.26","20.52","8.47",,,,,,,,,,,,,,"09/03/2025","09/03/2025","United States, Canada","ES_1148023_AXLU191001D_09042025062210_1010101"
"3462868","ZHONGSHAN AUXUS ELECTRONIC TECHNOLOGY CO.，LTD","Auxus","UCS-DP-48S-40FT","UCS-DP-48S-40FT","TCS-DP-48S-40FT",,"Level 2","48","240","11.52","1","40","8",,,"No",,,,,,,"Radio Frequency Identification (RFID)",,"Yes","Wi-Fi or Gigabit Ethernet","2.07","6.5","0.12","2.13","6.5","0.14","6.63","25.7","0.33","101","46","18","18",,,,,,,,,,,,,,"04/24/2024","04/24/2024","United States, Canada","ES_1150349_UCS-DP-48_04112024124852_2964441"
"3845243","ZHONGSHAN AUXUS ELECTRONIC TECHNOLOGY CO.，LTD","Auxus","UCS-HX-48S-##FT","UCS-HX-48S-##FT","TCS-HX-32S-##FT; TCS-HX-32SP-##FT; TCS-HX-40S-##FT; TCS-HX-40SP-##FT; TCS-HX-48S-##FT; UCS-HX-32S-##FT; UCS-HX-32SP-##FT; UCS-HX-40S-##FT; UCS-HX-40SP-##FT",,"Level 2","48","240","11.52","1","40","8","10.79","61.91","No",,,,,,,"Radio Frequency Identification (RFID),Speaker",,"Yes","Wi-Fi or Gigabit Ethernet","5.84","8.61","0.33","6.41","8.61","0.35","7.42","27.81","0.27","145","55","13","5",,,,,,,,,,,,,,"12/10/2024","12/10/2024","United States, Canada","ES_1150349_UCS-HX-48S-##FT, TCS-HX-48S-##FT_12092024132512_9569513"
"3892125","ZHONGSHAN AUXUS ELECTRONIC TECHNOLOGY CO.，LTD","Auxus","UCS-Z21-48S-##FT","UCS-Z21-48S-##FT","TCS-Z21-32S-##FT; TCS-Z21-32SP-##FT; TCS-Z21-40S-##FT; TCS-Z21-40SP-##FT; TCS-Z21-48S-##FT; UCS-Z21-32S-##FT; UCS-Z21-32SP-##FT; UCS-Z21-40S-##FT; UCS-Z21-40SP-##FT",,"Level 2","48","240","11.52","1","40","8","2.71","127.47","No",,,,,,,"Radio Frequency Identification (RFID),Speaker",,"Yes","Wi-Fi or Gigabit Ethernet","2.21","7.82","0.18","2.25","7.83","0.18","2.53","27.03","0.2","138","55","17","6",,,,,,,,,,,,,,"12/19/2024","12/19/2024","United States, Canada","ES_1150349_UCS-Z21-48S-##FT_12032024151811_3959771"
"4497033","ZHONGSHAN AUXUS ELECTRONIC TECHNOLOGY CO.，LTD","Auxus","UPC-B5-16AC2M-##FT","UPC-B5-16AC2M-##FT","TPC-B5-16AC2M-##FT; TPC-B5-16AC2T-##FT; TPC-B5-32ACM-##FT; TPC-B5-32ACT-##FT; TPC-B5-40ACM-##FT; TPC-B5-40ACT-##FT; UPC-B5-16AC2T-##FT; UPC-B5-32ACM-##FT; UPC-B5-32ACT-##FT; UPC-B5-40ACM-##FT; UPC-B5-40ACT-##FT",,"Level 2","40","240","9.6","1","37","9","3.98","25.03","No",,,,,,,,,"Yes","Wi-Fi or Gigabit Ethernet","1.96","5.43","0.1","1.9","5.43","0.1","2.86","21.43","0.14","222.44","23.87","39.22","25.17",,,,,,,,,,,,,,"08/25/2025","08/25/2025","United States, Canada","ES_1150349_UPC-B5-16AC2M-##FT_06192025131633_979730"
"2732220","Zhuzhou Zopoise Technology Co.,Ltd","Zopoise,","ZA05-U007K**-*###","ZA05-U007K**-*###","ZA10-U007K**-*###",,"Level 2","32","240","7.68","1","25","10",,,"No",,,,,,,,,"Yes","Wi-Fi or Gigabit Ethernet","1.64","5","0.26","1.72","5","0.26","4.84","17.8","0.37","19.5","19.1","17.3","16.5",,,,,,,,,,,,,,"11/03/2023","11/03/2023","United States, Canada","ES_1149617_ZA05-U007K**-*###_09212023171955_5040246"
"2732221","Zhuzhou Zopoise Technology Co.,Ltd","Zopoise,","ZB04-U011K**-*###","ZB04-U011K**-*###",,,"Level 2","48","240","11.52","1","25","8","7.93","105.2","No",,,,,,,"High Resolution Display,Radio Frequency Identification (RFID)",,"Yes","Wi-Fi or Gigabit Ethernet","4.54","7.34","0.36","4.59","7.34","0.36","9.24","26.54","0.41","26.6","23.4","19.8","19",,,,,,,,,,,,,,"11/03/2023","11/03/2023","United States, Canada","ES_1149617_ZB04-U011K**-*###_09222023091641_2023584"
