"ENERGY STAR Unique ID","ENERGY STAR Partner","Brand Name","Model Name","Model Number","Additional Model Information","UPC","DC-input or AC-input","Single Phase or Three Phase","Product Configuration","Connector Type","Network Capability","Network Connection Types Available","Output Cord Length (ft.)","Output Cord Gauge (AWG)","Screen Area, if EVSE has high res display (in2)","Maximum Measured Luminance of the High Res Display (candelas per m2)","Automatic Brightness Control Capable?","Connected Capable","DR Protocol","Connects Using","Protocols Used to Support Smart Charging","Network Security Standards","Is Broadband Internet Connection Needed for Demand Response?","Auxiliary Product Features","Product Features","Maximum Available Output Power","Maximum Nameplate Output Current (A) AC-Input","Rated Input Voltage (V) AC-Input","Number of Outputs","Integral Battery Bank"," No Vehicle Mode Input Power (watts) AC-Input","No Vehicle Mode Total Allowance (watts)"," No Vehicle Mode Power Factor AC-Input","Partial On Mode Input Power (watts) AC-Input","Partial On Mode Total Allowance (watts)","Partial On Mode Power Factor AC-Input"," Idle Mode Input Power (watts) AC- Input","Idle Mode Power Factor AC-Input","Operation Mode: 25% Loading Condition Input Power in Cold Climate AC-Input","Operation Mode: 25% Loading Condition Output Power in Cold Climate AC-Input","Operation Mode: 50% Loading Condition Input Power in Cold Climate AC-Input","Operation Mode: 50% Loading Condition Output Power in Cold Climate AC-Input","Operation Mode: 75% Loading Condition Input Power in Cold Climate AC-Input","Operation Mode: 75% Loading Condition Output Power in Cold Climate AC-Input","Operation Mode: 50 kW Loading Condition Input Power in Cold Climate AC-Input","Operation Mode: 50 kW Loading Condition Output Power in Cold Climate AC-Input","Operation Mode: 150 kW Loading Condition Input Power in Cold Climate AC-Input","Operation Mode: 150 kW Loading Condition Output Power in Cold Climate AC-Input","Operation Mode: 100% Loading Condition Input Power in Cold Climate AC-Input","Operation Mode: 100% Loading Condition Output Power in Cold Climate AC-Input","Operation Mode: 100% Loading Condition Power Factor in Cold Climate AC-Input","Operation Mode: 25% Loading Condition Input Power in Temperate Climate AC-Input","Operation Mode: 25% Loading Condition Output Power in Temperate Climate AC-Input","Operation Mode: 50% Loading Condition Input Power in Temperate Climate AC-Input","Operation Mode: 50% Loading Condition Output Power in Temperate Climate AC-Input","Operation Mode: 75% Loading Condition Input Power in Temperate Climate AC-Input","Operation Mode: 75% Loading Condition Output Power in Temperate Climate AC-Input","Operation Mode: 50 kW Loading Condition Input Power in Temperate Climate AC-Input","Operation Mode: 50 kW Loading Condition Output Power in Temperate Climate AC-Input","Operation Mode: 150 kW Loading Condition Input Power in Temperate Climate AC-Input","Operation Mode: 150 kW Loading Condition Output Power in Temperate Climate AC-Input","Operation Mode: 100% Loading Condition Input Power in Temperate Climate AC-Input","Operation Mode: 100% Loading Condition Output Power in Temperate Climate AC-Input","Operation Mode: 100% Loading Condition Power Factor in Temperate Climate AC-Input","Operation Mode: 25% Loading Condition Input Power in Hot Climate AC-Input","Operation Mode: 25% Loading Condition Output Power in Hot Climate AC-Input","Operation Mode: 50% Loading Condition Input Power in Hot Climate AC-Input","Operation Mode: 50% Loading Condition Output Power in Hot Climate AC-Input","Operation Mode: 75% Loading Condition Input Power in Hot Climate AC-Input","Operation Mode: 75% Loading Condition Output Power in Hot Climate AC-Input","Operation Mode: 50 kW Loading Condition Input Power in Hot Climate AC-Input","Operation Mode: 50 kW Loading Condition Output Power in Hot Climate AC-Input","Operation Mode: 150 kW Loading Condition Input Power in Hot Climate AC-Input","Operation Mode: 150 kW Loading Condition Output Power in Hot Climate AC-Input","Operation Mode: 100% Loading Condition Input Power in Hot Climate AC-Input","Operation Mode: 100% Loading Condition Output Power in Hot Climate AC-Input","Operation Mode: 100% Loading Condition Power Factor in Hot Climate AC-Input","Average Loading-Adjusted Efficiency (%) AC-Input","Maximum Nameplate Output Current (A) DC- Input","Rated Input Voltage (V) DC-Input","No Vehicle Mode Input Power (watts) DC-Input","Partial On Mode Input Power (watts) DC-Input","Idle Mode Input Power (watts) DC-Input","Operation Mode: 25% Loading Condition Input Power in Cold Climate DC-Input","Operation Mode: 25% Loading Condition Output Power in Cold Climate DC-Input","Operation Mode: 50% Loading Condition Input Power in Cold Climate DC-Input","Operation Mode: 50% Loading Condition Output Power in Cold Climate DC-Input","Operation Mode: 75% Loading Condition Input Power in Cold Climate DC-Input","Operation Mode: 75% Loading Condition Output Power in Cold Climate DC-Input","Operation Mode: 50 kW Loading Condition Input Power in Cold Climate DC-Input","Operation Mode: 50 kW Loading Condition Output Power in Cold Climate DC-Input","Operation Mode: 150 kW Loading Condition Input Power in Cold Climate DC-Input","Operation Mode: 150 kW Loading Condition Output Power in Cold Climate DC-Input","Operation Mode: 100% Loading Condition Input Power in Cold Climate DC-Input","Operation Mode: 100% Loading Condition Output Power in Cold Climate DC-Input","Operation Mode: 25% Loading Condition Input Power in Temperate Climate DC-Input","Operation Mode: 25% Loading Condition Output Power in Temperate Climate DC-Input","Operation Mode: 50% Loading Condition Input Power in Temperate Climate DC-Input","Operation Mode: 50% Loading Condition Output Power in Temperate Climate DC-Input","Operation Mode: 75% Loading Condition Input Power in Temperate Climate DC-Input","Operation Mode: 75% Loading Condition Output Power in Temperate Climate DC-Input","Operation Mode: 50 kW Loading Condition Input Power in Temperate Climate DC-Input","Operation Mode: 50 kW Loading Condition Output Power in Temperate Climate DC-Input","Operation Mode: 150 kW Loading Condition Input Power in Temperate Climate DC-Input","Operation Mode: 150 kW Loading Condition Output Power in Temperate Climate DC-Input","Operation Mode: 100% Loading Condition Input Power in Temperate Climate DC-Input","Operation Mode: 100% Loading Condition Output Power in Temperate Climate DC-Input","Operation Mode: 25% Loading Condition Input Power in Hot Climate DC-Input","Operation Mode: 25% Loading Condition Output Power in Hot Climate DC-Input","Operation Mode: 50% Loading Condition Input Power in Hot Climate DC-Input","Operation Mode: 50% Loading Condition Output Power in Hot Climate DC-Input","Operation Mode: 75% Loading Condition Input Power in Hot Climate DC-Input","Operation Mode: 75% Loading Condition Output Power in Hot Climate DC-Input","Operation Mode: 50 kW Loading Condition Input Power in Hot Climate DC-Input","Operation Mode: 50 kW Loading Condition Output Power in Hot Climate DC-Input","Operation Mode: 150 kW Loading Condition Input Power in Hot Climate DC-Input","Operation Mode: 150 kW Loading Condition Output Power in Hot Climate DC-Input","Operation Mode: 100% Loading Condition Input Power in Hot Climate DC-Input","Operation Mode: 100% Loading Condition Output Power in Hot Climate DC-Input","Average Loading-Adjusted Efficiency (%) DC-Input","Date Available On Market","Date Certified","Markets","CB Model Identifier"
"2409680","ABB E-mobility B.V.","ABB","Terra DC Wallbox 24-C1","Terra DC Wallbox 24-C1","Terra DC Wallbox 24 C1J",,"AC-input","Single Phase","All-in-One Product Configuration","Combined Charging System (CCS)","Yes","Cellular","23","8","21","1,776","No","No",,,,,,,"Pedestal or Wall Mountable
Touch Screen Color Display","22.5",,"240","1","No","28.7","60.09","0.22","28.6","60.09","0.22","35.5","0.09","5,841","5,591","11,547","11,182","17,356","16,767",,,,,"23,283","22,355","1","5,835","5,568","11,565","11,228","17,404","16,830",,,,,"23,506","22,443","1","5,832","5,598","11,579","16,817","17,409","16,817",,,,,"23,417","22,448","1","0.97",,,,,,,,,,,,,,,,,,,,,,,,,,,,,,,,,,,,,,,,,,,"01/14/2019","03/17/2023","United States","ES_1146276_Terra DC Wallbox 24-C1_02082023225223_5834422"
"2409685","ABB E-mobility B.V.","ABB","Terra DC Wallbox 24-CJ","Terra DC Wallbox 24-CJ","Terra DC Wallbox 24 C; Terra DC Wallbox 24 CC",,"AC-input","Three Phase","All-in-One Product Configuration","CHAdeMO,Combined Charging System (CCS)","Yes","Cellular","23","8","21","1,948","No","No",,,,,,,"Pedestal or Wall Mountable
Touch Screen Color Display","22.5","60","480","2","No","37.8","60.24","0.17","44.4","60.24","0.2","45","0.15","5,893","5,598","11,410","11,137","17,533","17,074",,,,,"22,643","22,158","1","5,797","5,610","11,414","11,172","17,130","16,736",,,,,"22,403","22,310","1","5,832","5,592","11,429","11,157","17,598","17,144",,,,,"22,984","22,298","1","0.99",,,,,,,,,,,,,,,,,,,,,,,,,,,,,,,,,,,,,,,,,,,"08/19/2019","03/03/2023","United States","ES_1146276_Terra DC Wallbox 24-CJ_020820230040103_5855022"
"2443183","ABB E-mobility B.V.","ABB","Terra 184 CC","Terra 184 CC","Terra 124 C; Terra 124 CC; Terra 124 CJ; Terra 184 C; Terra 184 CJ; Terra 94 C; Terra 94 CC; Terra 94 CJ",,"AC-input","Three Phase","All-in-One Product Configuration","CHAdeMO,Combined Charging System (CCS)","No","None","19","2","21","1,682","No","No",,,,,,,"Power Sharing Technology","180,000","230","480","2","No",,"134.02","0.02",,"134.02","0.02",,"0.02","46,366","44,911","92,775","89,284","136,203","133,480","52,349","50,709","154,684","149,836","184,826","177,731","0.99","46,618","45,148","93,447","89,773","139,303","134,540","52,656","50,966","156,360","150,668","186,578","178,988","0.99","47,412","45,802","92,235","88,442","139,809","134,988","51,866","50,103","156,727","150,920","186,942","179,348","0.99","0.96",,,"39.4","39.39","39.4",,,,,,,,,,,,,,,,,,,,,,,,,,,,,,,,,,,,,,"10/16/2020","03/21/2023","United States, Canada","ES_1146276_Terra 184 CC _031720232136131_9021468"
"4481076","ABB E-mobility B.V.","ABB E-mobility B.V.","TDC400-x Nayzz","A300S1 NA 6CC","Ax00Sw Nayzz (x=100, 200, 300; w=1, 2); y=5, 6; z=C, N",,"AC-input","Three Phase","All-in-One Product Configuration","Other,Combined Charging System (CCS),NACS","Yes","Gigabit Ethernet,Wi-Fi","16","4/0","411","853","No","Yes","Open Charge Point Protocol (OCPP)","HomePlug Green PHY","ISO 15118-2 or later","None","Yes","High Resolution Display,PLC Board (ISO 15118),Credit Card Reader,Radio Frequency Identification (RFID),Revenue Grade Meter,Speaker","None","300","380","480","2","No","155.8","201.13","0.41","144.4","201.13","0.4","1,225.4","0.44","79,034","75,043","157,326","150,119","236,300","225,196","53,151","50,114","157,326","150,119","315,246","300,465","0.99","78,752","75,127","156,512","150,166","236,558","225,194","53,025","50,056","156,512","150,166","316,348","300,312","0.99","79,175","75,088","157,572","150,149","237,224","225,190","53,084","50,057","157,572","150,149","318,093","300,314","0.99","0.95",,,,,,,,,,,,,,,,,,,,,,,,,,,,,,,,,,,,,,,,,,,"01/01/2025","08/04/2025","United States, Canada","ES_1146276_A300S1 NA 6CC_08052025112436_5637570"
"4513958","ABB E-mobility B.V.","ABB E-mobility B.V.","C50Sw NA yzz (w = 1, 2, 3; y = 1; z = C, N)","C50Sw NA yzz (w = 1, 2, 3; y = 1; z = C, N)","C50S1 NA 1CC,C50S1 NA 1CC; C50S1 NA 1CN,C50S1 NA 1CN; C50S1 NA 1NC,C50S1 NA 1NC; C50S1 NA 1NN,C50S1 NA 1NN; C50S2 NA 1CC,C50S2 NA 1CC; C50S2 NA 1CN,C50S2 NA 1CN; C50S2 NA 1NC,C50S2 NA 1NC; C50S2 NA 1NN,C50S2 NA 1NN; C50S3 NA 1CC,C50S3 NA 1CC; C50S3 NA 1CN,C50S3 NA 1CN; C50S3 NA 1NC,C50S3 NA 1NC; C50S3 NA 1NN,C50S3 NA 1NN",,"AC-input","Three Phase","All-in-One Product Configuration","Tesla,Combined Charging System (CCS)","Yes","Cellular","25","5AWG","198.77",,"No","Yes","Open Charge Point Protocol (OCPP)","HomePlug Green PHY","ISO 15118-2 or later","None","Yes","High Resolution Display,Credit Card Reader,Radio Frequency Identification (RFID)","Grid to Vehicle only","50","150","480","2","No",,"89.46",,,"87.07",,,,"13.09","12.49","26.06","25.04","39.01","37.5",,,,,"52.06","49.92","0.99","13.12","12.52","26","24.91","39.04","37.52",,,,,"51.97","49.78","0.99","13.11","12.49","26.17","24.99","39.12","37.5",,,,,"52.07","49.75","0.99","0.96",,,,,,,,,,,,,,,,,,,,,,,,,,,,,,,,,,,,,,,,,,,"11/15/2025","10/30/2025","United States, Canada","ES_1146276_C50Sw NA yzz w 1 2 3_10302025121802_7867108"
"3624248","AddÉnergie Technologies Inc.","FLO","Ultra FL1*S#*1","Ultra FL1*S#*1",,,"AC-input","Three Phase","All-in-One Product Configuration","Other,Combined Charging System (CCS),J3400","Yes","Gigabit Ethernet,Wi-Fi,Cellular","18","4","128.82","2,764.42","No","No",,,,,,"Camera/ Occupancy Sensing,High Resolution Display,Credit Card Reader,Radio Frequency Identification (RFID),Speaker","None","320,000","500","480","2","No","119","177.6","0.99","127","177.6","0.99","1.08","0.99","86,400","81,200","168,300","157,100","259,700","242,500",,,,,"333,300","317,400","1","82,600","78,800","159,100","157,400","261,500","243,900",,,,,"336,300","319,700","0.99","84,600","79,500","173,200","162,900","263,200","244,700",,,,,"338,600","320,800","0.99","0.95",,,,,,,,,,,,,,,,,,,,,,,,,,,,,,,,,,,,,,,,,,,"06/12/2024","08/21/2024","United States, Canada","ES_1143909_Ultra FL1*S#*1_08192024145654_8797756"
"4015664","Alpitronic srl","Alpitronic","HYC_400UL_ES","HYC_400UL_ES",,,"AC-input","Three Phase","All-in-One Product Configuration","Tesla,CHAdeMO,Combined Charging System (CCS)","Yes","Cellular","16","4x2","103.3","823","No","No",,,,,,,"None","350,000","600","480","4","No","103.29","168","0.36","106.3","168","0.33","746.7","0.7","90,800","89,070","181,050","177,700","274,480","267,230","50,571","49,360","155,040","151,969.99","355,350","346,900","0.9","90,680","88,900","181,160","177,499.99","274,910","267,600","50,656","49,420","154,840","151,410","355,560","345,750","0.9","90,680","88,680","180,910","177,300","274,650","267,220","50,946","49,680","155,220","151,660","355,980","345,980","0.9","0.97",,,,,,,,,,,,,,,,,,,,,,,,,,,,,,,,,,,,,,,,,,,"02/29/2024","04/15/2025","United States","ES_HYC_400UL_021820251642574_5946561"
"4653234","AMPS Charger","AMPS Charger","DC Electric Vehicle Supply Equipment","ICULA-320212",,,"AC-input","Three Phase","All-in-One Product Configuration","Combined Charging System (CCS)","No","None","16","2*2","425.43","454.4","Yes","No",,,,,,"Camera/ Occupancy Sensing,Credit Card Reader,High Resolution Display,PLC Board (ISO 15118),Radio Frequency Identification (RFID),Revenue Grade Meter","None","320,000","500","480","2","No","219.195","198.39","0.8","225.11","198.39","0.815","1,298.675","0.15","27,925.1","80,325","55,867.2","160,213","84,079.6","241,044","17,508.9","50,401.3","52,248.8","150,265","110,160","316,967","1","27,912.1","80,202.8","55,986.4","160,321","83,674.9","239,633","17,469.5","50,280.4","52,356.7","150,332","109,783","315,322","1","28,223.8","80,645","56,036.9","160,061","84,037","240,631","17,450.1","50,141.8","52,457.4","150,186","109,829","314,609","1","2.87",,,,,,,,,,,,,,,,,,,,,,,,,,,,,,,,,,,,,,,,,,,"01/14/2026","09/26/2025","United States, Canada","ES_1152569_ICULA-320212_06092026152313_80272297"
"4653235","AMPS Charger","AMPS Charger","DC Electric Vehicle Supply Equipment","ICULA-320212",,,"AC-input","Three Phase","All-in-One Product Configuration","Combined Charging System (CCS)","No","None","16","2*2","425.43","454.4","Yes","No",,,,,,"Camera/ Occupancy Sensing,Credit Card Reader,High Resolution Display,PLC Board (ISO 15118),Radio Frequency Identification (RFID),Revenue Grade Meter","None","320,000","500","480","2","No","219.195","198.39","0.955","225.11","198.39","0.96","1,298.675","0.175","27,935.6","80,325","55,878.4","160,213","84,122.9","241,044","17,529.7","50,401.3","52,267.3","150,265","110,379","316,967","1","27,921.3","80,202.8","56,009.6","160,321","83,703.3","239,633","17,497.6","50,280.4","52,373.2","150,332","110,024","315,322","1","28,231.7","80,645","56,078.6","160,061","84,102.4","240,631","17,481","50,141.8","52,480","150,186","110,039","314,609","1","2.87",,,,,,,,,,,,,,,,,,,,,,,,,,,,,,,,,,,,,,,,,,,"01/14/2026","09/26/2025","United States, Canada","ES_1152569_ICULA-320212_06092026152314_80272297"
"4653236","AMPS Charger","AMPS Charger","DC Electric Vehicle Supply Equipment","ICULA-320212",,,"AC-input","Three Phase","All-in-One Product Configuration","Combined Charging System (CCS)","No","None","16","2*2","425.43","454.4","Yes","No",,,,,,"Camera/ Occupancy Sensing,Credit Card Reader,High Resolution Display,PLC Board (ISO 15118),Radio Frequency Identification (RFID),Revenue Grade Meter","None","320,000","500","480","2","No","219.195","198.39","0.685","225.11","198.39","0.7","1,298.675","0.165","27,914.4","80,325","55,895.3","160,213","84,130.7","241,044","17,490.9","50,401.3","52,275.5","150,265","110,328","316,967","1","27,896.5","80,202.8","56,009.6","160,321","83,723.6","239,633","17,457","50,280.4","52,381.6","150,332","109,985","315,322","1","28,194.4","80,645","56,061","160,061","84,121.7","240,631","17,435.2","50,141.8","52,470.6","150,186","110,000","314,609","1","2.87",,,,,,,,,,,,,,,,,,,,,,,,,,,,,,,,,,,,,,,,,,,"01/14/2026","09/26/2025","United States, Canada","ES_1152569_ICULA-320212_06092026152315_80272297"
"4653237","AMPS Charger","AMPS Charger","DC Electric Vehicle Supply Equipment","ICULB-320212",,,"AC-input","Three Phase","All-in-One Product Configuration","Combined Charging System (CCS)","No","None","16","2*2","425.43","454.4","Yes","No",,,,,,"Camera/ Occupancy Sensing,Credit Card Reader,High Resolution Display,PLC Board (ISO 15118),Radio Frequency Identification (RFID),Revenue Grade Meter","None","320,000","500","480","2","No","219.195","198.39","0.8","225.11","198.39","0.815","1,298.675","0.15","27,925.1","80,325","55,867.2","160,213","84,079.6","241,044","17,508.9","50,401.3","52,248.8","150,265","110,160","316,967","1","27,912.1","80,202.8","55,986.4","160,321","83,674.9","239,633","17,469.5","50,280.4","52,356.7","150,332","109,783","315,322","1","28,223.8","80,645","56,036.9","160,061","84,037","240,631","17,450.1","50,141.8","52,457.4","150,186","109,829","314,609","1","2.87",,,,,,,,,,,,,,,,,,,,,,,,,,,,,,,,,,,,,,,,,,,"01/14/2026","09/26/2025","United States, Canada","ES_1152569_ICULB-320212_06092026152316_80272297"
"4653238","AMPS Charger","AMPS Charger","DC Electric Vehicle Supply Equipment","ICULB-320212",,,"AC-input","Three Phase","All-in-One Product Configuration","Combined Charging System (CCS)","No","None","16","2*2","425.43","454.4","Yes","No",,,,,,"Camera/ Occupancy Sensing,Credit Card Reader,High Resolution Display,PLC Board (ISO 15118),Radio Frequency Identification (RFID),Revenue Grade Meter","None","320,000","500","480","2","No","219.195","198.39","0.955","225.11","198.39","0.96","1,298.675","0.175","27,935.6","80,325","55,878.4","160,213","84,122.9","241,044","17,529.7","50,401.3","52,267.3","150,265","110,379","316,967","1","27,921.3","80,202.8","56,009.6","160,321","83,703.3","239,633","17,497.6","50,280.4","52,373.2","150,332","110,024","315,322","1","28,231.7","80,645","56,078.6","160,061","84,102.4","240,631","17,481","50,141.8","52,480","150,186","110,039","314,609","1","2.87",,,,,,,,,,,,,,,,,,,,,,,,,,,,,,,,,,,,,,,,,,,"01/14/2026","09/26/2025","United States, Canada","ES_1152569_ICULB-320212_06092026152317_80272297"
"4653239","AMPS Charger","AMPS Charger","DC Electric Vehicle Supply Equipment","ICULB-320212",,,"AC-input","Three Phase","All-in-One Product Configuration","Combined Charging System (CCS)","No","None","16","2*2","425.43","454.4","Yes","No",,,,,,"Camera/ Occupancy Sensing,Credit Card Reader,High Resolution Display,PLC Board (ISO 15118),Radio Frequency Identification (RFID),Revenue Grade Meter","None","320,000","500","480","2","No","219.195","198.39","0.685","225.11","198.39","0.7","1,298.675","0.165","27,914.4","80,325","55,895.3","160,213","84,130.7","241,044","17,490.9","50,401.3","52,275.5","150,265","110,328","316,967","1","27,896.5","80,202.8","56,009.6","160,321","83,723.6","239,633","17,457","50,280.4","52,381.6","150,332","109,985","315,322","1","28,194.4","80,645","56,061","160,061","84,121.7","240,631","17,435.2","50,141.8","52,470.6","150,186","110,000","314,609","1","2.87",,,,,,,,,,,,,,,,,,,,,,,,,,,,,,,,,,,,,,,,,,,"01/14/2026","09/26/2025","United States, Canada","ES_1152569_ICULB-320212_06092026152318_80272297"
"4653254","AMPS Charger","AMPS Charger","DC Electric Vehicle Supply Equipment","ICULD-320212",,,"AC-input","Three Phase","All-in-One Product Configuration","Combined Charging System (CCS)","No","None","16","4*1","425.43","377.2","Yes","No",,,,,,"Camera/ Occupancy Sensing,Credit Card Reader,High Resolution Display,PLC Board (ISO 15118),Radio Frequency Identification (RFID),Revenue Grade Meter","None","320,000","300","480","2","No","216.09","194.78","1.07","223.165","194.78","1.07","1,452.08","0.205","26,069.9","75,261.3","53,166.3","150,228","77,664","150,228","17,423.9","50,164.7",,,"102,814","298,324","1","26,069.4","75,261.3","53,537.9","150,706","77,776.6","225,408","18,029.3","50,314",,,"103,421","299,560","1","26,113.3","75,222.6","52,994.1","150,014","77,879.6","225,270","17,445.1","50,170.5",,,"103,640","299,363","1","2.88",,,,,,,,,,,,,,,,,,,,,,,,,,,,,,,,,,,,,,,,,,,"01/14/2026","09/26/2025","United States, Canada","ES_1152569_ICULD-320212_06092026152313_80272297"
"4653255","AMPS Charger","AMPS Charger","DC Electric Vehicle Supply Equipment","ICULD-320212",,,"AC-input","Three Phase","All-in-One Product Configuration","Combined Charging System (CCS)","No","None","16","4*1","425.43","377.2","Yes","No",,,,,,"Camera/ Occupancy Sensing,Credit Card Reader,High Resolution Display,PLC Board (ISO 15118),Radio Frequency Identification (RFID),Revenue Grade Meter","None","320,000","300","480","2","No","216.09","194.78","0.79","223.165","194.78","0.81","1,452.08","0.22","26,089.3","75,261.3","53,196.9","150,228","77,851.2","150,228","17,443.1","50,164.7",,,"103,214","298,324","1","26,090.9","75,261.3","53,571.6","150,706","77,956","225,408","18,054","50,314",,,"103,808","299,560","1","26,128","75,222.6","53,114.5","150,014","78,033.2","225,270","17,459.9","50,170.5",,,"104,025","299,363","1","2.87",,,,,,,,,,,,,,,,,,,,,,,,,,,,,,,,,,,,,,,,,,,"01/14/2026","09/26/2025","United States, Canada","ES_1152569_ICULD-320212_06092026152311_80272297"
"4586143","SOARING SUNSHINE PTE. LTD.","SOARING SUNSHINE","DC Electric Vehicle Supply Equipment","ICULC-320217",,,"AC-input","Three Phase","All-in-One Product Configuration","Combined Charging System (CCS)","No","None","16","4*1","425.43","377.2","Yes","No",,,,,,"Camera/ Occupancy Sensing,Credit Card Reader,High Resolution Display,PLC Board (ISO 15118),Radio Frequency Identification (RFID),Revenue Grade Meter","None","320","300","480","2","No","216.09","194.78","0.79","223.165","194.78","0.81","1,452.08","0.22","26,089.3","75,261.3","53,196.9","150,228","77,851.2","150,228","17,443.1","50,164.7",,,"103,214","298,324","1","26,090.9","75,261.3","53,571.6","150,706","77,956","225,408","18,054","50,314",,,"103,808","299,560","1","26,128","75,222.6","53,114.5","150,014","78,033.2","225,270","17,459.9","50,170.5",,,"104,025","299,363","1","2.87",,,,,,,,,,,,,,,,,,,,,,,,,,,,,,,,,,,,,,,,,,,"11/14/2025","03/17/2026","United States, Canada","ES_1152591_ICULC-320217_03242026133953_80242282"
"4586144","SOARING SUNSHINE PTE. LTD.","SOARING SUNSHINE","DC Electric Vehicle Supply Equipment","ICULC-320217",,,"AC-input","Three Phase","All-in-One Product Configuration","Combined Charging System (CCS)","No","None","16","4*1","425.43","377.2","Yes","No",,,,,,"Camera/ Occupancy Sensing,Credit Card Reader,High Resolution Display,PLC Board (ISO 15118),Radio Frequency Identification (RFID),Revenue Grade Meter","None","320","300","480","2","No","216.09","194.78","0.605","223.165","194.78","0.61","1,452.08","0.205","26,058.8","75,261.3","53,247.5","150,228","77,874.5","150,228","17,415.9","50,164.7",,,"103,181","298,324","1","26,058.5","75,261.3","53,641.2","150,706","78,003.8","225,408","18,056","50,314",,,"103,800","299,560","1","26,161.2","75,222.6","53,108.7","150,014","78,095.8","225,270","17,498.4","50,170.5",,,"104,007","299,363","1","2.87",,,,,,,,,,,,,,,,,,,,,,,,,,,,,,,,,,,,,,,,,,,"11/14/2025","03/17/2026","United States, Canada","ES_1152591_ICULC-320217_03242026133907_80242282"
"4586145","SOARING SUNSHINE PTE. LTD.","SOARING SUNSHINE","DC Electric Vehicle Supply Equipment","ICULC-24021",,,"AC-input","Three Phase","All-in-One Product Configuration","Combined Charging System (CCS)","No","None","16","4*1","425.43","377.2","Yes","No",,,,,,"Camera/ Occupancy Sensing,Credit Card Reader,High Resolution Display,PLC Board (ISO 15118),Radio Frequency Identification (RFID),Revenue Grade Meter","None","320","300","480","2","No","216.09","194.78","1.07","223.165","194.78","1.07","1,452.08","0.205","26,069.9","75,261.3","53,166.3","150,228","77,664","150,228","17,423.9","50,164.7",,,"102,814","298,324","1","26,069.4","75,261.3","53,537.9","150,706","77,776.6","225,408","18,029.3","50,314",,,"103,421","299,560","1","26,113.3","75,222.6","52,994.1","150,014","77,879.6","225,270","17,445.1","50,170.5",,,"103,640","299,363","1","2.88",,,,,,,,,,,,,,,,,,,,,,,,,,,,,,,,,,,,,,,,,,,"11/14/2025","03/17/2026","United States, Canada","ES_1152591_ICULC-24021_03242026133909_80242282"
"4586146","SOARING SUNSHINE PTE. LTD.","SOARING SUNSHINE","DC Electric Vehicle Supply Equipment","ICULC-24021",,,"AC-input","Three Phase","All-in-One Product Configuration","Combined Charging System (CCS)","No","None","16","4*1","425.43","377.2","Yes","No",,,,,,"Camera/ Occupancy Sensing,Credit Card Reader,High Resolution Display,PLC Board (ISO 15118),Radio Frequency Identification (RFID),Revenue Grade Meter","None","320","300","480","2","No","216.09","194.78","0.79","223.165","194.78","0.81","1,452.08","0.22","26,089.3","75,261.3","53,196.9","150,228","77,851.2","150,228","17,443.1","50,164.7",,,"103,214","298,324","1","26,090.9","75,261.3","53,571.6","150,706","77,956","225,408","18,054","50,314",,,"103,808","299,560","1","26,128","75,222.6","53,114.5","150,014","78,033.2","225,270","17,459.9","50,170.5",,,"104,025","299,363","1","2.87",,,,,,,,,,,,,,,,,,,,,,,,,,,,,,,,,,,,,,,,,,,"11/14/2025","03/17/2026","United States, Canada","ES_1152591_ICULC-24021_03242026133902_80242282"
"4586147","SOARING SUNSHINE PTE. LTD.","SOARING SUNSHINE","DC Electric Vehicle Supply Equipment","ICULC-24021",,,"AC-input","Three Phase","All-in-One Product Configuration","Combined Charging System (CCS)","No","None","16","4*1","425.43","377.2","Yes","No",,,,,,"Camera/ Occupancy Sensing,Credit Card Reader,High Resolution Display,PLC Board (ISO 15118),Radio Frequency Identification (RFID),Revenue Grade Meter","None","320","300","480","2","No","216.09","194.78","0.605","223.165","194.78","0.61","1,452.08","0.205","26,058.8","75,261.3","53,247.5","150,228","77,874.5","150,228","17,415.9","50,164.7",,,"103,181","298,324","1","26,058.5","75,261.3","53,641.2","150,706","78,003.8","225,408","18,056","50,314",,,"103,800","299,560","1","26,161.2","75,222.6","53,108.7","150,014","78,095.8","225,270","17,498.4","50,170.5",,,"104,007","299,363","1","2.87",,,,,,,,,,,,,,,,,,,,,,,,,,,,,,,,,,,,,,,,,,,"11/14/2025","03/17/2026","United States, Canada","ES_1152591_ICULC-24021_03242026133900_80242282"
"4586148","SOARING SUNSHINE PTE. LTD.","SOARING SUNSHINE","DC Electric Vehicle Supply Equipment","ICULC-240216",,,"AC-input","Three Phase","All-in-One Product Configuration","Combined Charging System (CCS)","No","None","16","4*1","425.43","377.2","Yes","No",,,,,,"Camera/ Occupancy Sensing,Credit Card Reader,High Resolution Display,PLC Board (ISO 15118),Radio Frequency Identification (RFID),Revenue Grade Meter","None","320","300","480","2","No","216.09","194.78","1.07","223.165","194.78","1.07","1,452.08","0.205","26,069.9","75,261.3","53,166.3","150,228","77,664","150,228","17,423.9","50,164.7",,,"102,814","298,324","1","26,069.4","75,261.3","53,537.9","150,706","77,776.6","225,408","18,029.3","50,314",,,"103,421","299,560","1","26,113.3","75,222.6","52,994.1","150,014","77,879.6","225,270","17,445.1","50,170.5",,,"103,640","299,363","1","2.88",,,,,,,,,,,,,,,,,,,,,,,,,,,,,,,,,,,,,,,,,,,"11/14/2025","03/17/2026","United States, Canada","ES_1152591_ICULC-240216_03242026133928_80242282"
"4586149","SOARING SUNSHINE PTE. LTD.","SOARING SUNSHINE","DC Electric Vehicle Supply Equipment","ICULC-240216",,,"AC-input","Three Phase","All-in-One Product Configuration","Combined Charging System (CCS)","No","None","16","4*1","425.43","377.2","Yes","No",,,,,,"Camera/ Occupancy Sensing,Credit Card Reader,High Resolution Display,PLC Board (ISO 15118),Radio Frequency Identification (RFID),Revenue Grade Meter","None","320","300","480","2","No","216.09","194.78","0.79","223.165","194.78","0.81","1,452.08","0.22","26,089.3","75,261.3","53,196.9","150,228","77,851.2","150,228","17,443.1","50,164.7",,,"103,214","298,324","1","26,090.9","75,261.3","53,571.6","150,706","77,956","225,408","18,054","50,314",,,"103,808","299,560","1","26,128","75,222.6","53,114.5","150,014","78,033.2","225,270","17,459.9","50,170.5",,,"104,025","299,363","1","2.87",,,,,,,,,,,,,,,,,,,,,,,,,,,,,,,,,,,,,,,,,,,"11/14/2025","03/17/2026","United States, Canada","ES_1152591_ICULC-240216_03242026133927_80242282"
"4586150","SOARING SUNSHINE PTE. LTD.","SOARING SUNSHINE","DC Electric Vehicle Supply Equipment","ICULC-240216",,,"AC-input","Three Phase","All-in-One Product Configuration","Combined Charging System (CCS)","No","None","16","4*1","425.43","377.2","Yes","No",,,,,,"Camera/ Occupancy Sensing,Credit Card Reader,High Resolution Display,PLC Board (ISO 15118),Radio Frequency Identification (RFID),Revenue Grade Meter","None","320","300","480","2","No","216.09","194.78","0.605","223.165","194.78","0.61","1,452.08","0.205","26,058.8","75,261.3","53,247.5","150,228","77,874.5","150,228","17,415.9","50,164.7",,,"103,181","298,324","1","26,058.5","75,261.3","53,641.2","150,706","78,003.8","225,408","18,056","50,314",,,"103,800","299,560","1","26,161.2","75,222.6","53,108.7","150,014","78,095.8","225,270","17,498.4","50,170.5",,,"104,007","299,363","1","2.87",,,,,,,,,,,,,,,,,,,,,,,,,,,,,,,,,,,,,,,,,,,"11/14/2025","03/17/2026","United States, Canada","ES_1152591_ICULC-240216_03242026133936_80242282"
"4586151","SOARING SUNSHINE PTE. LTD.","SOARING SUNSHINE","DC Electric Vehicle Supply Equipment","ICULC-240217",,,"AC-input","Three Phase","All-in-One Product Configuration","Combined Charging System (CCS)","No","None","16","4*1","425.43","377.2","Yes","No",,,,,,"Camera/ Occupancy Sensing,Credit Card Reader,High Resolution Display,PLC Board (ISO 15118),Radio Frequency Identification (RFID),Revenue Grade Meter","None","320","300","480","2","No","216.09","194.78","1.07","223.165","194.78","1.07","1,452.08","0.205","26,069.9","75,261.3","53,166.3","150,228","77,664","150,228","17,423.9","50,164.7",,,"102,814","298,324","1","26,069.4","75,261.3","53,537.9","150,706","77,776.6","225,408","18,029.3","50,314",,,"103,421","299,560","1","26,113.3","75,222.6","52,994.1","150,014","77,879.6","225,270","17,445.1","50,170.5",,,"103,640","299,363","1","2.88",,,,,,,,,,,,,,,,,,,,,,,,,,,,,,,,,,,,,,,,,,,"11/14/2025","03/17/2026","United States, Canada","ES_1152591_ICULC-240217_03242026133979_80242282"
"4586152","SOARING SUNSHINE PTE. LTD.","SOARING SUNSHINE","DC Electric Vehicle Supply Equipment","ICULC-240217",,,"AC-input","Three Phase","All-in-One Product Configuration","Combined Charging System (CCS)","No","None","16","4*1","425.43","377.2","Yes","No",,,,,,"Camera/ Occupancy Sensing,Credit Card Reader,High Resolution Display,PLC Board (ISO 15118),Radio Frequency Identification (RFID),Revenue Grade Meter","None","320","300","480","2","No","216.09","194.78","0.79","223.165","194.78","0.81","1,452.08","0.22","26,089.3","75,261.3","53,196.9","150,228","77,851.2","150,228","17,443.1","50,164.7",,,"103,214","298,324","1","26,090.9","75,261.3","53,571.6","150,706","77,956","225,408","18,054","50,314",,,"103,808","299,560","1","26,128","75,222.6","53,114.5","150,014","78,033.2","225,270","17,459.9","50,170.5",,,"104,025","299,363","1","2.87",,,,,,,,,,,,,,,,,,,,,,,,,,,,,,,,,,,,,,,,,,,"11/14/2025","03/17/2026","United States, Canada","ES_1152591_ICULC-240217_03242026133969_80242282"
"4586153","SOARING SUNSHINE PTE. LTD.","SOARING SUNSHINE","DC Electric Vehicle Supply Equipment","ICULC-240217",,,"AC-input","Three Phase","All-in-One Product Configuration","Combined Charging System (CCS)","No","None","16","4*1","425.43","377.2","Yes","No",,,,,,"Camera/ Occupancy Sensing,Credit Card Reader,High Resolution Display,PLC Board (ISO 15118),Radio Frequency Identification (RFID),Revenue Grade Meter","None","320","300","480","2","No","216.09","194.78","0.605","223.165","194.78","0.61","1,452.08","0.205","26,058.8","75,261.3","53,247.5","150,228","77,874.5","150,228","17,415.9","50,164.7",,,"103,181","298,324","1","26,058.5","75,261.3","53,641.2","150,706","78,003.8","225,408","18,056","50,314",,,"103,800","299,560","1","26,161.2","75,222.6","53,108.7","150,014","78,095.8","225,270","17,498.4","50,170.5",,,"104,007","299,363","1","2.87",,,,,,,,,,,,,,,,,,,,,,,,,,,,,,,,,,,,,,,,,,,"11/14/2025","03/17/2026","United States, Canada","ES_1152591_ICULC-240217_03242026133958_80242282"
"4586154","SOARING SUNSHINE PTE. LTD.","SOARING SUNSHINE","DC Electric Vehicle Supply Equipment","ICULD-24021",,,"AC-input","Three Phase","All-in-One Product Configuration","Combined Charging System (CCS)","No","None","16","4*1","425.43","377.2","Yes","No",,,,,,"Camera/ Occupancy Sensing,Credit Card Reader,High Resolution Display,PLC Board (ISO 15118),Radio Frequency Identification (RFID),Revenue Grade Meter","None","320","300","480","2","No","216.09","194.78","1.07","223.165","194.78","1.07","1,452.08","0.205","26,069.9","75,261.3","53,166.3","150,228","77,664","150,228","17,423.9","50,164.7",,,"102,814","298,324","1","26,069.4","75,261.3","53,537.9","150,706","77,776.6","225,408","18,029.3","50,314",,,"103,421","299,560","1","26,113.3","75,222.6","52,994.1","150,014","77,879.6","225,270","17,445.1","50,170.5",,,"103,640","299,363","1","2.88",,,,,,,,,,,,,,,,,,,,,,,,,,,,,,,,,,,,,,,,,,,"11/14/2025","03/17/2026","United States, Canada","ES_1152591_ICULD-24021_03242026133901_80242282"
"4586155","SOARING SUNSHINE PTE. LTD.","SOARING SUNSHINE","DC Electric Vehicle Supply Equipment","ICULD-24021",,,"AC-input","Three Phase","All-in-One Product Configuration","Combined Charging System (CCS)","No","None","16","4*1","425.43","377.2","Yes","No",,,,,,"Camera/ Occupancy Sensing,Credit Card Reader,High Resolution Display,PLC Board (ISO 15118),Radio Frequency Identification (RFID),Revenue Grade Meter","None","320","300","480","2","No","216.09","194.78","0.79","223.165","194.78","0.81","1,452.08","0.22","26,089.3","75,261.3","53,196.9","150,228","77,851.2","150,228","17,443.1","50,164.7",,,"103,214","298,324","1","26,090.9","75,261.3","53,571.6","150,706","77,956","225,408","18,054","50,314",,,"103,808","299,560","1","26,128","75,222.6","53,114.5","150,014","78,033.2","225,270","17,459.9","50,170.5",,,"104,025","299,363","1","2.87",,,,,,,,,,,,,,,,,,,,,,,,,,,,,,,,,,,,,,,,,,,"11/14/2025","03/17/2026","United States, Canada","ES_1152591_ICULD-24021_03242026133902_80242282"
"4586156","SOARING SUNSHINE PTE. LTD.","SOARING SUNSHINE","DC Electric Vehicle Supply Equipment","ICULD-24021",,,"AC-input","Three Phase","All-in-One Product Configuration","Combined Charging System (CCS)","No","None","16","4*1","425.43","377.2","Yes","No",,,,,,"Camera/ Occupancy Sensing,Credit Card Reader,High Resolution Display,PLC Board (ISO 15118),Radio Frequency Identification (RFID),Revenue Grade Meter","None","320","300","480","2","No","216.09","194.78","0.605","223.165","194.78","0.61","1,452.08","0.205","26,058.8","75,261.3","53,247.5","150,228","77,874.5","150,228","17,415.9","50,164.7",,,"103,181","298,324","1","26,058.5","75,261.3","53,641.2","150,706","78,003.8","225,408","18,056","50,314",,,"103,800","299,560","1","26,161.2","75,222.6","53,108.7","150,014","78,095.8","225,270","17,498.4","50,170.5",,,"104,007","299,363","1","2.87",,,,,,,,,,,,,,,,,,,,,,,,,,,,,,,,,,,,,,,,,,,"11/14/2025","03/17/2026","United States, Canada","ES_1152591_ICULD-24021_03242026133903_80242282"
"4586157","SOARING SUNSHINE PTE. LTD.","SOARING SUNSHINE","DC Electric Vehicle Supply Equipment","ICULD-240216",,,"AC-input","Three Phase","All-in-One Product Configuration","Combined Charging System (CCS)","No","None","16","4*1","425.43","377.2","Yes","No",,,,,,"Camera/ Occupancy Sensing,Credit Card Reader,High Resolution Display,PLC Board (ISO 15118),Radio Frequency Identification (RFID),Revenue Grade Meter","None","320","300","480","2","No","216.09","194.78","1.07","223.165","194.78","1.07","1,452.08","0.205","26,069.9","75,261.3","53,166.3","150,228","77,664","150,228","17,423.9","50,164.7",,,"102,814","298,324","1","26,069.4","75,261.3","53,537.9","150,706","77,776.6","225,408","18,029.3","50,314",,,"103,421","299,560","1","26,113.3","75,222.6","52,994.1","150,014","77,879.6","225,270","17,445.1","50,170.5",,,"103,640","299,363","1","2.88",,,,,,,,,,,,,,,,,,,,,,,,,,,,,,,,,,,,,,,,,,,"11/14/2025","03/17/2026","United States, Canada","ES_1152591_ICULD-240216_032420261332804_80242282"
"4586158","SOARING SUNSHINE PTE. LTD.","SOARING SUNSHINE","DC Electric Vehicle Supply Equipment","ICULD-240216",,,"AC-input","Three Phase","All-in-One Product Configuration","Combined Charging System (CCS)","No","None","16","4*1","425.43","377.2","Yes","No",,,,,,"Camera/ Occupancy Sensing,Credit Card Reader,High Resolution Display,PLC Board (ISO 15118),Radio Frequency Identification (RFID),Revenue Grade Meter","None","320","300","480","2","No","216.09","194.78","0.79","223.165","194.78","0.81","1,452.08","0.22","26,089.3","75,261.3","53,196.9","150,228","77,851.2","150,228","17,443.1","50,164.7",,,"103,214","298,324","1","26,090.9","75,261.3","53,571.6","150,706","77,956","225,408","18,054","50,314",,,"103,808","299,560","1","26,128","75,222.6","53,114.5","150,014","78,033.2","225,270","17,459.9","50,170.5",,,"104,025","299,363","1","2.87",,,,,,,,,,,,,,,,,,,,,,,,,,,,,,,,,,,,,,,,,,,"11/14/2025","03/17/2026","United States, Canada","ES_1152591_ICULD-240216_032420261332245_80242282"
"4586159","SOARING SUNSHINE PTE. LTD.","SOARING SUNSHINE","DC Electric Vehicle Supply Equipment","ICULD-240216",,,"AC-input","Three Phase","All-in-One Product Configuration","Combined Charging System (CCS)","No","None","16","4*1","425.43","377.2","Yes","No",,,,,,"Camera/ Occupancy Sensing,Credit Card Reader,High Resolution Display,PLC Board (ISO 15118),Radio Frequency Identification (RFID),Revenue Grade Meter","None","320","300","480","2","No","216.09","194.78","0.605","223.165","194.78","0.61","1,452.08","0.205","26,058.8","75,261.3","53,247.5","150,228","77,874.5","150,228","17,415.9","50,164.7",,,"103,181","298,324","1","26,058.5","75,261.3","53,641.2","150,706","78,003.8","225,408","18,056","50,314",,,"103,800","299,560","1","26,161.2","75,222.6","53,108.7","150,014","78,095.8","225,270","17,498.4","50,170.5",,,"104,007","299,363","1","2.87",,,,,,,,,,,,,,,,,,,,,,,,,,,,,,,,,,,,,,,,,,,"11/14/2025","03/17/2026","United States, Canada","ES_1152591_ICULD-240216_032420261331916_80242282"
"4586160","SOARING SUNSHINE PTE. LTD.","SOARING SUNSHINE","DC Electric Vehicle Supply Equipment","ICULD-240217",,,"AC-input","Three Phase","All-in-One Product Configuration","Combined Charging System (CCS)","No","None","16","4*1","425.43","377.2","Yes","No",,,,,,"Camera/ Occupancy Sensing,Credit Card Reader,High Resolution Display,PLC Board (ISO 15118),Radio Frequency Identification (RFID),Revenue Grade Meter","None","320","300","480","2","No","216.09","194.78","1.07","223.165","194.78","1.07","1,452.08","0.205","26,069.9","75,261.3","53,166.3","150,228","77,664","150,228","17,423.9","50,164.7",,,"102,814","298,324","1","26,069.4","75,261.3","53,537.9","150,706","77,776.6","225,408","18,029.3","50,314",,,"103,421","299,560","1","26,113.3","75,222.6","52,994.1","150,014","77,879.6","225,270","17,445.1","50,170.5",,,"103,640","299,363","1","2.88",,,,,,,,,,,,,,,,,,,,,,,,,,,,,,,,,,,,,,,,,,,"11/14/2025","03/17/2026","United States, Canada","ES_1152591_ICULD-240217_03242026133928_80242282"
"4586161","SOARING SUNSHINE PTE. LTD.","SOARING SUNSHINE","DC Electric Vehicle Supply Equipment","ICULD-240217",,,"AC-input","Three Phase","All-in-One Product Configuration","Combined Charging System (CCS)","No","None","16","4*1","425.43","377.2","Yes","No",,,,,,"Camera/ Occupancy Sensing,Credit Card Reader,High Resolution Display,PLC Board (ISO 15118),Radio Frequency Identification (RFID),Revenue Grade Meter","None","320","300","480","2","No","216.09","194.78","0.79","223.165","194.78","0.81","1,452.08","0.22","26,089.3","75,261.3","53,196.9","150,228","77,851.2","150,228","17,443.1","50,164.7",,,"103,214","298,324","1","26,090.9","75,261.3","53,571.6","150,706","77,956","225,408","18,054","50,314",,,"103,808","299,560","1","26,128","75,222.6","53,114.5","150,014","78,033.2","225,270","17,459.9","50,170.5",,,"104,025","299,363","1","2.87",,,,,,,,,,,,,,,,,,,,,,,,,,,,,,,,,,,,,,,,,,,"11/14/2025","03/17/2026","United States, Canada","ES_1152591_ICULD-240217_03242026133927_80242282"
"4586162","SOARING SUNSHINE PTE. LTD.","SOARING SUNSHINE","DC Electric Vehicle Supply Equipment","ICULD-240217",,,"AC-input","Three Phase","All-in-One Product Configuration","Combined Charging System (CCS)","No","None","16","4*1","425.43","377.2","Yes","No",,,,,,"Camera/ Occupancy Sensing,Credit Card Reader,High Resolution Display,PLC Board (ISO 15118),Radio Frequency Identification (RFID),Revenue Grade Meter","None","320","300","480","2","No","216.09","194.78","0.605","223.165","194.78","0.61","1,452.08","0.205","26,058.8","75,261.3","53,247.5","150,228","77,874.5","150,228","17,415.9","50,164.7",,,"103,181","298,324","1","26,058.5","75,261.3","53,641.2","150,706","78,003.8","225,408","18,056","50,314",,,"103,800","299,560","1","26,161.2","75,222.6","53,108.7","150,014","78,095.8","225,270","17,498.4","50,170.5",,,"104,007","299,363","1","2.87",,,,,,,,,,,,,,,,,,,,,,,,,,,,,,,,,,,,,,,,,,,"11/14/2025","03/17/2026","United States, Canada","ES_1152591_ICULD-240217_03242026133929_80242282"
"4653256","AMPS Charger","AMPS Charger","DC Electric Vehicle Supply Equipment","ICULD-320212",,,"AC-input","Three Phase","All-in-One Product Configuration","Combined Charging System (CCS)","No","None","16","4*1","425.43","377.2","Yes","No",,,,,,"Camera/ Occupancy Sensing,Credit Card Reader,High Resolution Display,PLC Board (ISO 15118),Radio Frequency Identification (RFID),Revenue Grade Meter","None","320,000","300","480","2","No","216.09","194.78","0.605","223.165","194.78","0.61","1,452.08","0.205","26,058.8","75,261.3","53,247.5","150,228","77,874.5","150,228","17,415.9","50,164.7",,,"103,181","298,324","1","26,058.5","75,261.3","53,641.2","150,706","78,003.8","225,408","18,056","50,314",,,"103,800","299,560","1","26,161.2","75,222.6","53,108.7","150,014","78,095.8","225,270","17,498.4","50,170.5",,,"104,007","299,363","1","2.87",,,,,,,,,,,,,,,,,,,,,,,,,,,,,,,,,,,,,,,,,,,"01/14/2026","09/26/2025","United States, Canada","ES_1152569_ICULD-320212_06092026152312_80272297"
"4653257","AMPS Charger","AMPS Charger","DC Electric Vehicle Supply Equipment","ICULC-320212",,,"AC-input","Three Phase","All-in-One Product Configuration","Combined Charging System (CCS)","No","None","16","4*1","425.43","377.2","Yes","No",,,,,,"Camera/ Occupancy Sensing,Credit Card Reader,High Resolution Display,PLC Board (ISO 15118),Radio Frequency Identification (RFID),Revenue Grade Meter","None","320,000","300","480","2","No","216.09","194.78","1.07","223.165","194.78","1.07","1,452.08","0.205","26,069.9","75,261.3","53,166.3","150,228","77,664","150,228","17,423.9","50,164.7",,,"102,814","298,324","1","26,069.4","75,261.3","53,537.9","150,706","77,776.6","225,408","18,029.3","50,314",,,"103,421","299,560","1","26,113.3","75,222.6","52,994.1","150,014","77,879.6","225,270","17,445.1","50,170.5",,,"103,640","299,363","1","2.88",,,,,,,,,,,,,,,,,,,,,,,,,,,,,,,,,,,,,,,,,,,"01/14/2026","09/26/2025","United States, Canada","ES_1152569_ICULC-320212_06092026152314_80272297"
"4653258","AMPS Charger","AMPS Charger","DC Electric Vehicle Supply Equipment","ICULC-320212",,,"AC-input","Three Phase","All-in-One Product Configuration","Combined Charging System (CCS)","No","None","16","4*1","425.43","377.2","Yes","No",,,,,,"Camera/ Occupancy Sensing,Credit Card Reader,High Resolution Display,PLC Board (ISO 15118),Radio Frequency Identification (RFID),Revenue Grade Meter","None","320,000","300","480","2","No","216.09","194.78","0.79","223.165","194.78","0.81","1,452.08","0.22","26,089.3","75,261.3","53,196.9","150,228","77,851.2","150,228","17,443.1","50,164.7",,,"103,214","298,324","1","26,090.9","75,261.3","53,571.6","150,706","77,956","225,408","18,054","50,314",,,"103,808","299,560","1","26,128","75,222.6","53,114.5","150,014","78,033.2","225,270","17,459.9","50,170.5",,,"104,025","299,363","1","2.87",,,,,,,,,,,,,,,,,,,,,,,,,,,,,,,,,,,,,,,,,,,"01/14/2026","09/26/2025","United States, Canada","ES_1152569_ICULC-320212_06092026152315_80272297"
"4653259","AMPS Charger","AMPS Charger","DC Electric Vehicle Supply Equipment","ICULC-320212",,,"AC-input","Three Phase","All-in-One Product Configuration","Combined Charging System (CCS)","No","None","16","4*1","425.43","377.2","Yes","No",,,,,,"Camera/ Occupancy Sensing,Credit Card Reader,High Resolution Display,PLC Board (ISO 15118),Radio Frequency Identification (RFID),Revenue Grade Meter","None","320,000","300","480","2","No","216.09","194.78","0.605","223.165","194.78","0.61","1,452.08","0.205","26,058.8","75,261.3","53,247.5","150,228","77,874.5","150,228","17,415.9","50,164.7",,,"103,181","298,324","1","26,058.5","75,261.3","53,641.2","150,706","78,003.8","225,408","18,056","50,314",,,"103,800","299,560","1","26,161.2","75,222.6","53,108.7","150,014","78,095.8","225,270","17,498.4","50,170.5",,,"104,007","299,363","1","2.87",,,,,,,,,,,,,,,,,,,,,,,,,,,,,,,,,,,,,,,,,,,"01/14/2026","09/26/2025","United States, Canada","ES_1152569_ICULC-320212_06092026152316_80272297"
"4653260","AMPS Charger","AMPS Charger","DC Electric Vehicle Supply Equipment","ICULC-240212",,,"AC-input","Three Phase","All-in-One Product Configuration","Combined Charging System (CCS)","No","None","16","4*1","425.43","377.2","Yes","No",,,,,,"Camera/ Occupancy Sensing,Credit Card Reader,High Resolution Display,PLC Board (ISO 15118),Radio Frequency Identification (RFID),Revenue Grade Meter","None","320,000","300","480","2","No","216.09","194.78","1.07","223.165","194.78","1.07","1,452.08","0.205","26,069.9","75,261.3","53,166.3","150,228","77,664","150,228","17,423.9","50,164.7",,,"102,814","298,324","1","26,069.4","75,261.3","53,537.9","150,706","77,776.6","225,408","18,029.3","50,314",,,"103,421","299,560","1","26,113.3","75,222.6","52,994.1","150,014","77,879.6","225,270","17,445.1","50,170.5",,,"103,640","299,363","1","2.88",,,,,,,,,,,,,,,,,,,,,,,,,,,,,,,,,,,,,,,,,,,"01/14/2026","09/26/2025","United States, Canada","ES_1152569_ICULC-240212_06092026152317_80272297"
"4653261","AMPS Charger","AMPS Charger","DC Electric Vehicle Supply Equipment","ICULC-240212",,,"AC-input","Three Phase","All-in-One Product Configuration","Combined Charging System (CCS)","No","None","16","4*1","425.43","377.2","Yes","No",,,,,,"Camera/ Occupancy Sensing,Credit Card Reader,High Resolution Display,PLC Board (ISO 15118),Radio Frequency Identification (RFID),Revenue Grade Meter","None","320,000","300","480","2","No","216.09","194.78","0.79","223.165","194.78","0.81","1,452.08","0.22","26,089.3","75,261.3","53,196.9","150,228","77,851.2","150,228","17,443.1","50,164.7",,,"103,214","298,324","1","26,090.9","75,261.3","53,571.6","150,706","77,956","225,408","18,054","50,314",,,"103,808","299,560","1","26,128","75,222.6","53,114.5","150,014","78,033.2","225,270","17,459.9","50,170.5",,,"104,025","299,363","1","2.87",,,,,,,,,,,,,,,,,,,,,,,,,,,,,,,,,,,,,,,,,,,"01/14/2026","09/26/2025","United States, Canada","ES_1152569_ICULC-240212_06092026152318_80272297"
"4653262","AMPS Charger","AMPS Charger","DC Electric Vehicle Supply Equipment","ICULC-240212",,,"AC-input","Three Phase","All-in-One Product Configuration","Combined Charging System (CCS)","No","None","16","4*1","425.43","377.2","Yes","No",,,,,,"Camera/ Occupancy Sensing,Credit Card Reader,High Resolution Display,PLC Board (ISO 15118),Radio Frequency Identification (RFID),Revenue Grade Meter","None","320,000","300","480","2","No","216.09","194.78","0.605","223.165","194.78","0.61","1,452.08","0.205","26,058.8","75,261.3","53,247.5","150,228","77,874.5","150,228","17,415.9","50,164.7",,,"103,181","298,324","1","26,058.5","75,261.3","53,641.2","150,706","78,003.8","225,408","18,056","50,314",,,"103,800","299,560","1","26,161.2","75,222.6","53,108.7","150,014","78,095.8","225,270","17,498.4","50,170.5",,,"104,007","299,363","1","2.87",,,,,,,,,,,,,,,,,,,,,,,,,,,,,,,,,,,,,,,,,,,"01/14/2026","09/26/2025","United States, Canada","ES_1152569_ICULC-240212_06092026152319_80272297"
"4653263","AMPS Charger","AMPS Charger","DC Electric Vehicle Supply Equipment","ICULD-240212",,,"AC-input","Three Phase","All-in-One Product Configuration","Combined Charging System (CCS)","No","None","16","4*1","425.43","377.2","Yes","No",,,,,,"Camera/ Occupancy Sensing,Credit Card Reader,High Resolution Display,PLC Board (ISO 15118),Radio Frequency Identification (RFID),Revenue Grade Meter","None","320,000","300","480","2","No","216.09","194.78","1.07","223.165","194.78","1.07","1,452.08","0.205","26,069.9","75,261.3","53,166.3","150,228","77,664","150,228","17,423.9","50,164.7",,,"102,814","298,324","1","26,069.4","75,261.3","53,537.9","150,706","77,776.6","225,408","18,029.3","50,314",,,"103,421","299,560","1","26,113.3","75,222.6","52,994.1","150,014","77,879.6","225,270","17,445.1","50,170.5",,,"103,640","299,363","1","2.88",,,,,,,,,,,,,,,,,,,,,,,,,,,,,,,,,,,,,,,,,,,"01/14/2026","09/26/2025","United States, Canada","ES_1152569_ICULD-240212_06092026152320_80272297"
"4653264","AMPS Charger","AMPS Charger","DC Electric Vehicle Supply Equipment","ICULD-240212",,,"AC-input","Three Phase","All-in-One Product Configuration","Combined Charging System (CCS)","No","None","16","4*1","425.43","377.2","Yes","No",,,,,,"Camera/ Occupancy Sensing,Credit Card Reader,High Resolution Display,PLC Board (ISO 15118),Radio Frequency Identification (RFID),Revenue Grade Meter","None","320,000","300","480","2","No","216.09","194.78","0.79","223.165","194.78","0.81","1,452.08","0.22","26,089.3","75,261.3","53,196.9","150,228","77,851.2","150,228","17,443.1","50,164.7",,,"103,214","298,324","1","26,090.9","75,261.3","53,571.6","150,706","77,956","225,408","18,054","50,314",,,"103,808","299,560","1","26,128","75,222.6","53,114.5","150,014","78,033.2","225,270","17,459.9","50,170.5",,,"104,025","299,363","1","2.87",,,,,,,,,,,,,,,,,,,,,,,,,,,,,,,,,,,,,,,,,,,"01/14/2026","09/26/2025","United States, Canada","ES_1152569_ICULD-240212_06092026152331_80272297"
"4653265","AMPS Charger","AMPS Charger","DC Electric Vehicle Supply Equipment","ICULD-240212",,,"AC-input","Three Phase","All-in-One Product Configuration","Combined Charging System (CCS)","No","None","16","4*1","425.43","377.2","Yes","No",,,,,,"Camera/ Occupancy Sensing,Credit Card Reader,High Resolution Display,PLC Board (ISO 15118),Radio Frequency Identification (RFID),Revenue Grade Meter","None","320,000","300","480","2","No","216.09","194.78","0.605","223.165","194.78","0.61","1,452.08","0.205","26,058.8","75,261.3","53,247.5","150,228","77,874.5","150,228","17,415.9","50,164.7",,,"103,181","298,324","1","26,058.5","75,261.3","53,641.2","150,706","78,003.8","225,408","18,056","50,314",,,"103,800","299,560","1","26,161.2","75,222.6","53,108.7","150,014","78,095.8","225,270","17,498.4","50,170.5",,,"104,007","299,363","1","2.87",,,,,,,,,,,,,,,,,,,,,,,,,,,,,,,,,,,,,,,,,,,"01/14/2026","09/26/2025","United States, Canada","ES_1152569_ICULD-240212_06092026152332_80272297"
"4586163","SOARING SUNSHINE PTE. LTD.","SOARING SUNSHINE","DC Electric Vehicle Supply Equipment","ICULC-16021",,,"AC-input","Three Phase","All-in-One Product Configuration","Combined Charging System (CCS)","No","None","16","4*1","425.43","377.2","Yes","No",,,,,,"Camera/ Occupancy Sensing,Credit Card Reader,High Resolution Display,PLC Board (ISO 15118),Radio Frequency Identification (RFID),Revenue Grade Meter","None","320","300","480","2","No","216.09","194.78","1.07","223.165","194.78","1.07","1,452.08","0.205","26,069.9","75,261.3","53,166.3","150,228","77,664","150,228","17,423.9","50,164.7",,,"102,814","298,324","1","26,069.4","75,261.3","53,537.9","150,706","77,776.6","225,408","18,029.3","50,314",,,"103,421","299,560","1","26,113.3","75,222.6","52,994.1","150,014","77,879.6","225,270","17,445.1","50,170.5",,,"103,640","299,363","1","2.88",,,,,,,,,,,,,,,,,,,,,,,,,,,,,,,,,,,,,,,,,,,"11/14/2025","03/17/2026","United States, Canada","ES_1152591_ICULC-16021_03242026133926_80242282"
"4586164","SOARING SUNSHINE PTE. LTD.","SOARING SUNSHINE","DC Electric Vehicle Supply Equipment","ICULC-16021",,,"AC-input","Three Phase","All-in-One Product Configuration","Combined Charging System (CCS)","No","None","16","4*1","425.43","377.2","Yes","No",,,,,,"Camera/ Occupancy Sensing,Credit Card Reader,High Resolution Display,PLC Board (ISO 15118),Radio Frequency Identification (RFID),Revenue Grade Meter","None","320","300","480","2","No","216.09","194.78","0.79","223.165","194.78","0.81","1,452.08","0.22","26,089.3","75,261.3","53,196.9","150,228","77,851.2","150,228","17,443.1","50,164.7",,,"103,214","298,324","1","26,090.9","75,261.3","53,571.6","150,706","77,956","225,408","18,054","50,314",,,"103,808","299,560","1","26,128","75,222.6","53,114.5","150,014","78,033.2","225,270","17,459.9","50,170.5",,,"104,025","299,363","1","2.87",,,,,,,,,,,,,,,,,,,,,,,,,,,,,,,,,,,,,,,,,,,"11/14/2025","03/17/2026","United States, Canada","ES_1152591_ICULC-16021_03242026133922_80242282"
"4586165","SOARING SUNSHINE PTE. LTD.","SOARING SUNSHINE","DC Electric Vehicle Supply Equipment","ICULC-16021",,,"AC-input","Three Phase","All-in-One Product Configuration","Combined Charging System (CCS)","No","None","16","4*1","425.43","377.2","Yes","No",,,,,,"Camera/ Occupancy Sensing,Credit Card Reader,High Resolution Display,PLC Board (ISO 15118),Radio Frequency Identification (RFID),Revenue Grade Meter","None","320","300","480","2","No","216.09","194.78","0.605","223.165","194.78","0.61","1,452.08","0.205","26,058.8","75,261.3","53,247.5","150,228","77,874.5","150,228","17,415.9","50,164.7",,,"103,181","298,324","1","26,058.5","75,261.3","53,641.2","150,706","78,003.8","225,408","18,056","50,314",,,"103,800","299,560","1","26,161.2","75,222.6","53,108.7","150,014","78,095.8","225,270","17,498.4","50,170.5",,,"104,007","299,363","1","2.87",,,,,,,,,,,,,,,,,,,,,,,,,,,,,,,,,,,,,,,,,,,"11/14/2025","03/17/2026","United States, Canada","ES_1152591_ICULC-16021_03242026133920_80242282"
"4586166","SOARING SUNSHINE PTE. LTD.","SOARING SUNSHINE","DC Electric Vehicle Supply Equipment","ICULC-160216",,,"AC-input","Three Phase","All-in-One Product Configuration","Combined Charging System (CCS)","No","None","16","4*1","425.43","377.2","Yes","No",,,,,,"Camera/ Occupancy Sensing,Credit Card Reader,High Resolution Display,PLC Board (ISO 15118),Radio Frequency Identification (RFID),Revenue Grade Meter","None","320","300","480","2","No","216.09","194.78","1.07","223.165","194.78","1.07","1,452.08","0.205","26,069.9","75,261.3","53,166.3","150,228","77,664","150,228","17,423.9","50,164.7",,,"102,814","298,324","1","26,069.4","75,261.3","53,537.9","150,706","77,776.6","225,408","18,029.3","50,314",,,"103,421","299,560","1","26,113.3","75,222.6","52,994.1","150,014","77,879.6","225,270","17,445.1","50,170.5",,,"103,640","299,363","1","2.88",,,,,,,,,,,,,,,,,,,,,,,,,,,,,,,,,,,,,,,,,,,"11/14/2025","03/17/2026","United States, Canada","ES_1152591_ICULC-160216_03242026133928_80242282"
"4586167","SOARING SUNSHINE PTE. LTD.","SOARING SUNSHINE","DC Electric Vehicle Supply Equipment","ICULC-160216",,,"AC-input","Three Phase","All-in-One Product Configuration","Combined Charging System (CCS)","No","None","16","4*1","425.43","377.2","Yes","No",,,,,,"Camera/ Occupancy Sensing,Credit Card Reader,High Resolution Display,PLC Board (ISO 15118),Radio Frequency Identification (RFID),Revenue Grade Meter","None","320","300","480","2","No","216.09","194.78","0.79","223.165","194.78","0.81","1,452.08","0.22","26,089.3","75,261.3","53,196.9","150,228","77,851.2","150,228","17,443.1","50,164.7",,,"103,214","298,324","1","26,090.9","75,261.3","53,571.6","150,706","77,956","225,408","18,054","50,314",,,"103,808","299,560","1","26,128","75,222.6","53,114.5","150,014","78,033.2","225,270","17,459.9","50,170.5",,,"104,025","299,363","1","2.87",,,,,,,,,,,,,,,,,,,,,,,,,,,,,,,,,,,,,,,,,,,"11/14/2025","03/17/2026","United States, Canada","ES_1152591_ICULC-160216_03242026133927_80242282"
"4586168","SOARING SUNSHINE PTE. LTD.","SOARING SUNSHINE","DC Electric Vehicle Supply Equipment","ICULC-160216",,,"AC-input","Three Phase","All-in-One Product Configuration","Combined Charging System (CCS)","No","None","16","4*1","425.43","377.2","Yes","No",,,,,,"Camera/ Occupancy Sensing,Credit Card Reader,High Resolution Display,PLC Board (ISO 15118),Radio Frequency Identification (RFID),Revenue Grade Meter","None","320","300","480","2","No","216.09","194.78","0.605","223.165","194.78","0.61","1,452.08","0.205","26,058.8","75,261.3","53,247.5","150,228","77,874.5","150,228","17,415.9","50,164.7",,,"103,181","298,324","1","26,058.5","75,261.3","53,641.2","150,706","78,003.8","225,408","18,056","50,314",,,"103,800","299,560","1","26,161.2","75,222.6","53,108.7","150,014","78,095.8","225,270","17,498.4","50,170.5",,,"104,007","299,363","1","2.87",,,,,,,,,,,,,,,,,,,,,,,,,,,,,,,,,,,,,,,,,,,"11/14/2025","03/17/2026","United States, Canada","ES_1152591_ICULC-160216_03242026133926_80242282"
"4586169","SOARING SUNSHINE PTE. LTD.","SOARING SUNSHINE","DC Electric Vehicle Supply Equipment","ICULC-160217",,,"AC-input","Three Phase","All-in-One Product Configuration","Combined Charging System (CCS)","No","None","16","4*1","425.43","377.2","Yes","No",,,,,,"Camera/ Occupancy Sensing,Credit Card Reader,High Resolution Display,PLC Board (ISO 15118),Radio Frequency Identification (RFID),Revenue Grade Meter","None","320","300","480","2","No","216.09","194.78","1.07","223.165","194.78","1.07","1,452.08","0.205","26,069.9","75,261.3","53,166.3","150,228","77,664","150,228","17,423.9","50,164.7",,,"102,814","298,324","1","26,069.4","75,261.3","53,537.9","150,706","77,776.6","225,408","18,029.3","50,314",,,"103,421","299,560","1","26,113.3","75,222.6","52,994.1","150,014","77,879.6","225,270","17,445.1","50,170.5",,,"103,640","299,363","1","2.88",,,,,,,,,,,,,,,,,,,,,,,,,,,,,,,,,,,,,,,,,,,"11/14/2025","03/17/2026","United States, Canada","ES_1152591_ICULC-160217_03242026133929_80242282"
"4586170","SOARING SUNSHINE PTE. LTD.","SOARING SUNSHINE","DC Electric Vehicle Supply Equipment","ICULC-160217",,,"AC-input","Three Phase","All-in-One Product Configuration","Combined Charging System (CCS)","No","None","16","4*1","425.43","377.2","Yes","No",,,,,,"Camera/ Occupancy Sensing,Credit Card Reader,High Resolution Display,PLC Board (ISO 15118),Radio Frequency Identification (RFID),Revenue Grade Meter","None","320","300","480","2","No","216.09","194.78","0.79","223.165","194.78","0.81","1,452.08","0.22","26,089.3","75,261.3","53,196.9","150,228","77,851.2","150,228","17,443.1","50,164.7",,,"103,214","298,324","1","26,090.9","75,261.3","53,571.6","150,706","77,956","225,408","18,054","50,314",,,"103,808","299,560","1","26,128","75,222.6","53,114.5","150,014","78,033.2","225,270","17,459.9","50,170.5",,,"104,025","299,363","1","2.87",,,,,,,,,,,,,,,,,,,,,,,,,,,,,,,,,,,,,,,,,,,"11/14/2025","03/17/2026","United States, Canada","ES_1152591_ICULC-160217_03242026133921_80242282"
"4586171","SOARING SUNSHINE PTE. LTD.","SOARING SUNSHINE","DC Electric Vehicle Supply Equipment","ICULC-160217",,,"AC-input","Three Phase","All-in-One Product Configuration","Combined Charging System (CCS)","No","None","16","4*1","425.43","377.2","Yes","No",,,,,,"Camera/ Occupancy Sensing,Credit Card Reader,High Resolution Display,PLC Board (ISO 15118),Radio Frequency Identification (RFID),Revenue Grade Meter","None","320","300","480","2","No","216.09","194.78","0.605","223.165","194.78","0.61","1,452.08","0.205","26,058.8","75,261.3","53,247.5","150,228","77,874.5","150,228","17,415.9","50,164.7",,,"103,181","298,324","1","26,058.5","75,261.3","53,641.2","150,706","78,003.8","225,408","18,056","50,314",,,"103,800","299,560","1","26,161.2","75,222.6","53,108.7","150,014","78,095.8","225,270","17,498.4","50,170.5",,,"104,007","299,363","1","2.87",,,,,,,,,,,,,,,,,,,,,,,,,,,,,,,,,,,,,,,,,,,"11/14/2025","03/17/2026","United States, Canada","ES_1152591_ICULC-160217_03242026133928_80242282"
"4586172","SOARING SUNSHINE PTE. LTD.","SOARING SUNSHINE","DC Electric Vehicle Supply Equipment","ICULD-16021",,,"AC-input","Three Phase","All-in-One Product Configuration","Combined Charging System (CCS)","No","None","16","4*1","425.43","377.2","Yes","No",,,,,,"Camera/ Occupancy Sensing,Credit Card Reader,High Resolution Display,PLC Board (ISO 15118),Radio Frequency Identification (RFID),Revenue Grade Meter","None","320","300","480","2","No","216.09","194.78","1.07","223.165","194.78","1.07","1,452.08","0.205","26,069.9","75,261.3","53,166.3","150,228","77,664","150,228","17,423.9","50,164.7",,,"102,814","298,324","1","26,069.4","75,261.3","53,537.9","150,706","77,776.6","225,408","18,029.3","50,314",,,"103,421","299,560","1","26,113.3","75,222.6","52,994.1","150,014","77,879.6","225,270","17,445.1","50,170.5",,,"103,640","299,363","1","2.88",,,,,,,,,,,,,,,,,,,,,,,,,,,,,,,,,,,,,,,,,,,"11/14/2025","03/17/2026","United States, Canada","ES_1152591_ICULD-16021_03242026133928_80242282"
"4586173","SOARING SUNSHINE PTE. LTD.","SOARING SUNSHINE","DC Electric Vehicle Supply Equipment","ICULD-16021",,,"AC-input","Three Phase","All-in-One Product Configuration","Combined Charging System (CCS)","No","None","16","4*1","425.43","377.2","Yes","No",,,,,,"Camera/ Occupancy Sensing,Credit Card Reader,High Resolution Display,PLC Board (ISO 15118),Radio Frequency Identification (RFID),Revenue Grade Meter","None","320","300","480","2","No","216.09","194.78","0.79","223.165","194.78","0.81","1,452.08","0.22","26,089.3","75,261.3","53,196.9","150,228","77,851.2","150,228","17,443.1","50,164.7",,,"103,214","298,324","1","26,090.9","75,261.3","53,571.6","150,706","77,956","225,408","18,054","50,314",,,"103,808","299,560","1","26,128","75,222.6","53,114.5","150,014","78,033.2","225,270","17,459.9","50,170.5",,,"104,025","299,363","1","2.87",,,,,,,,,,,,,,,,,,,,,,,,,,,,,,,,,,,,,,,,,,,"11/14/2025","03/17/2026","United States, Canada","ES_1152591_ICULD-16021_03242026133920_80242282"
"4586174","SOARING SUNSHINE PTE. LTD.","SOARING SUNSHINE","DC Electric Vehicle Supply Equipment","ICULD-16021",,,"AC-input","Three Phase","All-in-One Product Configuration","Combined Charging System (CCS)","No","None","16","4*1","425.43","377.2","Yes","No",,,,,,"Camera/ Occupancy Sensing,Credit Card Reader,High Resolution Display,PLC Board (ISO 15118),Radio Frequency Identification (RFID),Revenue Grade Meter","None","320","300","480","2","No","216.09","194.78","0.605","223.165","194.78","0.61","1,452.08","0.205","26,058.8","75,261.3","53,247.5","150,228","77,874.5","150,228","17,415.9","50,164.7",,,"103,181","298,324","1","26,058.5","75,261.3","53,641.2","150,706","78,003.8","225,408","18,056","50,314",,,"103,800","299,560","1","26,161.2","75,222.6","53,108.7","150,014","78,095.8","225,270","17,498.4","50,170.5",,,"104,007","299,363","1","2.87",,,,,,,,,,,,,,,,,,,,,,,,,,,,,,,,,,,,,,,,,,,"11/14/2025","03/17/2026","United States, Canada","ES_1152591_ICULD-16021_03242026133922_80242282"
"4586175","SOARING SUNSHINE PTE. LTD.","SOARING SUNSHINE","DC Electric Vehicle Supply Equipment","ICULD-160216",,,"AC-input","Three Phase","All-in-One Product Configuration","Combined Charging System (CCS)","No","None","16","4*1","425.43","377.2","Yes","No",,,,,,"Camera/ Occupancy Sensing,Credit Card Reader,High Resolution Display,PLC Board (ISO 15118),Radio Frequency Identification (RFID),Revenue Grade Meter","None","320","300","480","2","No","216.09","194.78","1.07","223.165","194.78","1.07","1,452.08","0.205","26,069.9","75,261.3","53,166.3","150,228","77,664","150,228","17,423.9","50,164.7",,,"102,814","298,324","1","26,069.4","75,261.3","53,537.9","150,706","77,776.6","225,408","18,029.3","50,314",,,"103,421","299,560","1","26,113.3","75,222.6","52,994.1","150,014","77,879.6","225,270","17,445.1","50,170.5",,,"103,640","299,363","1","2.88",,,,,,,,,,,,,,,,,,,,,,,,,,,,,,,,,,,,,,,,,,,"11/14/2025","03/17/2026","United States, Canada","ES_1152591_ICULD-160216_03242026133927_80242282"
"4586176","SOARING SUNSHINE PTE. LTD.","SOARING SUNSHINE","DC Electric Vehicle Supply Equipment","ICULD-160216",,,"AC-input","Three Phase","All-in-One Product Configuration","Combined Charging System (CCS)","No","None","16","4*1","425.43","377.2","Yes","No",,,,,,"Camera/ Occupancy Sensing,Credit Card Reader,High Resolution Display,PLC Board (ISO 15118),Radio Frequency Identification (RFID),Revenue Grade Meter","None","320","300","480","2","No","216.09","194.78","0.79","223.165","194.78","0.81","1,452.08","0.22","26,089.3","75,261.3","53,196.9","150,228","77,851.2","150,228","17,443.1","50,164.7",,,"103,214","298,324","1","26,090.9","75,261.3","53,571.6","150,706","77,956","225,408","18,054","50,314",,,"103,808","299,560","1","26,128","75,222.6","53,114.5","150,014","78,033.2","225,270","17,459.9","50,170.5",,,"104,025","299,363","1","2.87",,,,,,,,,,,,,,,,,,,,,,,,,,,,,,,,,,,,,,,,,,,"11/14/2025","03/17/2026","United States, Canada","ES_1152591_ICULD-160216_03242026133923_80242282"
"4586177","SOARING SUNSHINE PTE. LTD.","SOARING SUNSHINE","DC Electric Vehicle Supply Equipment","ICULD-160216",,,"AC-input","Three Phase","All-in-One Product Configuration","Combined Charging System (CCS)","No","None","16","4*1","425.43","377.2","Yes","No",,,,,,"Camera/ Occupancy Sensing,Credit Card Reader,High Resolution Display,PLC Board (ISO 15118),Radio Frequency Identification (RFID),Revenue Grade Meter","None","320","300","480","2","No","216.09","194.78","0.605","223.165","194.78","0.61","1,452.08","0.205","26,058.8","75,261.3","53,247.5","150,228","77,874.5","150,228","17,415.9","50,164.7",,,"103,181","298,324","1","26,058.5","75,261.3","53,641.2","150,706","78,003.8","225,408","18,056","50,314",,,"103,800","299,560","1","26,161.2","75,222.6","53,108.7","150,014","78,095.8","225,270","17,498.4","50,170.5",,,"104,007","299,363","1","2.87",,,,,,,,,,,,,,,,,,,,,,,,,,,,,,,,,,,,,,,,,,,"11/14/2025","03/17/2026","United States, Canada","ES_1152591_ICULD-160216_03242026133928_80242282"
"4586178","SOARING SUNSHINE PTE. LTD.","SOARING SUNSHINE","DC Electric Vehicle Supply Equipment","ICULD-160217",,,"AC-input","Three Phase","All-in-One Product Configuration","Combined Charging System (CCS)","No","None","16","4*1","425.43","377.2","Yes","No",,,,,,"Camera/ Occupancy Sensing,Credit Card Reader,High Resolution Display,PLC Board (ISO 15118),Radio Frequency Identification (RFID),Revenue Grade Meter","None","320","300","480","2","No","216.09","194.78","1.07","223.165","194.78","1.07","1,452.08","0.205","26,069.9","75,261.3","53,166.3","150,228","77,664","150,228","17,423.9","50,164.7",,,"102,814","298,324","1","26,069.4","75,261.3","53,537.9","150,706","77,776.6","225,408","18,029.3","50,314",,,"103,421","299,560","1","26,113.3","75,222.6","52,994.1","150,014","77,879.6","225,270","17,445.1","50,170.5",,,"103,640","299,363","1","2.88",,,,,,,,,,,,,,,,,,,,,,,,,,,,,,,,,,,,,,,,,,,"11/14/2025","03/17/2026","United States, Canada","ES_1152591_ICULD-160217_03242026133925_80242282"
"4586179","SOARING SUNSHINE PTE. LTD.","SOARING SUNSHINE","DC Electric Vehicle Supply Equipment","ICULD-160217",,,"AC-input","Three Phase","All-in-One Product Configuration","Combined Charging System (CCS)","No","None","16","4*1","425.43","377.2","Yes","No",,,,,,"Camera/ Occupancy Sensing,Credit Card Reader,High Resolution Display,PLC Board (ISO 15118),Radio Frequency Identification (RFID),Revenue Grade Meter","None","320","300","480","2","No","216.09","194.78","0.79","223.165","194.78","0.81","1,452.08","0.22","26,089.3","75,261.3","53,196.9","150,228","77,851.2","150,228","17,443.1","50,164.7",,,"103,214","298,324","1","26,090.9","75,261.3","53,571.6","150,706","77,956","225,408","18,054","50,314",,,"103,808","299,560","1","26,128","75,222.6","53,114.5","150,014","78,033.2","225,270","17,459.9","50,170.5",,,"104,025","299,363","1","2.87",,,,,,,,,,,,,,,,,,,,,,,,,,,,,,,,,,,,,,,,,,,"11/14/2025","03/17/2026","United States, Canada","ES_1152591_ICULD-160217_03242026133926_80242282"
"4586180","SOARING SUNSHINE PTE. LTD.","SOARING SUNSHINE","DC Electric Vehicle Supply Equipment","ICULD-160217",,,"AC-input","Three Phase","All-in-One Product Configuration","Combined Charging System (CCS)","No","None","16","4*1","425.43","377.2","Yes","No",,,,,,"Camera/ Occupancy Sensing,Credit Card Reader,High Resolution Display,PLC Board (ISO 15118),Radio Frequency Identification (RFID),Revenue Grade Meter","None","320","300","480","2","No","216.09","194.78","0.605","223.165","194.78","0.61","1,452.08","0.205","26,058.8","75,261.3","53,247.5","150,228","77,874.5","150,228","17,415.9","50,164.7",,,"103,181","298,324","1","26,058.5","75,261.3","53,641.2","150,706","78,003.8","225,408","18,056","50,314",,,"103,800","299,560","1","26,161.2","75,222.6","53,108.7","150,014","78,095.8","225,270","17,498.4","50,170.5",,,"104,007","299,363","1","2.87",,,,,,,,,,,,,,,,,,,,,,,,,,,,,,,,,,,,,,,,,,,"11/14/2025","03/17/2026","United States, Canada","ES_1152591_ICULD-160217_03242026133928_80242282"
"3626835","Star Charge Americas Corp","Star Charge","Electric Vehicle Supply Equipment","DC1800AN147###","#=0-2 represents the different rated output current,0=400A,1=380A,2=400A+380A,#=1-3 represents the different DC connector deploy,1=With two Connectors,2=Only Left,3=Only Right,#=1-2 represents with or without POS terminal,1=with pos terminal",,"AC-input","Three Phase","Distributed Product Configuration","Combined Charging System (CCS)","Yes","Gigabit Ethernet,Wi-Fi,Cellular","0","1",,,"No","No",,,,,,"High Resolution Display,Credit Card Reader,Radio Frequency Identification (RFID)","None","180,000","500","480","2","No","54.6","136.57","0.01","55.6","136.57","0.01","168.3","0.02","46,320","44,607","92,317","89,341","138,371","134,167","51,287","49,478","153,336","148,759","184,265","178,591","0.99","51,236","49,425","92,187","89,220","138,151","133,952","51,236","49,425","153,224","148,654","184,016","178,333","0.99","47,107","44,381","92,367","89,092","137,920","133,661","52,095","49,328","152,734","147,957","183,729","177,866","0.99","0.97",,,"0","0","0",,,,,,,,,,,,,,,,,,,,,,,,,,,,,,,,,,,,,,"07/08/2024","08/30/2024","United States, Canada","ES_1150661_DC1800AN147###_08302024101710_1010101"
"4653266","AMPS Charger","AMPS Charger","DC Electric Vehicle Supply Equipment","ICULC-160212",,,"AC-input","Three Phase","All-in-One Product Configuration","Combined Charging System (CCS)","No","None","16","4*1","425.43","377.2","Yes","No",,,,,,"Camera/ Occupancy Sensing,Credit Card Reader,High Resolution Display,PLC Board (ISO 15118),Radio Frequency Identification (RFID),Revenue Grade Meter","None","320,000","300","480","2","No","216.09","194.78","1.07","223.165","194.78","1.07","1,452.08","0.205","26,069.9","75,261.3","53,166.3","150,228","77,664","150,228","17,423.9","50,164.7",,,"102,814","298,324","1","26,069.4","75,261.3","53,537.9","150,706","77,776.6","225,408","18,029.3","50,314",,,"103,421","299,560","1","26,113.3","75,222.6","52,994.1","150,014","77,879.6","225,270","17,445.1","50,170.5",,,"103,640","299,363","1","2.88",,,,,,,,,,,,,,,,,,,,,,,,,,,,,,,,,,,,,,,,,,,"01/14/2026","09/26/2025","United States, Canada","ES_1152569_ICULC-160212_06092026152333_80272297"
"4653267","AMPS Charger","AMPS Charger","DC Electric Vehicle Supply Equipment","ICULC-160212",,,"AC-input","Three Phase","All-in-One Product Configuration","Combined Charging System (CCS)","No","None","16","4*1","425.43","377.2","Yes","No",,,,,,"Camera/ Occupancy Sensing,Credit Card Reader,High Resolution Display,PLC Board (ISO 15118),Radio Frequency Identification (RFID),Revenue Grade Meter","None","320,000","300","480","2","No","216.09","194.78","0.79","223.165","194.78","0.81","1,452.08","0.22","26,089.3","75,261.3","53,196.9","150,228","77,851.2","150,228","17,443.1","50,164.7",,,"103,214","298,324","1","26,090.9","75,261.3","53,571.6","150,706","77,956","225,408","18,054","50,314",,,"103,808","299,560","1","26,128","75,222.6","53,114.5","150,014","78,033.2","225,270","17,459.9","50,170.5",,,"104,025","299,363","1","2.87",,,,,,,,,,,,,,,,,,,,,,,,,,,,,,,,,,,,,,,,,,,"01/14/2026","09/26/2025","United States, Canada","ES_1152569_ICULC-160212_06092026152343_80272297"
"4653268","AMPS Charger","AMPS Charger","DC Electric Vehicle Supply Equipment","ICULC-160212",,,"AC-input","Three Phase","All-in-One Product Configuration","Combined Charging System (CCS)","No","None","16","4*1","425.43","377.2","Yes","No",,,,,,"Camera/ Occupancy Sensing,Credit Card Reader,High Resolution Display,PLC Board (ISO 15118),Radio Frequency Identification (RFID),Revenue Grade Meter","None","320,000","300","480","2","No","216.09","194.78","0.605","223.165","194.78","0.61","1,452.08","0.205","26,058.8","75,261.3","53,247.5","150,228","77,874.5","150,228","17,415.9","50,164.7",,,"103,181","298,324","1","26,058.5","75,261.3","53,641.2","150,706","78,003.8","225,408","18,056","50,314",,,"103,800","299,560","1","26,161.2","75,222.6","53,108.7","150,014","78,095.8","225,270","17,498.4","50,170.5",,,"104,007","299,363","1","2.87",,,,,,,,,,,,,,,,,,,,,,,,,,,,,,,,,,,,,,,,,,,"01/14/2026","09/26/2025","United States, Canada","ES_1152569_ICULC-160212_06092026152753_80272297"
"4653269","AMPS Charger","AMPS Charger","DC Electric Vehicle Supply Equipment","ICULD-160212",,,"AC-input","Three Phase","All-in-One Product Configuration","Combined Charging System (CCS)","No","None","16","4*1","425.43","377.2","Yes","No",,,,,,"Camera/ Occupancy Sensing,Credit Card Reader,High Resolution Display,PLC Board (ISO 15118),Radio Frequency Identification (RFID),Revenue Grade Meter","None","320,000","300","480","2","No","216.09","194.78","1.07","223.165","194.78","1.07","1,452.08","0.205","26,069.9","75,261.3","53,166.3","150,228","77,664","150,228","17,423.9","50,164.7",,,"102,814","298,324","1","26,069.4","75,261.3","53,537.9","150,706","77,776.6","225,408","18,029.3","50,314",,,"103,421","299,560","1","26,113.3","75,222.6","52,994.1","150,014","77,879.6","225,270","17,445.1","50,170.5",,,"103,640","299,363","1","2.88",,,,,,,,,,,,,,,,,,,,,,,,,,,,,,,,,,,,,,,,,,,"01/14/2026","09/26/2025","United States, Canada","ES_1152569_ICULD-160212_06092026152613_80272297"
"4653270","AMPS Charger","AMPS Charger","DC Electric Vehicle Supply Equipment","ICULD-160212",,,"AC-input","Three Phase","All-in-One Product Configuration","Combined Charging System (CCS)","No","None","16","4*1","425.43","377.2","Yes","No",,,,,,"Camera/ Occupancy Sensing,Credit Card Reader,High Resolution Display,PLC Board (ISO 15118),Radio Frequency Identification (RFID),Revenue Grade Meter","None","320,000","300","480","2","No","216.09","194.78","0.79","223.165","194.78","0.81","1,452.08","0.22","26,089.3","75,261.3","53,196.9","150,228","77,851.2","150,228","17,443.1","50,164.7",,,"103,214","298,324","1","26,090.9","75,261.3","53,571.6","150,706","77,956","225,408","18,054","50,314",,,"103,808","299,560","1","26,128","75,222.6","53,114.5","150,014","78,033.2","225,270","17,459.9","50,170.5",,,"104,025","299,363","1","2.87",,,,,,,,,,,,,,,,,,,,,,,,,,,,,,,,,,,,,,,,,,,"01/14/2026","09/26/2025","United States, Canada","ES_1152569_ICULD-160212_06092026153113_80272297"
"4653271","AMPS Charger","AMPS Charger","DC Electric Vehicle Supply Equipment","ICULD-160212",,,"AC-input","Three Phase","All-in-One Product Configuration","Combined Charging System (CCS)","No","None","16","4*1","425.43","377.2","Yes","No",,,,,,"Camera/ Occupancy Sensing,Credit Card Reader,High Resolution Display,PLC Board (ISO 15118),Radio Frequency Identification (RFID),Revenue Grade Meter","None","320,000","300","480","2","No","216.09","194.78","0.605","223.165","194.78","0.61","1,452.08","0.205","26,058.8","75,261.3","53,247.5","150,228","77,874.5","150,228","17,415.9","50,164.7",,,"103,181","298,324","1","26,058.5","75,261.3","53,641.2","150,706","78,003.8","225,408","18,056","50,314",,,"103,800","299,560","1","26,161.2","75,222.6","53,108.7","150,014","78,095.8","225,270","17,498.4","50,170.5",,,"104,007","299,363","1","2.87",,,,,,,,,,,,,,,,,,,,,,,,,,,,,,,,,,,,,,,,,,,"01/14/2026","09/26/2025","United States, Canada","ES_1152569_ICULD-160212_06092026151313_80272297"
"2472796","Autel Digital Power Co., Ltd.","AUTEL","UF240A4001","UF240A4001",,,"AC-input","Three Phase","All-in-One Product Configuration","Combined Charging System (CCS)","Yes","Gigabit Ethernet,Wi-Fi,Cellular","25","1/0","311.67","252","No","Yes","Open Charge Point Protocol (OCPP)","Wi-Fi,Wired Ethernet","SAE J1772,ISO 15118-2 or later","ETSI EN 303 645","No",,"None","240,000","300","480","2","No","102.07","173.76","0.58","117.16","173.76","0.6","415.64","0.71","62,970","60,500","125,280","120,500","188,490","181,400","52,600","50,400","158,730","151,300","249,470","240,400","1","62,950","60,400","125,170","120,200","188,390","181,000","52,600","50,400","157,930","150,500","249,180","240,000","1","62,630","60,200","125,600","120,900","187,810","180,600","52,590","50,300","158,430","150,800","248,610","239,500","1","0.96",,,,,,,,,,,,,,,,,,,,,,,,,,,,,,,,,,,,,,,,,,,"04/24/2023","05/05/2023","United States, Canada","ES_1147564_UF240A4001_05042023112612_726"
"2472797","Autel Digital Power Co., Ltd.","AUTEL","UF240C4001","UF240C4001",,,"AC-input","Three Phase","All-in-One Product Configuration","Combined Charging System (CCS)","Yes","Gigabit Ethernet,Wi-Fi,Cellular","25","1/0","311.67","252","No","Yes","Open Charge Point Protocol (OCPP)","Wi-Fi,Wired Ethernet","SAE J1772,ISO 15118-2 or later","ETSI EN 303 645","No",,"None","240,000","300","480","1","No","102.07","173.76","0.58","117.16","173.76","0.6","415.64","0.71","62,970","60,500","125,280","120,500","188,490","181,400","52,600","50,400","158,730","151,300","249,470","240,400","1","62,950","60,400","125,170","120,200","188,390","181,000","52,600","50,400","157,930","150,500","249,180","240,000","1","62,630","60,200","125,600","120,900","187,810","180,600","52,590","50,300","158,430","150,800","248,610","239,500","1","0.96",,,,,,,,,,,,,,,,,,,,,,,,,,,,,,,,,,,,,,,,,,,"04/24/2023","05/05/2023","United States, Canada","ES_1147564_UF240C4001_05042023114101_4022790"
"2472798","Autel Digital Power Co., Ltd.","AUTEL","UF160A4001","UF160A4001",,,"AC-input","Three Phase","All-in-One Product Configuration","Combined Charging System (CCS)","Yes","Gigabit Ethernet,Wi-Fi,Cellular","25","1/0","311.67","252","No","Yes","Open Charge Point Protocol (OCPP)","Wi-Fi,Wired Ethernet","SAE J1772,ISO 15118-2 or later","ETSI EN 303 645","No",,"None","160,000","300","480","2","No","97.36","159.32","0.56","111.01","159.32","0.59","294.17","0.63","42,060","40,400","84,180","80,800","121,990","121,300","52,380","50,400","158,990","151,000","167,720","160,200","1","41,900","40,200","83,570","80,100","125,880","121,000","52,470","50,300","159,090","150,700","168,120","159,900","1","42,010","40,200","83,850","80,400","125,660","120,800","52,400","50,200","159,550","150,500","167,690","159,600","1","0.95",,,,,,,,,,,,,,,,,,,,,,,,,,,,,,,,,,,,,,,,,,,"04/24/2023","05/05/2023","United States, Canada","ES_1147564_UF160A4001_05042023105904_2040216"
"3626836","Star Charge Americas Corp","Star Charge","Electric Vehicle Supply Equipment","DC2800AN147###","#=0-2 represents the different rated output current,0=400A,1=380A,2=400A+380A,#=1-3 represents the different DC connector deploy,1=With two Connectors,2=Only Left,3=Only Right,#=1-2 represents with or without POS terminal,1=with pos terminal",,"AC-input","Three Phase","Distributed Product Configuration","Combined Charging System (CCS)","Yes","Gigabit Ethernet,Wi-Fi,Cellular","23","1","51.41","514.9","No","No",,,,,,"High Resolution Display,Credit Card Reader,Radio Frequency Identification (RFID)","None","280,000","500","480","2","No","54.7","152.3","0.01","53.7","152.3","0.01","172.6","0.02","72,410","70,244","144,580","140,481","216,807","210,636","51,336","49,840","154,857","150,367","289,542","280,563","0.99","72,179","69,956","143,818","139,504","215,061","208,958","51,200","49,671","153,413","148,655","286,989","278,201","0.99","72,017","69,891","143,540","139,427","215,319","209,187","51,254","49,721","154,172","149,308","287,896","278,912","0.99","0.97",,,,,,,,,,,,,,,,,,,,,,,,,,,,,,,,,,,,,,,,,,,"07/08/2024","08/30/2024","United States, Canada","ES_1150661_DC2800AN147###_08302024104910_1010101"
"3626837","Star Charge Americas Corp","Star Charge","Electric Vehicle Supply Equipment","DC1200AN147###","#=0-2 represents the different rated output current,0=400A,1=380A,2=400A+380A,#=1-3 represents the different DC connector deploy,1=With two Connectors,2=Only Left,3=Only Right,#=1-2 represents with or without POS terminal,1=with pos terminal",,"AC-input","Three Phase","Distributed Product Configuration","Combined Charging System (CCS)","Yes","Gigabit Ethernet,Wi-Fi,Cellular","23","1","51.41","514.9","No","No",,,,,,"High Resolution Display,Credit Card Reader,Radio Frequency Identification (RFID)","None","120,000","400","480","2","No","53.5","122.14","0.01","55","122.14","0.01","136","0.01","31,047","29,724","61,515","59,442","92,195","89,319","51,210","49,437",,,"122,929","119,072","0.99","30,923","29,633","61,229","59,160","91,782","88,982","51,023","49,261",,,"122,377","118,571","0.99","30,868","29,586","61,320","59,205","91,748","88,860","51,042","49,258",,,"122,363","118,391","0.99","0.97",,,,,,,,,,,,,,,,,,,,,,,,,,,,,,,,,,,,,,,,,,,"07/08/2024","08/30/2024","United States, Canada","ES_1150661_DC1200AN147###_08302024064410_1010101"
"3626838","Star Charge Americas Corp","Star Charge","Electric Vehicle Supply Equipment","DC1500AN147###","#=0-2 represents the different rated output current,0=400A,1=380A,2=400A+380A,#=1-3 represents the different DC connector deploy,1=With two Connectors,2=Only Left,3=Only Right,#=1-2 represents with or without POS terminal,1=with pos terminal",,"AC-input","Three Phase","Distributed Product Configuration","Combined Charging System (CCS)","Yes","Gigabit Ethernet,Wi-Fi,Cellular","23","1","51.41","514.9","No","No",,,,,,"High Resolution Display,Credit Card Reader,Radio Frequency Identification (RFID)","None","150,000","500","480","2","No","53.5","130.08","0.01","52.6","130.08","0.01","161.2","0.03","37,989","36,549","75,793","73,628","114,339","110,788","50,882","49,140","152,753","148,035","152,753","148,035","0.99","37,893","36,480","75,570","73,412","114,140","110,637","50,917","49,145","152,379","147,599","152,379","147,599","0.99","37,853","36,443","75,802","73,333","113,917","110,281","50,704","48,914","151,806","146,923","151,806","146,923","0.99","0.97",,,,,,,,,,,,,,,,,,,,,,,,,,,,,,,,,,,,,,,,,,,"07/08/2024","08/30/2024","United States, Canada","ES_1150661_DC1500AN147###_08302024070210_1010101"
"3626987","Star Charge Americas Corp","Star Charge","Electric Vehicle Supply Equipment","DC2400AN147###","#=0-2 represents the different rated output current,0=400A,1=380A,2=400A+380A,#=1-3 represents the different DC connector deploy,1=With two Connectors,2=Only Left,3=Only Right,#=1-2 represents with or without POS terminal,1=with pos terminal",,"AC-input","Three Phase","Distributed Product Configuration","Combined Charging System (CCS)","Yes","Gigabit Ethernet,Wi-Fi,Cellular","23","1","51.41","514.9","No","No",,,,,,"High Resolution Display,Credit Card Reader,Radio Frequency Identification (RFID)","None","240,000","500","480","2","No","53.8","146.82","0.01","53.9","146.82","0.01","156.3","0.02","62,126","59,988","123,494","119,342","185,575","179,235","51,558","49,830","154,641","148,898","248,303","238,809","0.99","62,007","59,823","123,201","118,864","185,241","178,687","51,450","49,660","154,588","148,587","247,818","237,783","0.99","61,808","59,608","12,340","11,890","185,515","178,800","51,487","49,688","154,225","148,963","247,472","236,976","0.99","0.96",,,,,,,,,,,,,,,,,,,,,,,,,,,,,,,,,,,,,,,,,,,"07/08/2024","09/03/2024","United States, Canada","ES_1150661_DC2400AN147###_09032024100010_1010101"
"3626988","Star Charge Americas Corp","Star Charge","Electric Vehicle Supply Equipment","DC3200AN147###","#=0-2 represents the different rated output current,0=400A,1=380A,2=400A+380A,#=1-3 represents the different DC connector deploy,1=With two Connectors,2=Only Left,3=Only Right,#=1-2 represents with or without POS terminal,1=with pos terminal",,"AC-input","Three Phase","Distributed Product Configuration","Combined Charging System (CCS)","Yes","Gigabit Ethernet,Wi-Fi,Cellular","23","1","51.41","514.9","No","No",,,,,,"High Resolution Display,Credit Card Reader,Radio Frequency Identification (RFID)","None","320,000","500","480","2","No","55.9","157.06","0.01","46.1","157.06","0.01","170.2","0.02","82,639.1","79,747","164,470","159,895","247,620","240,154","51,363.5","49,465.7","154,136","149,573","330,515","320,349","0.99","82,244.7","79,776.3","164,421","159,325","246,766","239,183","51,090.9","49,522.5","154,183","149,540","329,780","319,396","0.99","82,342.3","79,461.2","164,146","159,420","246,486","238,454","51,066.1","49,488.9","153,030","148,373","327,346","316,467","0.99","0.97",,,,,,,,,,,,,,,,,,,,,,,,,,,,,,,,,,,,,,,,,,,"07/08/2024","09/03/2024","United States, Canada","ES_1150661_DC3200AN147###_09032024101510_1010101"
"3627203","Star Charge Americas Corp","Star Charge","DC1800AN164**","DC1800AN164**","DC1200AN164**; DC1500AN164**",,"AC-input","Three Phase","All-in-One Product Configuration","Tesla,Combined Charging System (CCS)","Yes","Gigabit Ethernet,Wi-Fi,Other LAN (Local Area Network),Cellular","23","1/0","51.48","860.4","No","Yes","Open Charge Point Protocol (OCPP)",,"ISO 15118-2 or later","None",,"PLC Board (ISO 15118),Credit Card Reader,Radio Frequency Identification (RFID)","None","180,000","250","480","2","No","53.35","138.43","0.05","66.6","138.43","0.1","396.97","0.07","47,361.87","44,912.69","94,392.71","89,739.52","141,540.14","135,026.61","52,481.77","49,927.34","157,155.41","149,806.67","188,112.96","179,673.14","1","47,211.14","44,875.99","94,209.6","89,646.28","141,317.01","135,070.64","52,385.26","49,881.55","156,961.08","149,835.37","188,139.3","179,701.92","1","47,681.03","44,915.44","94,723.71","89,675.07","141,554.71","135,057.09","52,775.63","49,915.12","157,185.75","149,846.46","187,688.17","179,613.66","1","0.96",,,,,,,,,,,,,,,,,,,,,,,,,,,,,,,,,,,,,,,,,,,"09/09/2024","09/11/2024","United States, Canada","ES_1150661_DC1800AN164**_09092024193152_341607"
"3721937","Star Charge Americas Corp","Star Charge","DC2400AN14801","DC2400AN14801","DC2400AN053; DC2400AN14802; DC2400AN14803",,"AC-input","Three Phase","Distributed Product Configuration","Tesla,Combined Charging System (CCS)","Yes","Gigabit Ethernet,Wi-Fi,Other LAN (Local Area Network),Cellular","22","2*2","51.48","860.4","No","Yes","Open Charge Point Protocol (OCPP)",,,,"No","High Resolution Display,Credit Card Reader,Radio Frequency Identification (RFID)","None","240,000","307","480","2","No","58.77","148.67","0.09","62.32","148.67","0.11","854.92","0.06","62,638.26","59,872.07","124,051.32","119,307.6","183,257.68","177,251.94","52,403.09","49,950.33","155,341.17","149,360.55","244,517.15","237,132.58","1","62,545.32","59,891.16","124,396.34","119,562.67","185,796.45","179,752.05","52,291.32","49,941.77","155,404.87","149,689.94","244,709.76","236,263.28","1","62,660.97","59,886.61","124,493.74","119,545.23","183,615.23","177,141.45","52,355.5","49,934.73","155,566.24","149,696.02","244,119.34","236,518.79","1","0.97",,,,,,,,,,,,,,,,,,,,,,,,,,,,,,,,,,,,,,,,,,,"10/25/2024","10/28/2024","United States, Canada","ES_1150661_DC2400AN14801_10252024141845_9707300"
"3722637","Star Charge Americas Corp","Star Charge","DH-DC0300HG55","DH-DC0300HG55","DH-DC0300HG55-C; DH-DC0300HG55-D; DH-DC0300HG55-E",,"AC-input","Three Phase","All-in-One Product Configuration","Combined Charging System (CCS)","Yes","Gigabit Ethernet,Wi-Fi,Cellular","14","1","21.6","197.32","Yes","Yes","Open Charge Point Protocol (OCPP)","Wi-Fi,Wired Ethernet","SAE J1772","None","No","High Resolution Display,Credit Card Reader,Radio Frequency Identification (RFID)","Vehicle to grid capability","30,000","45","480","1","No","38.755","70.27","0.015","41.39","70.27","0.03","171.43","0.075","7,997","7,383","15,836","15,016","24,020","22,820",,,,,"31,423","29,810","0.99","7,987","7,388","15,742","14,928","23,570","22,420",,,,,"31,337","29,742","0.99","7,987","7,387","15,837","15,023","23,637","22,426",,,,,"31,454","29,820","0.99","0.95",,,,,,,,,,,,,,,,,,,,,,,,,,,,,,,,,,,,,,,,,,,"11/06/2024","11/09/2024","United States, Canada","ES_1150661_DH-DC0300HG55_11042024205044_70611"
"4479443","Star Charge Americas Corp","Star Charge","Electric Vehicle Supply Equipment","DC0600AN238##","The first # can be 65, 66, 67, 69, 70, 71 or 72. Represents EVSE output configurations, such as the number of charging guns, interface types, and output current values. The second # can be 1, 2, 3, 4, 5, 6 or 7; represents EVSE attachment configuration.",,"AC-input","Three Phase","All-in-One Product Configuration","Combined Charging System (CCS)","Yes","Gigabit Ethernet,Wi-Fi,Other LAN (Local Area Network),Cellular","23","2","121.75","766.4","No","No",,,,,,"High Resolution Display,Credit Card Reader,Radio Frequency Identification (RFID)","None","60,000","200","480","2","No","49.8","106.8","0.06","95","106.8","0.1","323.7","0.07","15,289.3","14,712.5","30,676.9","29,571.7","45,761.7","44,200.4","50,767.4","49,087.2",,,"61,214.9","59,170.3","0.99","15,266.7","14,706.4","30,703.8","29,580.9","45,784.2","44,201.2","50,789.1","49,087.5",,,"60,697.2","58,831.1","0.99","15,326.5","14,705.7","30,717.7","29,545.1","45,813.9","44,184.6","50,831.5","49,087",,,"60,831.2","58,876.8","0.99","0.97",,,,,,,,,,,,,,,,,,,,,,,,,,,,,,,,,,,,,,,,,,,"07/08/2024","07/16/2025","United States, Canada","ES_1150661_DC0600AN238##_07212025054210_1010101"
"4479466","Star Charge Americas Corp","Star Charge","Electric Vehicle Supply Equipment","DC0800AN238##","The first # can be 47,48,49,50,51,52,53 or 54. Represents EVSE output configurations, such as the number of charging guns, interface types, and output current values. The second # can be 1, 2, 3, 4, 5, 6 or 7; represents EVSE attachment configuration.",,"AC-input","Three Phase","All-in-One Product Configuration","Combined Charging System (CCS)","Yes","Gigabit Ethernet,Wi-Fi,Other LAN (Local Area Network),Cellular","23","2","121.75","766.4","No","No",,,,,,"High Resolution Display,Credit Card Reader,Radio Frequency Identification (RFID)","None","80,000","250","480","2","No","49.8","117.1","0.06","94.8","117.1","0.1","272.6","0.1","20,601.7","19,793","41,098.7","39,572.4","61,669","59,519.2","51,506.8","49,568.1",,,"82,231.1","79,358.8","0.99","20,635.5","19,827.6","41,000","39,464.7","61,477.4","59,316.8","51,274","49,325.5",,,"81,958.1","79,044.6","0.99","20,544.1","19,740.1","40,993.2","39,433.3","61,471.5","58,835.7","51,252.5","49,269.9",,,"81,901.2","78,883.7","0.99","0.96",,,,,,,,,,,,,,,,,,,,,,,,,,,,,,,,,,,,,,,,,,,"07/08/2024","07/16/2025","United States, Canada","ES_1150661_DC0800AN238##_07222025102910_1010101"
"4479468","Star Charge Americas Corp","Star Charge","Electric Vehicle Supply Equipment","DC1200AN238##","The first # can be 14, 15, 16, 23, 24, 27 or 28. Represents EVSE output configurations, such as the number of charging guns, interface types, and output current values. The second # can be 1, 2, 3, 4, 5, 6 or 7; represents EVSE attachment configuration.",,"AC-input","Three Phase","All-in-One Product Configuration","Combined Charging System (CCS)","Yes","Gigabit Ethernet,Wi-Fi,Other LAN (Local Area Network),Cellular","23","2","121.75","766.4","No","No",,,,,,"High Resolution Display,Credit Card Reader,Radio Frequency Identification (RFID)","None","120,000","400","480","2","No","49.8","131.5","0.06","94","131.5","0.12","337.8","0.06","30,568.1","29,478.8","61,061.6","59,038.2","91,773.5","88,847.6","50,850","49,201.3",,,"121,913","118,037","0.99","30,634.1","29,529","61,234.2","59,204.4","91,712.9","88,750.2","50,847.7","49,173.2",,,"121,959","118,064","0.99","30,616.6","29,454.3","61,026.7","58,939.3","91,819.5","88,821","50,902.3","49,176.1",,,"122,006","118,066","0.99","0.97",,,,,,,,,,,,,,,,,,,,,,,,,,,,,,,,,,,,,,,,,,,"07/08/2024","07/16/2025","United States, Canada","ES_1150661_DC1200AN238##_07222025110110_1010101"
"4479662","Star Charge Americas Corp","StarCharge","Electric Vehicle Supply Equipment","DC1600AN238##","The first # can be 11,12,13,14,15,16,21,22,23,24,25,26,27or28.Represents EVSE output configurations, such as the number of charging guns,interface types,and output current values.The second # can be 1,2,3,4,5,6or7;represents EVSE attachment configuration.",,"AC-input","Three Phase","All-in-One Product Configuration","Combined Charging System (CCS)","Yes","Gigabit Ethernet,Wi-Fi,Other LAN (Local Area Network),Cellular","23","2","121.75","766.4","No","No",,,,,,"High Resolution Display,Credit Card Reader,Radio Frequency Identification (RFID)","None","160,000","500","480","2","No","49.8","141.7","0.06","100.5","141.7","0.1","305.4","0.06","41,172.4","40,037.6","82,231.3","79,778.8","122,743","118,976","51,463.6","49,930.1","153,638","148,912","163,471","158,354","0.99","41,365.4","39,895.9","82,204.5","79,446.4","123,114","119,129","51,555.1","49,735.1","153,222","148,439","163,032","157,817","0.99","40,882.6","39,660","81,480.5","78,960.4","122,274","118,356","51,222.7","49,644.3","153,070","148,156","162,903","157,516","0.99","0.97",,,,,,,,,,,,,,,,,,,,,,,,,,,,,,,,,,,,,,,,,,,"07/08/2024","07/16/2025","United States, Canada","ES_1150661_DC1600AN238##_07242025102310_1010101"
"3845311","Teison Energy Technology Co., Ltd","TEISON","TS-EDC240-DE","TS-EDC240-DE","TS-EDC-120-D; TS-EDC-120-E; TS-EDC150-DD; TS-EDC150-DE; TS-EDC150-EE; TS-EDC160-DD; TS-EDC160-DE; TS-EDC160-EE; TS-EDC180-DD; TS-EDC180-DE; TS-EDC180-EE; TS-EDC200-DD; TS-EDC200-DE; TS-EDC200-EE; TS-EDC240-DD; TS-EDC240-EE; TS-EDC-80-D; TS-EDC-80-E; TS-EDC-90-D; TS-EDC-90-E",,"AC-input","Three Phase","All-in-One Product Configuration","Tesla,Combined Charging System (CCS)","Yes","Gigabit Ethernet,Wi-Fi,Cellular","16","2*3","45.93","462.1","No","Yes",,,,"None",,"High Resolution Display,Radio Frequency Identification (RFID),Speaker","None","120,000","305","480","2","No","89.13","146.08","0.18","88.92","146.08","0.13","494.14","0.06","31,846.12","29,983.93","62,603.5","59,815.18","94,070.71","89,768.89","52,288.93","49,882.47",,,"124,768.29","118,913.89","1","31,627.31","29,839.93","62,603.5","59,586.06","93,856.42","89,489.12","52,168.95","49,731.5",,,"125,219.07","119,124.25","1","31,544.3","29,727.59","62,541.86","59,671.26","93,877.67","89,336.04","52,159.6","49,710.1","125,564.22","119,253.54",,,,"0.88",,,,,,,,,,,,,,,,,,,,,,,,,,,,,,,,,,,,,,,,,,,"12/09/2024","12/11/2024","United States, Canada","ES_1151124_TS-EDC240-DE_12062024172456_3959161"
"3892172","Tesla, Inc.","Tesla","CS-615-A2 with Cabinet, SuperCharger V3, 1450758 System","CS-615-A2 with Cabinet, SuperCharger V3, 1450758 System",,,"AC-input","Three Phase","All-in-One Product Configuration","Other,North America Charging System (NACS)","No","None","10","6",,,"No","No",,,,,,"Credit Card Reader","None","250",,,"1","No",,"142.2","0.1",,"142.2","0.16",,"0.16","22.7","63","44","126","66","188","18.51","50.5","52.9","150","88.1","251","0.99","22.6","63","44.3","126.3","65.8","188","50.6","50.7","52.8","150.3","88","251.4","0.99","22.6","63.1","44","125","66","188","18.4","50.4","52.7","150","88.2","251","0.99","2.85",,,"937","91.6","91.6",,,,,,,,,,,,,,,,,,,,,,,,,,,,,,,,,,,,,,"05/03/2023","01/02/2025","United States, Canada","ES_1148950_CS-615-A2 with Cabinet, SuperCharger V3, 1450758 System_010220252011805_5107593"
"4528761","The Lincoln Electric Company","Lincoln Electric","Velion 50KW EV Charger","K5765-1","K5765-1-W-X-M-W-R,
K5765-1-W-X-M-F-W",,"AC-input","Three Phase","All-in-One Product Configuration","Tesla,Combined Charging System (CCS)","Yes","Gigabit Ethernet,Cellular","25","2",,,"No","No",,,,,,"None","Model is portable","50","130","480","1","No","81.64","84.97","0.04","81.45","84.97","0.04","259.89","0.12","13,311.08","12,541.06","26,065.13","24,999.35","39,402.87","37,865.19",,,,,"52,700.14","50,471.19","0.99","13,344.17","12,566.27","26,190.88","25,095.49","38,719.4","37,160.68",,,,,"52,206.28","49,861.08","0.99","13,231.99","12,395.85","25,915.52","24,765.19","38,854.95","37,214.86",,,,,"51,992.19","49,622.57","0.99","0.96",,,,,,,,,,,,,,,,,,,,,,,,,,,,,,,,,,,,,,,,,,,"06/01/2025","12/02/2025","United States, Canada","ES_1152817_K5765-1-W-X-M-WC-R _01062026115945_80274280"
"2406815","Wanbang Digital Energy Co., Ltd","Star Charge","DC2400AN053","DC2400AN053","DC2000AN045",,"AC-input","Three Phase","Distributed Product Configuration","Combined Charging System (CCS)","Yes","Gigabit Ethernet,Wi-Fi,Other LAN (Local Area Network),Cellular","10","1",,,"No","Yes","Open Charge Point Protocol (OCPP)","Wi-Fi,Wired Ethernet","SAE J1772","NIST Cybersecurity Framework","No",,"None","200,000","307","480","2","No","13.94","134.32","0.01","14.23","134.32","0.01","118.98","0.01","53,747","49,633","104,760","99,220","155,680","148,650","53,747","49,633","155,680","148,650","206,230","197,820","0.99","53,545","49,578","104,710","99,220","156,510","149,240","53,545","49,578","156,510","149,240","206,320","197,130","0.99","53,560","49,579","105,150","99,425","156,940","149,400","53,560","49,579","156,940","149,400","207,710","198,110","0.99","0.96",,,,,,,,,,,,,,,,,,,,,,,,,,,,,,,,,,,,,,,,,,,"11/16/2022","01/13/2023","United States, Canada","ES_1147500_DC2400AN053_01102023111408_3921625"
"2407143","Wanbang Digital Energy Co., Ltd","Star Charge","DH-DC0600HG58-H","DH-DC0600HG58-H",,,"AC-input","Three Phase","All-in-One Product Configuration","Combined Charging System (CCS)","Yes","Gigabit Ethernet,Wi-Fi,Cellular","14","2/0",,"207","No","Yes","Open Charge Point Protocol (OCPP)","Wi-Fi,Wired Ethernet","SAE J1772","None","No",,"Vehicle to grid capability","60,000","90","480","2","No","13.6","101.41","0.15","14.2","101.41","0.18","245.81","0.09","15,432","14,453","30,999","29,415","46,953","44,527","52,081","49,484",,,"62,059","58,965","0.99","16,444","15,135","32,250","30,204","47,665","45,255","52,934","50,311",,,"62,270","59,081","0.99","15,439","14,415","31,205","29,397","47,129","44,503","52,402","49,450",,,"62,280","58,767","0.99","0.95",,,,,,,,,,,,,,,,,,,,,,,,,,,,,,,,,,,,,,,,,,,"11/16/2022","01/20/2023","United States, Canada","ES_1147500_DH-DC0600HG58-H_12272022162423_8240777"
"2472799","Autel Digital Power Co., Ltd.","AUTEL","UF160C4001","UF160C4001",,,"AC-input","Three Phase","All-in-One Product Configuration","Combined Charging System (CCS)","Yes","Gigabit Ethernet,Wi-Fi,Cellular","25","1/0","311.67","252","No","Yes","Open Charge Point Protocol (OCPP)","Wi-Fi,Wired Ethernet","SAE J1772,ISO 15118-2 or later","ETSI EN 303 645","No",,"None","160,000","300","480","1","No","97.36","159.32","0.56","111.01","159.32","0.59","294.17","0.63","42,060","40,400","84,180","80,800","121,990","121,300","52,380","50,400","158,990","151,000","167,720","160,200","1","41,900","40,200","83,570","80,100","125,880","121,000","52,470","50,300","159,090","150,700","168,120","159,900","1","42,010","40,200","83,850","80,400","125,660","120,800","52,400","50,200","159,550","150,500","167,690","159,600","1","0.95",,,,,,,,,,,,,,,,,,,,,,,,,,,,,,,,,,,,,,,,,,,"04/24/2023","05/05/2023","United States, Canada","ES_1147564_UF160C4001_05042023111116_8070642"
"2472800","Autel Digital Power Co., Ltd.","AUTEL","UW040A2501","UW040A2501","UR040A2501",,"AC-input","Three Phase","All-in-One Product Configuration","Combined Charging System (CCS)","Yes","Gigabit Ethernet,Wi-Fi,Cellular","25","2","193.11","1,079","No","Yes","Open Charge Point Protocol (OCPP)","Wi-Fi,Wired Ethernet","SAE J1772,ISO 15118-2 or later","ETSI EN 303 645","No",,"None","40,000","133","480","2","No","80.4","104.14","0.16","80.66","104.14","0.16","304.2","0.1","10,590","10,200","20,880","20,100","31,420","30,300",,,,,"41,500","39,900","1","10,490","10,100","20,510","19,800","31,320","30,200",,,,,"41,370","39,800","1","10,510","10,200","20,480","19,700","31,300","30,200",,,,,"41,390","39,900","1","0.96",,,,,,,,,,,,,,,,,,,,,,,,,,,,,,,,,,,,,,,,,,,"04/24/2023","05/05/2023","United States, Canada","ES_1147564_UW040A2501_05042023103959_4907800"
"2502085","Autel Digital Power Co., Ltd.","AUTEL","UF060C3001","UF060C3001",,,"AC-input","Three Phase","All-in-One Product Configuration","Combined Charging System (CCS)","Yes","Gigabit Ethernet,Wi-Fi,Cellular","25","1","311.67","252","No","Yes","Open Charge Point Protocol (OCPP)","Wi-Fi,Wired Ethernet","SAE J1772,ISO 15118-2 or later","ETSI EN 303 645","No",,"None","60,000","200","480","1","No","90.56","124.4","0.57","95.28","124.4","0.56","220","0.71","15,610","14,900","31,390","30,200","46,890","45,100","52,300","50.3",,,"62,440","60,000","0.99","15,640","14,900","31,340","30,200","46,810","45,100","52,250","50,300",,,"62,400","60,000","1","15,650","14,900","31,350","30,200","46,800","45,000","52,270","50,300",,,"62,490","60,000","1","0.96",,,,,,,,,,,,,,,,,,,,,,,,,,,,,,,,,,,,,,,,,,,"05/24/2023","05/25/2023","United States, Canada","ES_1147564_UF060C3001_05242023100059_8381463"
"2502086","Autel Digital Power Co., Ltd.","AUTEL","UF060A3001","UF060A3001",,,"AC-input","Three Phase","All-in-One Product Configuration","Combined Charging System (CCS)","Yes","Gigabit Ethernet,Wi-Fi,Cellular","25","1","311.67","252","No","Yes","Open Charge Point Protocol (OCPP)","Wi-Fi,Wired Ethernet","SAE J1772,ISO 15118-2 or later","ETSI EN 303 645","No",,"None","60,000","200","480","2","No","90.56","124.4","0.57","95.28","124.4","0.56","220","0.71","15,610","14,900","31,390","30,200","46,890","45,100","52,300","50.3",,,"62,440","60,000","0.99","15,640","14,900","31,340","30,200","46,810","45,100","52,250","50,300",,,"62,400","60,000","1","15,650","14,900","31,350","30,200","46,800","45,000","52,270","50,300",,,"62,490","60,000","1","0.96",,,,,,,,,,,,,,,,,,,,,,,,,,,,,,,,,,,,,,,,,,,"05/24/2023","05/25/2023","United States, Canada","ES_1147564_UF060A3001_05242023110422_4844629"
"2507636","Autel Digital Power Co., Ltd.","AUTEL","UF120C3001","UF120C3001",,,"AC-input","Three Phase","All-in-One Product Configuration","Combined Charging System (CCS)","Yes","Gigabit Ethernet,Wi-Fi,Cellular","25","1","311.67","252","No","Yes","Open Charge Point Protocol (OCPP)","Wi-Fi,Wired Ethernet","SAE J1772,ISO 15118-2 or later","ETSI EN 303 645","No",,"None","120,000","200","480","1","No","91.98","149.08","0.56","95.56","149.08","0.56","315","0.71","31,620","30,300","63,210","60,700","94.53","90,900","52,500","50,400",,,"125,120","120,100","1","31,450","30,200","62,950","60,600","94,300","90,800","52,240","50,300",,,"124,950","120,000","1","31,480","30,200","62,900","60,400","94,210","90,600","52,170","50,000",,,"124,950","119,700","1","13.93",,,,,,,,,,,,,,,,,,,,,,,,,,,,,,,,,,,,,,,,,,,"05/24/2023","05/29/2023","United States, Canada","ES_1147564_UF120C3001_05242023111457_4348565"
"2507637","Autel Digital Power Co., Ltd.","AUTEL","UF120A3001","UF120A3001",,,"AC-input","Three Phase","All-in-One Product Configuration","Combined Charging System (CCS)","Yes","Gigabit Ethernet,Wi-Fi,Cellular","25","1","311.67","252","No","Yes","Open Charge Point Protocol (OCPP)","Wi-Fi,Wired Ethernet","SAE J1772,ISO 15118-2 or later","ETSI EN 303 645","No",,"None","120,000","200","480","2","No","91.98","149.08","0.56","95.56","149.08","0.56","315","0.71","31,620","30,300","63,210","60,700","94.53","90,900","52,500","50,400",,,"125,120","120,100","1","31,450","30,200","62,950","60,600","94,300","90,800","52,240","50,300",,,"124,950","120,000","1","31,480","30,200","62,900","60,400","94,210","90,600","52,170","50,000",,,"124,950","119,700","1","13.93",,,,,,,,,,,,,,,,,,,,,,,,,,,,,,,,,,,,,,,,,,,"05/24/2023","05/29/2023","United States, Canada","ES_1147564_UF120A3001_05242023111337_5340082"
"2648748","Autel Digital Power Co., Ltd.","AUTEL","UF180A4001","UF180A4001",,,"AC-input","Three Phase","All-in-One Product Configuration","Combined Charging System (CCS)","Yes","Gigabit Ethernet,Wi-Fi,Cellular","25","1/0","311.67","316","No","Yes","Open Charge Point Protocol (OCPP)","Wi-Fi,Wired Ethernet","SAE J1772,ISO 15118-2 or later","ETSI EN 303 645","No",,"None","180,000","300","480","2","No","108.7","164.32","0.55","116.92","163.92","0.56","468.33","0.72","47.15","45.2","93.65","89.9","141.41","136.1","52.48","50.4","157.21","151.1","188.38","180.9","1","47.04","45","94.41","90.6","141.46","136","52.61","50.3","157.21","150.9","186.91","179.2","1","47.04","44.9","94.13","90.3","141.17","135.6","52.44","50.1","156.89","150.6","188.24","180.2","1","0.96",,,,,,,,,,,,,,,,,,,,,,,,,,,,,,,,,,,,,,,,,,,"08/16/2023","08/28/2023","United States, Canada","ES_1147564_UF180A4001_08252023095319_1608697"
"2667889","Autel Digital Power Co., Ltd.","AUTEL","UF180C4001","UF180C4001",,,"AC-input","Three Phase","All-in-One Product Configuration","Combined Charging System (CCS)","Yes","Gigabit Ethernet,Wi-Fi,Cellular","25","1/0","311.67","316","No","Yes","Open Charge Point Protocol (OCPP)","Wi-Fi,Wired Ethernet","SAE J1772,ISO 15118-2 or later","ETSI EN 303 645","No",,"None","180,000","300","480","1","No","108.7","164.32","0.55","116.92","163.92","0.56","468.33","0.72","47.15","45.2","93.65","89.9","141.41","136.1","52.48","50.4","157.21","151.1","188.38","180.9","1","47.04","45","94.41","90.6","141.46","136","52.61","50.3","157.21","150.9","186.91","179.2","1","47.04","44.9","94.13","90.3","141.17","135.6","52.44","50.1","156.89","150.6","188.24","180.2","1","0.96",,,,,,,,,,,,,,,,,,,,,,,,,,,,,,,,,,,,,,,,,,,"08/25/2023","09/14/2023","United States, Canada","ES_1147564_UF180C4001_09112023182751_7746393"
"2508238","Wanbang Digital Energy Co., Ltd","Star Charge","DC2400AN06702","DC2400AN06702","DC2400AN053",,"AC-input","Three Phase","Distributed Product Configuration","Combined Charging System (CCS)","Yes","Gigabit Ethernet,Wi-Fi,Other LAN (Local Area Network),Cellular","23","1/0","51.48","860.4","No","Yes","Open Charge Point Protocol (OCPP)","Wi-Fi,Wired Ethernet","SAE J1772","None","No",,"None","240,000","307","480","2","No","107.99","147.53","0.12","108.57","147.53","0.11","921.35","0.08","62,429.29","59,193.75","124,411.23","118,093.74","187,564.14","177,921.93","51,884.93","49,306.45","156,153.19","148,249.06","248,950.2","237,367.41","1","62,785.59","59,236.23","125,563.81","118,788.35","188,768.96","178,565.48","52,620.51","49,679.87","157,489.33","149,108.88","250,556.14","238,411.58","1","63,325.55","59,572.17","126,112.19","119,042.65","189,268.5","178,405.55","52,704.64","49,571.12","157,430.95","148,714.73","250,757.53","237,794.44","1","0.95",,,,,,,,,,,,,,,,,,,,,,,,,,,,,,,,,,,,,,,,,,,"05/31/2023","05/31/2023","United States, Canada","ES_1147500_DC2400AN06702_06052023094240_5666467"
"2508239","Wanbang Digital Energy Co., Ltd","Star Charge","DC2400AN06701","DC2400AN06701","DC2400AN053",,"AC-input","Three Phase","Distributed Product Configuration","Combined Charging System (CCS)","Yes","Gigabit Ethernet,Wi-Fi,Other LAN (Local Area Network),Cellular","23","2/0","51.48","860.4","No","Yes","Open Charge Point Protocol (OCPP)","Wi-Fi,Wired Ethernet","SAE J1772","None","No",,"None","200,000","307","480","2","No","107.99","147.53","0.12","108.57","147.53","0.11","921.35","0.08","52,031.55","49,431.47","103,506.83","98,346.8","155,706.17","148,337.85",,,,,"207,329.41","197,839.74","1","52,780.99","49,884.63","104,977.41","99,336.98","157,002.25","149,115.53",,,,,"208,890.02","198,817.36","1","53,099.24","49,893.36","104,981.36","98,928.54","157,440.05","148,934.1",,,,,"210,264.46","199,349.95","1","0.95",,,,,,,,,,,,,,,,,,,,,,,,,,,,,,,,,,,,,,,,,,,"05/31/2023","05/31/2023","United States, Canada","ES_1147500_DC2400AN06701_06052023092732_7535516"
"2732789","Wanbang Digital Energy Co., Ltd","Star Charge","DC1800AN116**","DC1800AN116**",,,"AC-input","Three Phase","All-in-One Product Configuration","Combined Charging System (CCS)","Yes","Gigabit Ethernet,Wi-Fi","23","1/0","62.1","860.4","No","Yes","Open Charge Point Protocol (OCPP)","Wi-Fi,Wired Ethernet","SAE J1772","None","No","PLC Board (ISO 15118),Credit Card Reader,Radio Frequency Identification (RFID)","The output cord size is 2*1/0 for DC+ and 2*1/0 for DC-","180,000","250","480","2","No","57.76","138.67","0.12","76.49","138.67","0.15","389.16","0.08","47,195.9","44,907.49","93,643.12","89,385.41","140,576.83","134,074.74","52,308.98","49,880.81","155,956.18","148,644.67","187,029.67","177,991.28","1","47,222.89","44,878.73","94,025.26","89,343.58","140,629.42","134,134.06","52,396.03","49,868.2","155,843.2","148,530.1","186,272.7","177,056.3","1","47,538.34","44,879.31","94,137.93","89,356.13","140,501.31","133,801.21","52,817.15","49,901.17","155,966.78","148,418.81","186,766.51","177,322.71","1","0.95",,,,,,,,,,,,,,,,,,,,,,,,,,,,,,,,,,,,,,,,,,,"11/14/2023","11/16/2023","United States, Canada","ES_1147500_DC1800AN116**_11102023094025_6217157"
"2732790","Wanbang Digital Energy Co., Ltd","Star Charge","DC1200AN116**","DC1200AN116**",,,"AC-input","Three Phase","All-in-One Product Configuration","Combined Charging System (CCS)","Yes","Gigabit Ethernet,Wi-Fi","23","1/0","62.1","860.4","No","Yes","Open Charge Point Protocol (OCPP)","Wi-Fi,Wired Ethernet","SAE J1772","None",,"PLC Board (ISO 15118),Credit Card Reader,Radio Frequency Identification (RFID)","The output cord size is 2*1/0 for DC+ and 2*1/0 for DC-","120,000","170","480","2","No","50.47","124.23","0.08","51.36","124.23","0.08","239.59","0.05","31,434.81","29,857.8","62,568.64","59,663.36","93,711.14","89,294.98","52,132.2","49,769.08",,,"125,052.51","119,041.7","1","31,755.44","29,949.42","63,021.33","59,767.8","94,239.14","89,451.39","52,438.87","49,877.54",,,"124,314.55","118,104.01","1","31,899.1","29,927.06","63,220.49","59,751.68","94,459.35","89,413.57","52,654.03","49,840.85",,,"125,609.85","118,949.96","1","0.95",,,,,,,,,,,,,,,,,,,,,,,,,,,,,,,,,,,,,,,,,,,"11/14/2023","11/16/2023","United States, Canada","ES_1147500_DC1200AN116**_11142023102546_9913904"
"2732791","Wanbang Digital Energy Co., Ltd","Star Charge","DC1500AN116**","DC1500AN116**",,,"AC-input","Three Phase","All-in-One Product Configuration","Combined Charging System (CCS)","Yes","Gigabit Ethernet,Wi-Fi","23","1/0","62.1","860.4","No","Yes","Open Charge Point Protocol (OCPP)","Wi-Fi,Wired Ethernet","SAE J1772","None","No","PLC Board (ISO 15118),Credit Card Reader,Radio Frequency Identification (RFID)","The output cord size is 2*1/0 for DC+ and 2*1/0 for DC-","150,000","210","480","2","No","50.47","132.18","0.08","51.41","132.18","0.08","271.83","0.05","39,572.12","37,384.16","78,586.04","74,672.87","117,727.86","11,812.46","52,465.18","49,852.87",,,"154,976.52","147,399.84","1","39,500.14","37,335.12","78,465.25","74,650.72","117,493.37","111,744.32","52,419.27","49,806.29",,,"158,432.91","147,885.24","1","39,758.75","37,349.51","78,768.58","74,623.95","117,861.5","111,778.87","52,659.75","49,801.86",,,"157,859.38","147,210.69","1","0.93",,,,,,,,,,,,,,,,,,,,,,,,,,,,,,,,,,,,,,,,,,,"11/14/2023","11/16/2023","United States, Canada","ES_1147500_DC1500AN116**_11142023103644_4147455"
"2635744","XCharge Energy USA Inc","XCHARGE","C6AM90CC","C6AM90CC",,,"AC-input","Three Phase","All-in-One Product Configuration","Combined Charging System (CCS)","Yes","Gigabit Ethernet,Cellular","16","2/0","107.53","574.6","No","Yes","Open Charge Point Protocol (OCPP)","Wired Ethernet","SAE J1772,ISO 15118-2 or later","None","No","PLC Board (ISO 15118),Radio Frequency Identification (RFID)","None","95,000","300","208","2","No","33.64","120.57","0.45","33.74","120.57","0.45","857.32","0.43","26,215.85","23,714.95","51,784.21","47,602.49","76,818.34","71,191.37","54,438.02","50,113.46",,,"101,913.96","93,646.16","1","26,677.09","23,806.97","51,652.72","47,474.16","78,293.85","71,686.69","54,445.76","50,073.85",,,"103,231.86","93,822.33","1","26,734.41","23,746.14","51,793.48","47,489.76","77,893.77","71,280.22","54,933.52","50,084.74",,,"104,055.63","94,415.01","1","0.91",,,,,,,,,,,,,,,,,,,,,,,,,,,,,,,,,,,,,,,,,,,"07/31/2023","08/14/2023","United States, Canada","ES_1149349_C6AM90CC_08102023131637_3230096"
"2635745","XCharge Energy USA Inc","XCHARGE","C6AM150CC","C6AM150CC",,,"AC-input","Three Phase","All-in-One Product Configuration","Combined Charging System (CCS)","Yes","Gigabit Ethernet,Cellular","16","2/0","107.53","574.6","No","Yes","Open Charge Point Protocol (OCPP)","Wired Ethernet","SAE J1772,ISO 15118-2 or later","None","No","PLC Board (ISO 15118),Radio Frequency Identification (RFID)","None","150,000","200","480","2","No","33.78","136.83","0.24","33.83","136.83","0.24","1,010.27","0.12","39,713.78","37,230.01","78,549.58","74,571.94","115,925.67","110,448.54","53,887.73","50,931.4",,,"157,536.26","150,106.94","1","40,293.56","37,444.15","79,415.83","75,130.65","119,093.17","112,858.88","53,193.79","49,994.37",,,"156,699.13","148,657.9","1","40,671.98","37,364.24","78,500.64","73,867.39","117,820.94","111,596.41","53,303.05","49,947.87",,,"156,967.53","148,655.09","1","0.95",,,,,,,,,,,,,,,,,,,,,,,,,,,,,,,,,,,,,,,,,,,"07/31/2023","08/14/2023","United States, Canada","ES_1149349_C6AM150CC_08102023110434_5171319"
"3845015","XCharge Energy USA Inc","XCHARGE","C6AM-200-CC","C6AM-200-CC","C6AM-120-CC; C6AM-150-CC; C6AM-160-CC; C6AM-180-CC; C6AM-60-CC; C6AM-80-CC; C6AM-90-CC",,"AC-input","Three Phase","All-in-One Product Configuration","Tesla,Combined Charging System (CCS)","Yes","Gigabit Ethernet,Wi-Fi,Other LAN (Local Area Network),Cellular","16","2/0","15","780.6","No","Yes","Open Charge Point Protocol (OCPP)",,,,,"PLC Board (ISO 15118),Credit Card Reader,Radio Frequency Identification (RFID)","None","200,000","300","480","2","No","32.64","136.27","0.07","38.94","136.27","0.08","1,107.27","0.15","52,480.26","49,591.03","104,843.05","99,634.59","158,645.48","149,030.75",,,,,"209,736.8","198,771.55","1","53,536.15","50,074.63","105,512.2","100,173.74","159,906.06","149,753.8",,,,,"210,597.39","199,108.3","1","53,888.32","50,298.82","105,274.61","100,004.61","158,946.93","149,977.69",,,,,"211,636.25","200,001.14","1","0.95",,,,,,,,,,,,,,,,,,,,,,,,,,,,,,,,,,,,,,,,,,,"11/19/2024","12/04/2024","United States, Canada","ES_1149349_C6AM-200-CC, C6AM-180-CC, C6AM-160-CC, C6AM-150-CC, C6AM-120-CC, C6AM-90-CC, C6AM-80-CC, C6AM-60-CC._11202024141153_5953180"
"3892124","XCharge Energy USA Inc","XCHARGE","C7AM-400-CC","C7AM-400-CC","C7AM-240-CC; C7AM-240-LQ-CC; C7AM-280-CC; C7AM-280-LQ-CC; C7AM-320-CC; C7AM-320-LQ-CC; C7AM-360-CC; C7AM-360-LQ-CC; C7AM-400-LQ-CC",,"AC-input","Three Phase","All-in-One Product Configuration","Tesla,Combined Charging System (CCS)","Yes","Gigabit Ethernet,Wi-Fi,Other LAN (Local Area Network),Cellular","16","2","197.52","1,309","No","Yes","Open Charge Point Protocol (OCPP)",,,,"No",,"None","350,000","400","480","2","No","45.88","193.28","0.07","46.06","193.28","0.08","648.88","0.07","91,722.95","87,669.24","183,075.45","174,735.92","275,008.79","262,147.72","52,478.81","50,175.03","158,142.98","150,509.05","364,555.92","349,670.25","1","91,683.41","87,592.58","183,916.43","175,454.21","276,058.04","262,857.6","52,659.16","50,539.25","158,591.31","150,747.11","365,839.17","350,797.41","1","92,081.25","87,789.47","185,161.41","176,266.5","277,959.01","264,221.04","52,673.37","50,233.07","159,602.23","151,332.97","364,920.34","349,745.17","1","0.96",,,,,,,,,,,,,,,,,,,,,,,,,,,,,,,,,,,,,,,,,,,"11/23/2024","12/30/2024","United States, Canada","ES_1149349_C7AM-400-CC_11292024164601_6416894"
"4572811","XCharge Energy USA Inc","XCHARGE","NZS/430","NZS/430",,,"AC-input,DC-input","Three Phase","All-in-One Product Configuration","Tesla,Combined Charging System (CCS)","Yes","Cellular","23","1/0","1,275.74","230.8","Yes","No",,,,,,"PLC Board (ISO 15118),Credit Card Reader,Radio Frequency Identification (RFID)","Battery storage integration capability","194,000","350","480","2","No","119.34","240.14","0.42","120.46","240.21","0.42","991.23","0.38",,,,,,,,,,,,,,,,,,,,,,,,,,,,,,,,,,,,,,,,,"350","825","5.92","5.71","136.3",,,,,,,,,,,,,,,,,,,,,,,,,,,,,,,,,,,,,,"06/30/2025","02/11/2026","United States, Canada","ES_1149349_NZS/430_03022026111405_80280265"
"4572812","XCharge Energy USA Inc","XCHARGE","NZS/430","NZS/430",,,"AC-input,DC-input","Three Phase","All-in-One Product Configuration","Tesla,Combined Charging System (CCS)","Yes","Cellular","23","1/0","1,275.74","230.8","Yes","No",,,,,,"PLC Board (ISO 15118),Credit Card Reader,Radio Frequency Identification (RFID)","Battery storage integration capability","194,000","350","480","2","No","119.34","240.14","0","120.46","240.21","0","991.23","0.24",,,,,,,,,,,,,,,,,,,,,,,,,,,,,,,,,,,,,,,,,"350","825","5.92","5.71","136.3",,,,,,,,,,,,,,,,,,,,,,,,,,,,,,,,,,,,,,"06/30/2025","02/11/2026","United States, Canada","ES_1149349_NZS/430_03022026111406_80280265"
"4572813","XCharge Energy USA Inc","XCHARGE","NZS/430","NZS/430",,,"AC-input,DC-input","Three Phase","All-in-One Product Configuration","Tesla,Combined Charging System (CCS)","Yes","Cellular","23","1/0","1,275.74","230.8","Yes","No",,,,,,"PLC Board (ISO 15118),Credit Card Reader,Radio Frequency Identification (RFID)","Battery storage integration capability","194,000","350","480","2","No","119.34","240.14","0.1","120.46","240.21","0.11","991.23","0.77",,,,,,,,,,,,,,,,,,,,,,,,,,,,,,,,,,,,,,,,,"350","825","5.92","5.71","136.3",,,,,,,,,,,,,,,,,,,,,,,,,,,,,,,,,,,,,,"06/30/2025","02/11/2026","United States, Canada","ES_1149349_NZS/430_03022026111407_80280265"
"4572814","XCharge Energy USA Inc","XCHARGE","NZS/215","NZS/215",,,"AC-input,DC-input","Three Phase","All-in-One Product Configuration","Tesla,Combined Charging System (CCS)","Yes","Cellular","23","1/0","1,275.74","230.8","Yes","No",,,,,,"PLC Board (ISO 15118),Credit Card Reader,Radio Frequency Identification (RFID)","Battery storage integration capability","194,000","350","480","2","No","119.34","240.14","0.42","120.46","240.21","0.42","991.23","0.38",,,,,,,,,,,,,,,,,,,,,,,,,,,,,,,,,,,,,,,,,"350","825","5.92","5.71","136.3",,,,,,,,,,,,,,,,,,,,,,,,,,,,,,,,,,,,,,"06/30/2025","02/11/2026","United States, Canada","ES_1149349_NZS/215_03022026111408_80280265"
"4572815","XCharge Energy USA Inc","XCHARGE","NZS/215","NZS/215",,,"AC-input,DC-input","Three Phase","All-in-One Product Configuration","Tesla,Combined Charging System (CCS)","Yes","Cellular","23","1/0","1,275.74","230.8","Yes","No",,,,,,"PLC Board (ISO 15118),Credit Card Reader,Radio Frequency Identification (RFID)","Battery storage integration capability","194,000","350","480","2","No","119.34","240.14","0","120.46","240.21","0","991.23","0.24",,,,,,,,,,,,,,,,,,,,,,,,,,,,,,,,,,,,,,,,,"350","825","5.92","5.71","136.3",,,,,,,,,,,,,,,,,,,,,,,,,,,,,,,,,,,,,,"06/30/2025","02/11/2026","United States, Canada","ES_1149349_NZS/215_03022026111409_80280265"
"4572816","XCharge Energy USA Inc","XCHARGE","NZS/215","NZS/215",,,"AC-input,DC-input","Three Phase","All-in-One Product Configuration","Tesla,Combined Charging System (CCS)","Yes","Cellular","23","1/0","1,275.74","230.8","Yes","No",,,,,,"PLC Board (ISO 15118),Credit Card Reader,Radio Frequency Identification (RFID)","Battery storage integration capability","194,000","350","480","2","No","119.34","240.14","0.1","120.46","240.21","0.11","991.23","0.77",,,,,,,,,,,,,,,,,,,,,,,,,,,,,,,,,,,,,,,,,"350","825","5.92","5.71","136.3",,,,,,,,,,,,,,,,,,,,,,,,,,,,,,,,,,,,,,"06/30/2025","02/11/2026","United States, Canada","ES_1149349_NZS/215_03022026111410_80280265"
"2454359","Zerova Technologies Taiwan Limited","Zerova","DSWU182J0TD","DSWU182J0TD","DSWU182T0JD",,"AC-input","Three Phase","All-in-One Product Configuration","Combined Charging System (CCS)","Yes","Gigabit Ethernet,Wi-Fi,Cellular","16","2","20.52","865","No","Yes","Open Charge Point Protocol (OCPP)","Wi-Fi,Wired Ethernet","SAE J1772","None","No",,"Vehicle to grid capability","180,000","300","480","2","No","55.2","133.28","0.04","125.23","133.28","0.02","268.42","0.03","48,512","44,620","96,464","88,749","142,984","131,729","53,939","48,303","158,278","145,003","189,101","179,440","1","48,600","44,711","96,526","89,689","142,905","134,164","53,886","48,188","158,217","144,477","189,303","179,295","1","48,601","44,772","95,607","89,737","143,076","131,342","53,963","49,880","157,040","145,020","189,076","175,629","1","0.95",,,,,,,,,,,,,,,,,,,,,,,,,,,,,,,,,,,,,,,,,,,"02/06/2023","04/18/2023","United States, Canada","ES_1148023_DSWU182J0TD_04182023091920_4149743"
"2470922","Zerova Technologies Taiwan Limited","Zerova","DOWU362000D","DOWU362000D","DDWU362K0UE; DDWU362T0VE; DDWU362U0KE; DDWU362V0TE",,"AC-input","Three Phase","Distributed Product Configuration","Combined Charging System (CCS)","Yes","Gigabit Ethernet,Wi-Fi,Cellular","16","3","20.52","865","No","Yes","Open Charge Point Protocol (OCPP)","Wi-Fi,Wired Ethernet","SAE J1772","None","No",,"Vehicle to grid capability","350,000","500","480","4","No","127","156.96","0.03","129.83","156.96","0.02","867","0.09","93,510","87,572","186,013","174,034","281,950","262,749","53,952","50,526","160,762","150,315","371,380","349,617","1","93,534","87,615","186,023","174,128","282,197","262,876","53,995","50,576","160,869","150,282","369,758","349,755","1","93,748","87,805","186,284","174,008","283,642","263,163","54,142","50,699","161,309","150,453","373,329","349,585","1","0.94",,,,,,,,,,,,,,,,,,,,,,,,,,,,,,,,,,,,,,,,,,,"04/24/2023","04/28/2023","United States, Canada","ES_1148023_DOWU362000D_04282023124814_6313745"
"3549901","Zerova Technologies Taiwan Limited","Zerova","DSWA182A0AD","DSWA182A0AD",,,"AC-input","Three Phase","All-in-One Product Configuration","Combined Charging System (CCS)","Yes","Gigabit Ethernet","16","1/0","39.98","100.4","No","Yes","Other,CSU system","Wired Ethernet","Other,TLS1.2/TLS1.3","Open Charge Point Protocol (OCPP)","No","High Resolution Display,PLC Board (ISO 15118),Credit Card Reader,Radio Frequency Identification (RFID),Revenue Grade Meter","smart charging distribute solution.","180,000","375","480","2","No","103.38","134.59","0.01","109.25","134.59","0.01","192.17",,"47,766","44,686","93,953","89,481","140,600","134,110","52,788","49,517","156,430","149,170","187,030","179,150","1","47,853","44,750","94,231","89,730","141,170","134,560","53,267","50,021","156,770","149,210","187,680","179,240","1","48,576","45,288","94,420","89,869","140,910","134,070","53,430","50,194","157,060","149,320","188,020","179,510","1","0.96",,,,,,,,,,,,,,,,,,,,,,,,,,,,,,,,,,,,,,,,,,,"05/28/2024","06/27/2024","United States, Canada","ES_1148023_DSWA182A0AD_06202024154839_4980127"
"3555245","Zerova Technologies Taiwan Limited","Zerova","DSWU601U0UD","DSWU601U0UD",,,"AC-input","Three Phase","All-in-One Product Configuration","Combined Charging System (CCS)","Yes","Gigabit Ethernet,Wi-Fi,Cellular","16","2","20.52","865","No","Yes","Open Charge Point Protocol (OCPP)","Wi-Fi,Wired Ethernet","SAE J1772","None","No","High Resolution Display,Radio Frequency Identification (RFID)","None","60,000","120","480","2","No","60.57","94.17","0.02","88.89","94.17","0.02","140.23","0.02","16,234","14,885","31,599","29,799","47,045","44,615","52,375","49,758",,,"62,729","59,535","0.99","16,246","14,853","31,581","29,839","47,123","44,701","52,419","49,762",,,"62,699","59,563","0.99","16,209","14,862","31,619","29,640","47,111","44,642","52,363","49,772",,,"62,771","59,540","0.99","0.95",,,,,,,,,,,,,,,,,,,,,,,,,,,,,,,,,,,,,,,,,,,"10/26/2022","07/23/2024","United States, Canada","ES_1148023_DSWU601U0UD_07222024184644_8396264"
"3555246","Zerova Technologies Taiwan Limited","Zerova","DSWU182T0TD","DSWU182T0TD","DSWU182I0ID",,"AC-input","Three Phase","All-in-One Product Configuration","Combined Charging System (CCS)","Yes","Gigabit Ethernet,Wi-Fi,Cellular","16","4/0","20.52","865","No","Yes","Open Charge Point Protocol (OCPP)","Wi-Fi,Wired Ethernet","SAE J1772","None","No","High Resolution Display,Radio Frequency Identification (RFID)","None","180,000","300","480","2","No","60.13","133.28","0.02","72.3","133.28","0.02","257.26","0.03","48,640","44,834","96,578","89,634","142,833","134,665","53,922","49,850","158,020","149,310","188,634","179,240","1","48,690","44,834","96,528","89,920","142,826","134,653","54,024","49,959","157,819","149,195","188,839","179,341","1","48,700","44,837","96,404","89,890","142,833","134,667","54,040","49,973","157,602","149,077","188,586","179,031","1","0.95",,,,,,,,,,,,,,,,,,,,,,,,,,,,,,,,,,,,,,,,,,,"02/06/2023","07/23/2024","United States, Canada","ES_1148023_DSWU182T0TD_07222024185103_4329034"
"3555247","Zerova Technologies Taiwan Limited","Zerova","DWWU301U00D","DWWU301U00D","FMWU301U00D; SMWU301U00D",,"AC-input","Three Phase","All-in-One Product Configuration","Combined Charging System (CCS)","Yes","Gigabit Ethernet,Wi-Fi,Cellular","16","8","20.52","857","No","Yes","Open Charge Point Protocol (OCPP)","Wi-Fi,Wired Ethernet","SAE J1772","None","No","High Resolution Display,Radio Frequency Identification (RFID)","None","30,000","60","480","1","No","28.19","70.1","0.01","30.19","70.1","0.02","131.89","0.03","8,000","7,363","15,639","14,813","23,359","22,249",,,,,"31,370","29,824","0.99","8,063","7,410","15,748","14,859","23,579","22,296",,,,,"31,412","29,847","0.99","8,070","7,406","15,734","14,849","23,559","22,285",,,,,"31,340","29,811","0.99","0.95",,,,,,,,,,,,,,,,,,,,,,,,,,,,,,,,,,,,,,,,,,,"12/09/2022","07/23/2024","United States, Canada","ES_1148023_DWWU301U00D_07222024190119_6680108"
"4674754","Autel Digital Power Co., Ltd.","AUTEL","MaxiChager Single Charger","MaxiCharger DC50",,,"AC-input","Three Phase","All-in-One Product Configuration","Combined Charging System (CCS)","Yes","Wi-Fi","33","2*2","104.11","1,279","No","No",,,,,,"Camera/ Occupancy Sensing,Credit Card Reader,High Resolution Display,PLC Board (ISO 15118),Radio Frequency Identification (RFID),Revenue Grade Meter","None","500,000","65","480","1","No",,"100.25",,,"100.25",,,,"4,365.76","12,515.42","8,641.09","25,040.58","12,951.6","37,506.38",,,,,"17,209.5","49,400.55","1","4,362.23","12,522.89","8,635.4","25,031.15","12,962.5","37,507.23",,,,,"17,229.3","49,349.92","0.99","4,360.64","12,517","8,648.39","25,062.65","12,966.7","37,499.22",,,,,"17,227.9","49,297.31","1","2.87",,,,,,,,,,,,,,,,,,,,,,,,,,,,,,,,,,,,,,,,,,,"06/30/2026","06/25/2026","United States, Canada","ES_1147564_MaxiCharger DC50_06292026162138_80293795"
"4674755","Autel Digital Power Co., Ltd.","AUTEL","MaxiChager Single Charger","MaxiCharger DC50",,,"AC-input","Three Phase","All-in-One Product Configuration","Combined Charging System (CCS)","Yes","Wi-Fi","33","2*2","104.11","1,279","No","No",,,,,,"Camera/ Occupancy Sensing,Credit Card Reader,High Resolution Display,PLC Board (ISO 15118),Radio Frequency Identification (RFID),Revenue Grade Meter","None","500,000","65","480","1","No",,"100.25",,,"100.25",,,,"4,372.09","12,515.42","8,659.7","25,040.58","12,977.8","37,506.38",,,,,"17,234","49,400.55","1","4,367.12","12,522.89","8,652.4","25,031.15","12,986.6","37,507.23",,,,,"17,252.3","49,349.92","0.99","4,366.88","12,517","8,665.79","25,062.65","12,992.3","37,499.22",,,,,"17,254.7","49,297.31","1","2.87",,,,,,,,,,,,,,,,,,,,,,,,,,,,,,,,,,,,,,,,,,,"06/30/2026","06/25/2026","United States, Canada","ES_1147564_MaxiCharger DC50_06292026162132_80293795"
"4674756","Autel Digital Power Co., Ltd.","AUTEL","MaxiChager Single Charger","MaxiCharger DC50",,,"AC-input","Three Phase","All-in-One Product Configuration","Combined Charging System (CCS)","Yes","Wi-Fi","33","2*2","104.11","1,279","No","No",,,,,,"Camera/ Occupancy Sensing,Credit Card Reader,High Resolution Display,PLC Board (ISO 15118),Radio Frequency Identification (RFID),Revenue Grade Meter","None","500,000","65","480","1","No",,"100.25",,,"100.25",,,,"4,380.02","12,515.42","8,663.03","25,040.58","12,978.6","37,506.38",,,,,"17,236.5","49,400.55","1","4,376.17","12,522.89","8,656.56","25,031.15","12,989.3","37,507.23",,,,,"17,256.6","49,349.92","0.99","4,374.53","12,517","8,669.79","25,062.65","12,993.7","37,499.22",,,,,"17,256.2","49,297.31","1","2.87",,,,,,,,,,,,,,,,,,,,,,,,,,,,,,,,,,,,,,,,,,,"06/30/2026","06/25/2026","United States, Canada","ES_1147564_MaxiCharger DC50_06292026162113_80293795"
"2636118","Blink Network LLC","Blink Network, LLC","DCFC 30kW","9030",,,"AC-input","Three Phase","All-in-One Product Configuration","Combined Charging System (CCS)","Yes","Wi-Fi,Other LAN (Local Area Network),Cellular","16","6",,,"No","Yes",,,,,,,"Smart Home Energy Management System (SHEMS) compatibility","30,000",,,"1","Yes",,"71.1",,,"71.1",,,,"7,899.2","7,294.63","15,278.5","14,351.7","23,446.3","22,132.1",,,,,"30,070.1","28,449.9","0.99","7,767.8","7,171.1","15,350","14,362.9","23,354.7","21,983.6",,,,,"30,025.4","28,314.8","0.99","7,865.7","7,192.8","15,466.5","14,397.7","23,474.7","22,023.4",,,,,"30,155.3","28,360.4","0.99","0.94",,,,,,,,,,,,,,,,,,,,,,,,,,,,,,,,,,,,,,,,,,,"07/01/2023","06/27/2023","United States, Canada","ES_1137922_9030_20235130083459_6808506"
"3425950","Blink Network LLC","Blink Network, LLC","Series 9","9100",,,"AC-input","Three Phase","All-in-One Product Configuration","Combined Charging System (CCS)","Yes","Gigabit Ethernet,Wi-Fi,Cellular","23","3",,,"No","Yes",,,,,,,"None","40,000",,,"1","No",,"77",,,"77",,,,,,,,,,,,,,,,,,,,,,,,,,,,,,,,,,,,,,,,,,,,,,,,,,,,,,,,,,,,,,,,,,,,,,,,,,,,,,,,,,,,,,"07/01/2024","02/20/2024","United States, Canada","ES_1141765_9100_20243107083524_8890340"
"2421054","Broadband Telcom Power Inc. (BTCPower)","BTCPower","HPCT3-360-480-1","HPCT3-360-480-1","HPCD-500-05-005; HPCT2-360-480-1",,"AC-input","Three Phase","Distributed Product Configuration","Combined Charging System (CCS)","No","None","10","4/0","108","590.9","No","No",,,,,,,"None","350,000","500","480","1","No",,"401.16",,,"401.16",,,,"93,819.32","87,167.09","180,531.22","171,692.71","271,743.06","260,173","54,216.92","49,774.17","155,366.18","147,311.49","358,153.45","342,910.14","1","93,010.81","87,552.3","181,514.84","173,701.79","266,965.11","255,290.79","53,578.51","49,182.62","154,748.95","147,742.42","367,362","351,240","1","90,953.51","85,261.4","178,340.1","170,177.59","273,174.29","259,806.75","53,988.67","49,407.45","156,112.26","147,754.04","362,062.37","345,058.87","1","0.96",,"950",,,,,,,,,,,,,,,,,,,,,,,,,,,,,,,,,,,,,,,,,"03/10/2023","03/06/2023","United States, Canada","ES_1143056_HPCT3-360-480-1_03082023153216_226556"
"3414132","Broadband Telcom Power Inc. (BTCPower)","BTCPower","Power cabinet","Power cabinet","Charger Dispenser; HPCD7-500-D01-015; HPCD7-500-D01-016; HPCD7-500-D02-015; HPCD7-500-D02-016; HPCD7-500-D22-015; HPCD7-500-D22-016; HPCD7-500-S05-015; HPCD7-500-S05-016; HPCD7-500-S22-015; HPCD7-500-S22-016; HPCT3-120-480-1; HPCT3-120-480-2; HPCT3-150-480-1; HPCT3-150-480-2; HPCT3-180-480-1; HPCT3-180-480-2; HPCT3-240-480-1; HPCT3-240-480-2; HPCT3-360-480-1; HPCT3-360-480-2",,"AC-input","Three Phase","Distributed Product Configuration","Combined Charging System (CCS)","No","None","25","3","108","856.8","No","No",,,,,,,"None","350","500","480","2","No",,"136.45","0.05",,"137.9","0.05","3,151.38","0.16","95,078.89","86,386.68","184,457.73","173,195.68","273,640.03","259,758.64","57,040.99","49,864.39","157,110.98","147,132.64","362,980.11","344,407.76","0.99","95,085.76","86,821.79","182,383.73","171,842.21","274,086.33","260,420.29","57,040.46","49,896.11","157,575.49","147,620.28","365,197.86","346,555.98","0.99","95,242.59","86,583.33","184,436.68","173,236.89","273,669.51","259,803.91","56,556.96","49,476.34","157,579.91","147,616.81","362,842.94","344,400.84","0.99","0.95",,,,,,,,,,,,,,,,,,,,,,,,,,,,,,,,,,,,,,,,,,,"11/23/2023","02/09/2024","United States, Canada","ES_1143056_Power cabinet_11292023162050_1333429"
"3414133","Broadband Telcom Power Inc. (BTCPower)","BTCPower","L3A-180-480-501","L3A-180-480-501",,,"AC-input","Three Phase","All-in-One Product Configuration","Combined Charging System (CCS)","No","None","25","3","108","620","No","No",,,,,,,"None","180","500","480","1","No",,"108.46","0.12",,"108.27","0.12","2,670","0.28","48,712.88","44,581.24","95,778.13","89,154.96","141,789.48","132,841.43","54,585.11","49,718.7","161,370","148,619.03","187,885.31","178,265.48","0.99","48,381.72","44,115.1","96,665.73","89,622.12","144,526.53","134,751.59","54,175","49,541.94","158,499.24","147,748.94","190,684.59","177,095.63","0.99","49,935.56","45,430.44","97,825.54","91,077.07","144,872.33","134,723.31","54,844.93","49,903.83","158,988.44","147,738.64","190,741.77","176,680.72","0.99","0.93",,,,,,,,,,,,,,,,,,,,,,,,,,,,,,,,,,,,,,,,,,,"01/05/2024","02/09/2024","United States, Canada","ES_1143056_L3A-180-480-501_01042024070507_3977624"
"3798786","Broadband Telcom Power Inc. (BTCPower)","BTC Power","HPCD5-200-05-000","HPCD5-200-05-000",,,"AC-input","Three Phase","Distributed Product Configuration","Combined Charging System (CCS)","Yes","Gigabit Ethernet,Wi-Fi,Cellular","10","4/0",,,"No","No",,,,,,"Revenue Grade Meter","None","190,000","200","480","1","No","102.57","132.49","0.02","101.77","132.49","0.02","1,454.4","0.07","52,026","46,640","103,347","95,996","150,400","141,689","56,777","50,770","158,557","149,718","200,685","190,820","0.99","52,158","46,723","103,714","96,375","150,749","142,021","56,923","50,958","159,866","150,752","201,744","191,402","0.99","51,982","46,680","103,489","96,163","150,600","141,854","56,820","50,822","159,472","150,498","201,199","191,001","0.99","0.95",,"950",,,,,,,,,,,,,,,,,,,,,,,,,,,,,,,,,,,,,,,,,"07/27/2022","11/15/2024","United States, Canada","ES_1143056_HPCD5-200-05-000_11132024121347_3163415"
"4610734","Broadband Telcom Power Inc. (BTCPower)","BTCPower","L3A-240-480-501-316","L3A-240-480-501-316","B3A-##0-480-*###-###; L3A-##0-480-*###-###",,"AC-input","Three Phase","All-in-One Product Configuration","Combined Charging System (CCS)","No","None","25","3","426.25",,"No","No",,,,,,,"None","240,000","500","480","2","No",,"197.45",,,"197.45",,,,"65,397","60,528","129,381","122,265","193,138","180,454","55,095","50,053","163,263","149,916","252,391","236,405","1","61,750","58,848","123,974","118,205","189,196","178,314","51,980","49,233","156,834","148,879","249,094","237,387","1","62,274","59,349","129,101","122,008","194,583","183,489","54,406","50,143","160,816","150,181","252,323","238,520","1","0.95",,,,,,,,,,,,,,,,,,,,,,,,,,,,,,,,,,,,,,,,,,,"01/05/2024","05/07/2026","United States, Canada","ES_1143056_L3A-240-480-501-316_05072026105728_9268915"
"4429444","Carus Energy","Carus Energy Inc","Electric Vehicle Supply Equipment","CEDC3200AN147###","#=0-2 represents the different rated output current, 0=400A, 1=380A, 2=400A+380A; #=1- 3 represents the different DC connector deploy, 1=With two Connectors, 2=Only Left, 3=Only Right; #=1-2 represents with or without POS terminal, 1=with POS terminal",,"AC-input","Three Phase","Distributed Product Configuration","Combined Charging System (CCS)","Yes","Gigabit Ethernet,Wi-Fi,Cellular","2","2","51.41","514.9","No","No",,,,,,"High Resolution Display","None","320,000","500","480","2","No","55.9","157.06","0.01","46.1","157.06","0.01","170.2","0.02","82,639.1","79,747","164,470","159,895","247,620","240,154","51,363.5","49,465.7","154,136","149,573","330,515","320,349","0.99","82,244.7","79,776.3","164,421","159,325","246,766","239,183","51,090.9","49,522.5","154,183","149,540","329,780","319,396","0.99","82,342.3","79,461.2","164,146","159,420","246,486","238,454","51,066.1","49,488.9","153,030","148,373","327,346","316,467","0.99","0.97",,,,,,,,,,,,,,,,,,,,,,,,,,,,,,,,,,,,,,,,,,,"05/08/2025","06/05/2025","United States","ES_1152203_CEDC3200AN147###_06052025103810_1010101"
"2687110","CENNTRO AUTOMOTIVE CORPORATION","CENNTRO","DCC160C160","DCC160C160",,,"AC-input","Three Phase","All-in-One Product Configuration","Combined Charging System (CCS)","Yes","Gigabit Ethernet,Wi-Fi","25","1/0","43.29","68.83","No","Yes","Open Charge Point Protocol (OCPP)","Wi-Fi,Wired Ethernet","SAE J1772","None",,"PLC Board (ISO 15118),Radio Frequency Identification (RFID)","None","120,000","152","480","2","No","34.08","120.43","0.03","35.02","120.43","0.03","319.82",,"31,800.67","29,962.94","64,125.43","59,809.12","95,651.39","89,705.85","53,416.18","49,876.3",,,"124,948.93","117,986.35","1","31,975.71","29,973.99","64,046.81","59,835.64","95,672.42","89,730.79","53,432.21","49,891.84",,,"127,105.5","119,626.98","1","31,472.72","29,965.79","63,360.23","59,818.15","95,661.93","89,712.44","52,953.34","49,899.67",,,"127,627.13","119,933.74","1","0.94",,,,,,,,,,,,,,,,,,,,,,,,,,,,,,,,,,,,,,,,,,,"10/25/2023","10/28/2023","United States, Canada","ES_1149351_DCC160C160_10252023152957_6129571"
"2668083","ChargePoint, Inc.","ChargePoint","CPE280","CPE280","CPE250,CPE250",,"AC-input","Three Phase","All-in-One Product Configuration","Combined Charging System (CCS)","Yes","Cellular","18","2","51.84","938.1","Yes","Yes",,"Wi-Fi,Wired Ethernet",,"OCPP 2.0.1","Yes","High Resolution Display,Credit Card Reader,Radio Frequency Identification (RFID)","None","80,000","200","480","2","No","59.92","108.63","0.03","62.48","108.63","0.03","92.535","0.04","24,203","20,132","47,146","39,620","71,174","59,890","59,097","49,720",,,"85,135","80,810","0.99","21,153","19,869","41,916","39,810","63,302","60,200","52,836","50,300",,,"84,668","80,260","0.99","20,882","19,807","41,950","39,883","63,187","60,011","52,966","50,370",,,"85,411","80,613.6","0.99","0.95",,,,,,,,,,,,,,,,,,,,,,,,,,,,,,,,,,,,,,,,,,,"07/01/2023","09/06/2023","United States, Canada","ES_1132586_CPE280_09212023182011_1010101"
"2668084","ChargePoint, Inc.","ChargePoint","EXPP-PL2000","EXPP-PL2000, EXPP-PL2011BC-*****, EXPP-PL2011BC-*****-CHIP-PD, EXPP-PL202X1BC-*****-*****, EXPP-PL202X1BC-*****-*****-CHIP-PD, EXPP-PL202X1B-*****-*****, EXPP-PL202X1XC-*****-*****","EXPP-PL2011XC-*****, EXPP-PL202X1B-*****-*****, EXPP-PL202X4X-******-******, EXPP-PL2011B-******, EXPP-PL202X1B-******-******, EXPP-PL2014X-******, EXPP-PL2011DC , EXPP-PL202X1DC,Adding New Display Screen",,"AC-input","Three Phase","Distributed Product Configuration","CHAdeMO,Combined Charging System (CCS)","Yes","Cellular","15","2","31.75","983.9","Yes","Yes",,,,,,"High Resolution Display,Credit Card Reader,Radio Frequency Identification (RFID)","None","200,000","500","480","2","No","122.68","138.64","0.13","146.64","138.64","0.165","145.975","0.135","53,887","50,321","104,660","98,330","160,290","149,550",,,,,"202,868","200,036","0.99","53,770","50,440","107,750","101,370","160,650","150,140",,,,,"218,180","201,030","0.99","53,979","50,440","106,320","99,770","161,160","150,580",,,,,"399.08","0.99","1.99","0.86",,,,,,,,,,,,,,,,,,,,,,,,,,,,,,,,,,,,,,,,,,,"09/01/2024","12/16/2024","United States, Canada","ES_1132586_EXPP-PL2000_09212023103845_1010101"
"3388131","ChargePoint, Inc.","ChargePoint","CPE280","CPE280","DC-Output Electrical Vehicle Supply Equipment,CPE250",,"AC-input","Three Phase","All-in-One Product Configuration","Combined Charging System (CCS)","Yes","Cellular","18","2","51.84","938.1","Yes","Yes",,,,,,"High Resolution Display","None","80,000","200","480","2","No","59.925","108.63","0.025","62.48","108.63","0.025","92.54","0.04","24,203","20,132","47,146","39,620","71,174","59,890","59,097","49,720",,,"85,135","80,810","1","211,530","19,869","41,916","39,810","63,302","60,200","52,836","50,300",,,"84,668","80,260","1","20,882","19,807","41,950","39,883","63,187","60,011","52,966","50,370",,,"85,411","80,613.6","1","0.93",,,,,,,,,,,,,,,,,,,,,,,,,,,,,,,,,,,,,,,,,,,"07/01/2023","09/06/2023","United States, Canada","ES_1132586_CPE280_02012024023410_1010101"
"3891889","Chargetronix","CHARGETRONIX","DC Electric Vehicle Charging Station","CTX-AiO-240-3-300","DC-OUTPUT Electric Vehicle Supply Equipment,CTX-AiO-240-5-300, CTX-AiO-240-2-300, CTX-AiO-240-1-300/125, CTX-AiO-240-6-300, CTX-AiO-240-7-300/125, CTX-AiO-240-4-300,Adding New Display Screen",,"AC-input","Three Phase","All-in-One Product Configuration","CHAdeMO,Other,Combined Charging System (CCS),NACS","Yes","Gigabit Ethernet,Other LAN (Local Area Network)","25","4","108.26","425","No","No",,,,,,"High Resolution Display,Credit Card Reader,Radio Frequency Identification (RFID)","None","240,000","300","480","2","No","103.5","153.01","0.16","115.36","153.01","0.17","332.5","0.04","62,154","59,998","124,154","120,007","186,591","179,987","51,938","49,986","154,641","149,891","248,421","239,796","0.99","62,308","59,976","124,327","119,879","186,622","179,899","51,898","49,997","154,695","150,011","248,478","239,867","0.99","62,293","59,990","124,187","119,746","186,496","179,865","51,947","50,006","154,359","149,877","248,397","239,797","0.99","0.97",,,,,,,,,,,,,,,,,,,,,,,,,,,,,,,,,,,,,,,,,,,"12/25/2024","12/20/2024","United States, Canada","ES_1150332_CTX-AiO-240-3-300_12312024052610_1010101"
"3943316","Chargetronix","CHARGETRONIX","DC Electric Vehicle Charging Station","CTX-AiO-60-5-200","DC-OUTPUT Electric Vehicle Supply Equipment,CTX-AiO-60-6-200, CTX-AiO-60-2-200, CTX-AiO-60-3-200, CTX-AiO-60-4-200",,"AC-input","Three Phase","All-in-One Product Configuration","Other,Combined Charging System (CCS),NACS","Yes","Gigabit Ethernet,Other LAN (Local Area Network)","25","4","103.27","402","No","No",,,,,,"High Resolution Display,Credit Card Reader,Radio Frequency Identification (RFID)","None","60,000","200","480","2","No","75.22","102.99","0.06","52.37","102.99","0.14","106.74","0.04","15,509","14,897","31,094","29,880","46,662","44,852","51,877","49,865",,,"61,349","58,985","0.99","15,483","14,885","31,043","29,875","46,643","44,857","51,863","49,855",,,"61,307","58,980","0.99","15,469","14,878","31,092","29,864","46,656","44,861","51,849","49,844",,,"61,352","58,957","0.99","0.96",,,,,,,,,,,,,,,,,,,,,,,,,,,,,,,,,,,,,,,,,,,"01/10/2025","01/24/2025","United States, Canada","ES_1150332_CTX-AiO-60-5-200_01242025084510_1010101"
"3943318","Chargetronix","CHARGETRONIX","DC Electric Vehicle Charging Station","CTX-AiO-120-5-350","DC-OUTPUT Electric Vehicle Supply Equipment,CTX-AiO-120-6-350, CTX-AiO-120-2-350, CTX-AiO-120-3-350, CTX-AiO-120-4-350",,"AC-input","Three Phase","All-in-One Product Configuration","Other,Combined Charging System (CCS),NACS","Yes","Gigabit Ethernet,Other LAN (Local Area Network)","25","4","103.27","402","No","No",,,,,,"High Resolution Display,Credit Card Reader,Radio Frequency Identification (RFID)","None","120,000","350","480","2","No","78.88","127.67","0.06","63.59","127.67","0.15","186.88","0.04","31,150","29,975","62,254","59,968","93,241","89,782","51,879","49,976",,,"123,541","118,979","0.99","31,146","29,969","62,309","59,960","93,261","89,747","51,865","51,865",,,"123,600","118,956","0.99","31,122","29,972","62,351","59,950","93,264","89,717","51,847","49,972",,,"123,542","118,934","0.99","0.96",,,,,,,,,,,,,,,,,,,,,,,,,,,,,,,,,,,,,,,,,,,"01/10/2025","01/24/2025","United States, Canada","ES_1150332_CTX-AiO-120-5-350_01242025090910_1010101"
"3943319","Chargetronix","CHARGETRONIX","DC Electric Vehicle Charging Station","CTX-AiO-160-3-350","DC-OUTPUT Electric Vehicle Supply Equipment,CTX-AiO-160-5-350, CTX-AiO-160-6-350, CTX-AiO-160-2-350, CTX-AiO-160-4-350",,"AC-input","Three Phase","All-in-One Product Configuration","Other,Combined Charging System (CCS),NACS","Yes","Gigabit Ethernet,Other LAN (Local Area Network)","25","4","103.27","402","No","No",,,,,,"High Resolution Display,Credit Card Reader,Radio Frequency Identification (RFID)","None","160,000","350","480","2","No","77.11","137.92","0.06","98.1","137.92","0.2","285.32","0.04","41,423","39,984","82,785","79,993","124,409","119,993","51,775","49,955","187.6","327.76","164,777","159,105","0.99","41,553","39,988","82,985","79,987","124,446","119,982","51,865","49,988","155,381","149,982","165,027","159,285","0.99","51,904","49,990","82,969","79,985","124,436","119,981","51,847","49,987","155,564","149,980","164,861","159,120","0.99","0.97",,,,,,,,,,,,,,,,,,,,,,,,,,,,,,,,,,,,,,,,,,,"01/10/2025","01/24/2025","United States, Canada","ES_1150332_CTX-AiO-160-3-350_01242025092110_1010101"
"4510401","CyberSwitchingPatents LLC dba CYBER SWITCHING","CYBERSWITCHING","CSDC240","CSDC240",,,"AC-input","Three Phase","All-in-One Product Configuration","Combined Charging System (CCS)","Yes","Gigabit Ethernet,Wi-Fi,Cellular","25","2*1","43.25","154.4","No","Yes","Open Charge Point Protocol (OCPP)","Wi-Fi,Wired Ethernet","SAE J1772,ISO 15118-2 or later","None","No","PLC Board (ISO 15118),Radio Frequency Identification (RFID)","None","240,000","250","480","2","No","48.51","145.25","0.08","48.89","145.25","0.04","267.7","0.02","63,766.11","59,712.89","125,413.95","118,294.53","186,788.6","178,045.06","53,036.87","49,769.78","155,906.19","148,176.3","247,660.17","237,216.5","1","63,700.19","59,904.94","125,556.6","119,169.2","186,748.9","179,202.5","52,935.75","49,865.29","155,519.79","149,147.57","249,086.62","239,577.51","1","64,098.79","59,929.36","126,224.89","119,234.38","188,467.01","179,168.97","53,012.91","49,778.56","157,133.32","149,310.71","251,469.16","239,628.38","1","0.96",,,,,,,,,,,,,,,,,,,,,,,,,,,,,,,,,,,,,,,,,,,"09/22/2025","10/20/2023","United States, Canada","ES_1148511_CSDC240_09282025170634_3035241"
"2649810","DAEYOUNG CHAEVI Co.,Ltd.","Chaevi","Duoconic","DCV-3FD180-ICN",,,"AC-input","Three Phase","All-in-One Product Configuration","Combined Charging System (CCS)","Yes","Other LAN (Local Area Network),Cellular","19","2",,,"No","Yes",,,,,,,"Battery storage integration capability","180,000",,,"2","No",,"14.61",,,"14.61",,,,"49,059","45,635","94,240","89,592","140,687","134,513","53,101","49,608","157,323","149,403","190,176","180,839","0.99","48,338","44,929","95,312","90,527","142,579","136,053","53,711","50,208","159,626","151,154","187,648","178,906","0.99","48,649","45,209","95,520","90,643","143,066","136,310","54,027","50,484","160,330","151,301","190,176","180,839","0.99","0.95",,,,,,,,,,,,,,,,,,,,,,,,,,,,,,,,,,,,,,,,,,,"09/01/2023","08/25/2023","United States, Canada","ES_1149258_DCV-3FD180-ICN_20237125094416_7833774"
"2649811","DAEYOUNG CHAEVI Co.,Ltd.","Chaevi","Duoconic","DCV-3FD120-ICN",,,"AC-input","Three Phase","All-in-One Product Configuration","Combined Charging System (CCS)","Yes","Other LAN (Local Area Network),Cellular","19","2",,,"No","Yes",,,,,,,"Battery storage integration capability","150,000",,,"2","No",,"14.67",,,"14.67",,,,"32,216","29,906","62,879","59,848","94,317","89,939","52,534","49,845",,,"123,873","118,622","0.99","32,366","30,058","63,307","60,202","94,945","90,357","52,853","50,132",,,"125,500","119,847","0.99","32,596","30,290","63,580","60,377","95,232","90,497","53,130","50,350",,,"125,636","119,739","0.99","0.96",,,,,,,,,,,,,,,,,,,,,,,,,,,,,,,,,,,,,,,,,,,"09/01/2023","08/25/2023","United States, Canada","ES_1149258_DCV-3FD120-ICN_20237131103426_5622354"
"2649814","DAEYOUNG CHAEVI Co.,Ltd.","Chaevi","Duoconic","DCV-3FD150-ICN",,,"AC-input","Three Phase","All-in-One Product Configuration","Combined Charging System (CCS)","Yes","Other LAN (Local Area Network),Cellular","19","2",,,"No","Yes",,,,,,,"Battery storage integration capability","150,000",,,"2","No",,"14.63",,,"14.63",,,,"40,022","37,141","78,502","74,628","117,923","112,347","52,904","49,831",,,"155,058","148,339","0.99","37,338","37,338","79,117","75,136","119,533","113,619","53,344","50,234",,,"157,297","149,951","0.99","40,599","377,713","79,513","75,427","119,830","113,586","53,715","50,579",,,"157,685","150,131","0.99","0.97",,,,,,,,,,,,,,,,,,,,,,,,,,,,,,,,,,,,,,,,,,,"09/01/2023","08/25/2023","United States, Canada","ES_1149258_DCV-3FD150-ICN_20237131112823_6090205"
"3388059","DAEYOUNG CHAEVI Co.,Ltd.","Chaevi","Sonic","CV-3FD180P-IUL",,,"AC-input","Three Phase","All-in-One Product Configuration","Combined Charging System (CCS)","Yes","Other LAN (Local Area Network)","19","1",,,"No","Yes",,,,,,,"Battery storage integration capability","180,000",,,"1","No",,"13.49",,,"13.49",,,,"48,156","44,631","95,077","89,996","141,848","13,940","53,593","49,949","157,408","150,087","187,281","177,520","0.99","48,403","44,900","95,411","90,222","142,351","135,142","53,809","50,136","159,513","150,019","187,022","176,867","0.99","48,525","45,000","95,463","90,193","142,362","135,042","53,922","50,224","159,665","149,855","187,225","176,699","0.99","0.94",,,,,,,,,,,,,,,,,,,,,,,,,,,,,,,,,,,,,,,,,,,"01/31/2024","01/28/2024","United States, Canada","ES_1149258_CV-3FD180P-IUL_20240131181630_430452"
"3388060","DAEYOUNG CHAEVI Co.,Ltd.","Chaevi","Sonic","CV-3FD150P-IUL",,,"AC-input","Three Phase","All-in-One Product Configuration","Combined Charging System (CCS)","Yes","Other LAN (Local Area Network)","19","1",,,"No","Yes",,,,,,,"Battery storage integration capability","150,000",,,"1","No",,"13.55",,,"13.55",,,,"36,982","36,982","78,899","74,675","118,296","112,232","53,077","49,751",,,"154,948","148,160","0.99","39,971","37,304","79,003","74,855","118,705","112,080","53,252","50,148",,,"156,863","147,061","0.99","40,332","37,322","79,291","74,967","118,841","112,267","53,538","50,141",,,"155,121","148,202","0.99","0.94",,,,,,,,,,,,,,,,,,,,,,,,,,,,,,,,,,,,,,,,,,,"01/31/2024","01/28/2024","United States, Canada","ES_1149258_CV-3FD150P-IUL_20240131185957_4958940"
"3478065","DAEYOUNG CHAEVI Co.,Ltd.","Chaevi","Sonic","CV-3FD120P-IUL",,,"AC-input","Three Phase","All-in-One Product Configuration","Combined Charging System (CCS)","Yes","Other LAN (Local Area Network)","19","1",,,"No","Yes",,,,,,,"Battery storage integration capability","120,000",,,"1","No",,"13.59",,,"13.59",,,,"32,261","29,842","63,253","59,881","94,868","89,881","52,882","49,897",,,"124,149","117,954","0.99","32,448","30,017","63,486","60,075","94,880","89,917","53,107","50,112",,,"124,494","117,895","0.99","32,566","30,153","63,669","60,132","95,067","89,904","53,265","50,188",,,"124,873","117,829","0.99","0.95",,,,,,,,,,,,,,,,,,,,,,,,,,,,,,,,,,,,,,,,,,,"01/31/2024","01/28/2024","United States, Canada","ES_1149258_CV-3FD120P-IUL_20240131190630_6039693"
"4470664","DAEYOUNG CHAEVI Co.,Ltd.","Chaevi","CV-3FD180P-IUL","CV-3FD180P-IUL","CV-3FD180P-IUL3,CV-3FD180P-IUL3",,"AC-input","Three Phase","All-in-One Product Configuration","Other,Combined Charging System (CCS),NACS","Yes","Other LAN (Local Area Network)","20","1AWG",,,"No","No",,,,,,,"None","180,000","300","480","2","No",,"144.1",,,"144.06",,,,,,,,,,,,,,,,,,,,,,,,,,,,,,,,,,,,,,,,,,,,,,,,,,,,,,,,,,,,,,,,,,,,,,,,,,,,,,,,,,,,,,"06/02/2025","07/07/2025","United States, Canada","ES_1149258_CV-3FD180P-IUL_07092025151438_3678433"
"4471248","DAEYOUNG CHAEVI Co.,Ltd.","Chaevi","CV-3FD120P-IUL","CV-3FD120P-IUL","CV-3FD120P-IUL3,CV-3FD120P-IUL3",,"AC-input","Three Phase","All-in-One Product Configuration","Other,Combined Charging System (CCS),NACS","Yes","Other LAN (Local Area Network)","20","1AWG",,,"No","No",,,,,,,"None","120,000","300","480","2","No",,"129.7",,,"129.73",,,,,,,,,,,,,,,,,,,,,,,,,,,,,,,,,,,,,,,,,,,,,,,,,,,,,,,,,,,,,,,,,,,,,,,,,,,,,,,,,,,,,,"06/02/2025","07/07/2025","United States, Canada","ES_1149258_CV-3FD120P-IUL_07092025153026_3449035"
"4471249","DAEYOUNG CHAEVI Co.,Ltd.","Chaevi","CV-3FD150P-IUL","CV-3FD150P-IUL","CV-3FD150P-IUL3,CV-3FD150P-IUL3",,"AC-input","Three Phase","All-in-One Product Configuration","Other,Combined Charging System (CCS),NACS","Yes","Other LAN (Local Area Network)","20","1AWG",,,"No","No",,,,,,,"None","150,000","300","480","2","No",,"137.6",,,"137.63",,,,,,,,,,,,,,,,,,,,,,,,,,,,,,,,,,,,,,,,,,,,,,,,,,,,,,,,,,,,,,,,,,,,,,,,,,,,,,,,,,,,,,"06/02/2025","07/07/2025","United States, Canada","ES_1149258_CV-3FD150P-IUL_07102025143258_6001492"
"2607796","Delta Electronics Inc.","Delta","EIDD-U350SSUUAEG-350","EIDD-U350SSUUAEG-350","EIDD-U350SSUUAEG-200",,"AC-input","Three Phase","Distributed Product Configuration","Combined Charging System (CCS)","Yes","Gigabit Ethernet,Wi-Fi","15","3","164.89","859.5","No","Yes","Open Charge Point Protocol (OCPP)","Wi-Fi,Wired Ethernet","SAE J1772","None","No","PLC Board (ISO 15118),Radio Frequency Identification (RFID)","None","350,000","540","480","2","No","101.99","175.64","0.01","102.07","175.64","0.01","546.33","0.02","52,538.25","49,366.52","102,068.67","99,246.85","153,138.41","148,846.07","52,941.48","49,734.98","154,211.84","149,967.54","203,443.46","198,774.35","0.99","91,820.82","87,899.96","182,136.4","174,024.12","271,319.31","259,893.7","52,433.57","49,941.23","157,260.26","150,467.47","360,957.05","345,728.53","1","91,151.96","87,227.51","180,408.96","173,724.36","272,865.14","261,021.56","52,561.97","50,047.67","155,114.84","149,421.74","360,974.03","345,736.15","1","0.96",,,,,,,,,,,,,,,,,,,,,,,,,,,,,,,,,,,,,,,,,,,"07/17/2023","07/17/2023","United States, Canada","ES_1019376_EIDD-U350SSUUAEG-350EIDD-U350SSUUAEG-200_07072023104433_4982721"
"3435999","Delta Electronics Inc.","Delta","EIDS-U200TSUUAE1","EIDS-U200TSUUAE1","EIDS-U200TSUUA01; EIDS-U200TSUUAE2; EIDS-U200TSUUAE4; EIDS-U200TSUUAE5",,"AC-input","Three Phase","All-in-One Product Configuration","Combined Charging System (CCS)","Yes","Gigabit Ethernet,Wi-Fi","25","1/0","37.5","405.6","No","Yes","Open Charge Point Protocol (OCPP)","Wi-Fi,Wired Ethernet","SAE J1772","None","No","PLC Board (ISO 15118),Radio Frequency Identification (RFID)","None","200,000","253","480","2","No","61.88","138.55","0.09","62.55","138.55","0.09","1,137.57","0.27","52,577.55","50,170.08","103,773.75","100,191.52","156,035.58","150,433.52",,,,,"204,945.92","198,207.95","1","52,042.68","49,787.38","103,765.03","100,132.75","155,917.45","150,241.31",,,,,"206,776.95","199,894.12","1","52,414.35","50,122.23","103,612.54","100,322.53","156,244.54","150,375.85",,,,,"207,132.16","200,094.01","1","0.97",,,,,,,,,,,,,,,,,,,,,,,,,,,,,,,,,,,,,,,,,,,"04/02/2024","04/09/2024","United States, Canada","ES_1019376_EIDS-U200TSUUAE1_04032024085706_6087457"
"4429180","Delta Electronics Inc.","Delta","EVDW-UA503WB","EVDW-UA503WB",,,"AC-input","Three Phase","All-in-One Product Configuration","Combined Charging System (CCS)","Yes","Gigabit Ethernet,Cellular","27","2","21.96","803.5","No","No",,,,,,"PLC Board (ISO 15118),Credit Card Reader,Radio Frequency Identification (RFID)","None","50,000","125","480","2","No","74.63","87.82","0.04","74.02","87.82","0.04","528.38","0.24","13,150.04","12,577.62","25,948.84","24,940.96","38,600.59","37,373.64",,,,,"51,318.14","49,591.93","1","13,113.39","12,552.84","25,933.06","24,930.06","38,587.04","37,365.98",,,,,"51,333.19","49,613.31","1","13,131.23","12,560.97","26,096.51","25,026.46","38,606.32","37,378.54",,,,,"51,314.76","49,587.5","1","0.97",,,,,,,,,,,,,,,,,,,,,,,,,,,,,,,,,,,,,,,,,,,"03/31/2025","05/28/2025","United States, Canada","ES_1019376_EVDW-UA503WB_05192025110602_6684381"
"3543505","EATON CORPORATION","EATON","Green Motion 75 kW DC EV Charger","GMDC75-CCSX2","Green Motion 75 kW DC EV Charger,GMDC75-CCSNACS; Green Motion 75 kW DC EV Charger,GMDC75-CCSNACS-CA; Green Motion 75 kW DC EV Charger,GMDC75-CCSX2-CA; Green Motion 75 kW DC EV Charger,GMDC75-NACSX2; Green Motion 75 kW DC EV Charger,GMDC75-NACSX2-CA",,"AC-input","Three Phase","All-in-One Product Configuration","Tesla,Combined Charging System (CCS)","Yes","Other LAN (Local Area Network),Cellular","24","2","20.52","220","No","Yes","Open Charge Point Protocol (OCPP)","Wired Ethernet","SAE J1772,ISO 15118-2 or later","NIST Cybersecurity Framework",,,"None","75,000","187.5","480","2","No","43.73","101.6","0.1","43.88","101.6","0.11","748.32","0.24","20,438.05","18,732.7","40,157.1","37,668.2","59,703.3","56,390.1","52,262.7","49,614.5",,,"79,021.6","74,638.2","0.99","20,395.1","18,775.7","40,040.9","37,647.8","59,821.8","56,561.2","52,146.3","49,395",,,"78,760.5","74,389.5","0.99","20,680.5","19,095.4","39,955.5","37,596.6","59,819.6","56,562.6","52,111.03","49,329.3",,,"78,604.7","74,190.6","0.99","0.94",,,,,,,,,,,,,,,,,,,,,,,,,,,,,,,,,,,,,,,,,,,"10/18/2024","11/01/2024","United States, Canada","ES_1147229_GMDC75-CCSX2_06142024140900_0000001"
"3543548","EATON CORPORATION","EATON","Green Motion 125 kW DC EV Charger","GMDC125-CCSX2","Green Motion 125 kW DC EV Charger,GMDC125-CCSNACS; Green Motion 125 kW DC EV Charger,GMDC125-CCSNACS-CA; Green Motion 125 kW DC EV Charger,GMDC125-CCSX2-CA; Green Motion 125 kW DC EV Charger,GMDC125-NACSX2; Green Motion 125 kW DC EV Charger,GMDC125-NACSX2-CA",,"AC-input","Three Phase","All-in-One Product Configuration","Tesla,Combined Charging System (CCS)","Yes","Other LAN (Local Area Network),Cellular","24","2","20.52","220","No","Yes","Open Charge Point Protocol (OCPP)","Wired Ethernet","SAE J1772,ISO 15118-2 or later","NIST Cybersecurity Framework",,,"None","125,000","312.5","480","2","No","41.76","119.79","0.1","41.03","119.79","0.1","996.04","0.16","34,664.3","31,756.4","67,008.4","63,081.8","100,433.9","94,676","52,946.8","49,880",,,"131,627.2","124,239.8","0.99","34,382.9","31,604.9","66,683.4","62,904.2","99,574.7","94,096.1","52,933.4","49,434",,,"131,433.7","124,199.5","0.99","34,295.6","31,581.5","66,250.3","62,527.2","99,362.2","93,877.6","53,111.5","49,367",,,"130,895.5","123,593","0.99","0.94",,,,,,,,,,,,,,,,,,,,,,,,,,,,,,,,,,,,,,,,,,,"11/19/2024","11/01/2024","United States, Canada","ES_1147229_GMDC125-CCSX2_06182024113600_0000001"
"3543549","EATON CORPORATION","EATON","Green Motion 50 kW DC EV Charger","GMDC50-CCSX2","Green Motion 50 kW DC EV Charger,GMDC50-CCSNACS; Green Motion 50 kW DC EV Charger,GMDC50-CCSNACS-CA; Green Motion 50 kW DC EV Charger,GMDC50-CCSX2-CA; Green Motion 50 kW DC EV Charger,GMDC50-NACSX2; Green Motion 50 kW DC EV Charger,GMDC50-NACSX2-CA",,"AC-input","Three Phase","All-in-One Product Configuration","Tesla,Combined Charging System (CCS)","Yes","Other LAN (Local Area Network),Cellular","24","2","20.52","220","No","Yes","Open Charge Point Protocol (OCPP)","Wired Ethernet","SAE J1772,ISO 15118-2 or later","NIST Cybersecurity Framework",,,"None","50,000","125","480","2","No","41.56","87.17","0.1","41.06","87.17","0.1","713.7","0.27","14,278.3","12,794.8","27,327.2","25,459.4","40,009.8","37,623.4",,,,,"53,092.9","50,028.4","0.99","14,138.5","12,734.2","27,123","25,330.4","40,002.1","37,668",,,,,"52,554.1","49,519.1","0.99","13,928.6","12,550.7","26,994.2","25,232.3","40,206.5","37,867.8",,,,,"52,392.5","49,340","0.99","0.94",,,,,,,,,,,,,,,,,,,,,,,,,,,,,,,,,,,,,,,,,,,"11/19/2024","11/01/2024","United States, Canada","ES_1147229_GMDC50-CCSX2_06182024123000_0000001"
"3553971","EATON CORPORATION","EATON","Green Motion 100 kW DC EV Charger","GMDC100-CCSX2","Green Motion 100 kW DC EV Charger,GMDC100-CCSNACS; Green Motion 100 kW DC EV Charger,GMDC100-CCSNACS-CA; Green Motion 100 kW DC EV Charger,GMDC100-CCSX2-CA; Green Motion 100 kW DC EV Charger,GMDC100-NACSX2; Green Motion 100 kW DC EV Charger,GMDC100-NACSX2-CA",,"AC-input","Three Phase","All-in-One Product Configuration","Tesla,Combined Charging System (CCS)","Yes","Other LAN (Local Area Network),Cellular","24","2","20.52","220","No","Yes","Open Charge Point Protocol (OCPP)","Wired Ethernet","SAE J1772,ISO 15118-2 or later","NIST Cybersecurity Framework",,,"None","100,000","250","480","2","No","42.99","111.84","0.11","41.07","111.84","0.1","902.88","0.14","27,520.6","25,085.3","53,382.6","50,166","80,226.4","75,550.6","53,382.6","50,166",,,"105,223.4","99,195.8","0.99","27,628.6","25,304.2","53,299.1","50,208","79,253.3","75,042.2","53,299.1","50,208",,,"104,797.6","99,130","0.99","27,392.3","25,124","53,345.2","50,276.4","79,765.8","75,307.3","53,345.2","50,276.4",,,"104,953.3","99,027.2","0.99","0.95",,,,,,,,,,,,,,,,,,,,,,,,,,,,,,,,,,,,,,,,,,,"11/19/2024","11/01/2024","United States, Canada","ES_1147229_GMDC100-CCSX2_06052024110100_0000001"
"3553972","EATON CORPORATION","EATON","Green Motion 150 kW DC EV Charger","GMDC150-CCSX2","Green Motion 150 kW DC EV Charger,GMDC150-CCSNACS; Green Motion 150 kW DC EV Charger,GMDC150-CCSNACS-CA; Green Motion 150 kW DC EV Charger,GMDC150-CCSX2-CA; Green Motion 150 kW DC EV Charger,GMDC150-NACSX2; Green Motion 150 kW DC EV Charger,GMDC150-NACSX2-CA",,"AC-input","Three Phase","All-in-One Product Configuration","Tesla,Combined Charging System (CCS)","Yes","Other LAN (Local Area Network),Cellular","24","2","20.52","220","No","Yes","Open Charge Point Protocol (OCPP)","Wired Ethernet","SAE J1772,ISO 15118-2 or later","NIST Cybersecurity Framework",,,"None","150,000","375","480","2","No","40.97","126.28","0.09","43.34","126.28","0.11","1,243.08","0.16","40,876.1","37,465.4","80,314.2","75,336.4","119,406.6","112,780.1","52,479.4","49,739.8",,,"158,043.2","149,276.4","0.99","40,790.2","37,551.4","80,081.9","75,295.6","119,643.6","113,122.3","52,468.6","49,382",,,"157,521.1","148,779.1","0.99","41,361","38,190.7","79,911","75,193.2","119,639.3","113,125.2","52,492.5","49,364.3",,,"157,209.5","148,381.3","0.99","0.94",,,,,,,,,,,,,,,,,,,,,,,,,,,,,,,,,,,,,,,,,,,"11/19/2024","11/01/2024","United States, Canada","ES_1147229_GMDC150-CCSX2_07052024112100_0000001"
"3553983","EATON CORPORATION","EATON","Green Motion 50 kW DC EV Charger","GMDC50-CCS","Green Motion 50 kW DC EV Charger,GMDC50-CCS-CA; Green Motion 50 kW DC EV Charger,GMDC50-NACS; Green Motion 50 kW DC EV Charger,GMDC50-NACS-CA",,"AC-input","Three Phase","All-in-One Product Configuration","Tesla,Combined Charging System (CCS)","Yes","Other LAN (Local Area Network),Cellular","24","2","20.52","220","No","Yes","Open Charge Point Protocol (OCPP)","Wired Ethernet","SAE J1772,ISO 15118-2 or later","NIST Cybersecurity Framework",,,"None","50,000","125","480","1","No","34.14","87.17","0.08","34.38","87.17","0.08","713.7","0.27","14,278.3","12,794.8","27,327.2","25,459.4","40,009.8","37,623.4",,,,,"53,092.9","50,028.4","0.99","14,138.5","12,734.2","27,123","25,330.4","40,002.1","37,668",,,,,"52,554.1","49,519.1","0.99","13,928.6","12,550.7","26,994.2","25,232.3","40,206.5","37,867.8",,,,,"52,392.5","49,340","0.99","0.94",,,,,,,,,,,,,,,,,,,,,,,,,,,,,,,,,,,,,,,,,,,"11/19/2024","11/01/2024","United States, Canada","ES_1147229_GMDC50-CCS_07052024150600_0000001"
"3554100","EATON CORPORATION","EATON","Green Motion 150 kW DC EV Charger","GMDC150-CCS","Green Motion 150 kW DC EV Charger,GMDC150-CCS-CA; Green Motion 150 kW DC EV Charger,GMDC150-NACS; Green Motion 150 kW DC EV Charger,GMDC150-NACS-CA",,"AC-input","Three Phase","All-in-One Product Configuration","Tesla,Combined Charging System (CCS)","Yes","Other LAN (Local Area Network),Cellular","24","2","20.52","280","No","Yes","Open Charge Point Protocol (OCPP)","Wired Ethernet","SAE J1772,ISO 15118-2 or later","NIST Cybersecurity Framework",,,"None","150,000","300","480","1","No","34.34","126.28","0.09","34.17","126.28","0.09","1,243.08","0.16","41,870.8","37,734.5","81,233","75,583.2","119,658.9","112,603.7",,,,,"157,681.8","148,900.8","0.94","41,842.2","37,736.3","80,588.4","75,129.2","119,769","112,800.6",,,,,"53,360.4","50,660","0.95","41,812.5","37,737.1","81,060.5","75,630.6","119,573.7","112,604",,,,,"156,900.4","148,252.8","0.94","0.95",,,,,,,,,,,,,,,,,,,,,,,,,,,,,,,,,,,,,,,,,,,"11/19/2024","11/01/2024","United States, Canada","ES_1147229_GMDC150-CCS_07112024141300_0000001"
"4528799","Ekoenergetyka - Polska S.A.","N/A","AXE-*#*#-##**4####-********-**********","AXE-*#*#-##**4####-********-**********",,,"AC-input","Three Phase","All-in-One Product Configuration","Combined Charging System (CCS)","Yes","Gigabit Ethernet,Wi-Fi,Cellular","16","1/0","348","523","No","No",,,,,,,"None","180,000","400","480","2","No","100","168.26","0.49","100.85","168.26","0.49","1,299.66","0.15","47,755","45,188","95,096","89,975","141,582","135,061","53,507","50,692","158,434","150,291","187,698","178,541","1","46,797","44,443","95,405","90,545","140,596","133,408","53,271","50,791","158,859","150,209","188,235","178,536","1","48,041","45,279","95,530","90,539","142,562","135,132","53,363","50,777","158,823","149,923","187,826","178,162","1","0.95",,,,,,,,,,,,,,,,,,,,,,,,,,,,,,,,,,,,,,,,,,,"01/01/2026","01/27/2026","United States, Canada","ES_1152551_AXE-*#*#-##**4####-********-**********_01262026150507_2777521"
"3624405","Espen Technology Inc.","Espen","EVC/D060/SXXX/EWG","EVC/D060/SXXX/EWG",,,"AC-input","Three Phase","All-in-One Product Configuration","Combined Charging System (CCS)","Yes","Gigabit Ethernet,Wi-Fi,Cellular","16","2","20.52","865","No","Yes","Open Charge Point Protocol (OCPP)","Wi-Fi,Wired Ethernet","SAE J1772","None","No","High Resolution Display,Radio Frequency Identification (RFID)","None","60,000","120","480","2","No","60.57","94.17","0.02","88.89","94.17","0.02","140.23","0.02","16,234","14,885","31,599","29,799","47,045","44,615","52,375","49,758",,,"62,729","59,535","0.99","16,246","14,853","31,581","29,839","47,123","44,701","52,419","49,762",,,"62,699","59,563","0.99","16,209","14,862","31,619","29,640","47,111","44,642","52,363","49,772",,,"62,771","59,540","0.99","0.95",,,,,,,,,,,,,,,,,,,,,,,,,,,,,,,,,,,,,,,,,,,"09/30/2024","08/27/2024","United States, Canada","ES_1061417_EVC/D060/SXXX/EWG_08232024145825_1910821"
"3624407","Espen Technology Inc.","Espen","EVC/W030/SXXX/EWG","EVC/W030/SXXX/EWG",,,"AC-input","Three Phase","All-in-One Product Configuration","Combined Charging System (CCS)","Yes","Gigabit Ethernet,Wi-Fi,Cellular","16","8","20.52","857","No","Yes","Open Charge Point Protocol (OCPP)","Wi-Fi,Wired Ethernet","SAE J1772","None","No","High Resolution Display,Radio Frequency Identification (RFID)","None","30,000","60","480","1","No","28.19","70.1","0.01","30.19","70.1","0.02","131.89","0.03","8,000","7,363","15,639","14,813","23,359","22,249",,,,,"31,370","29,824","0.99","8,063","7,410","15,748","14,859","23,579","22,296",,,,,"31,412","29,847","0.99","8,070","7,406","15,734","14,849","23,559","22,285",,,,,"31,340","29,811","0.99","0.95",,,,,,,,,,,,,,,,,,,,,,,,,,,,,,,,,,,,,,,,,,,"09/30/2024","08/27/2024","United States, Canada","ES_1061417_EVC/W030/SXXX/EWG_08232024152307_6823541"
"3624408","Espen Technology Inc.","Espen","EVC/D180/SXXX/EWG","EVC/D180/SXXX/EWG",,,"AC-input","Three Phase","All-in-One Product Configuration","Combined Charging System (CCS)","Yes","Gigabit Ethernet,Wi-Fi,Cellular","16","4/0","20.52","865","No","Yes","Open Charge Point Protocol (OCPP)","Wi-Fi,Wired Ethernet","SAE J1772","None","No","High Resolution Display,Radio Frequency Identification (RFID)","None","180,000","300","480","2","No","60.13","133.28","0.02","72.3","133.28","0.02","257.26","0.03","48,640","44,834","96,578","89,634","142,833","134,665","53,922","49,850","158,020","149,310","188,634","179,240","1","48,690","44,834","96,528","89,920","142,826","134,653","54,024","49,959","157,819","149,195","188,839","179,341","1","48,700","44,837","96,404","89,890","142,833","134,667","54,040","49,973","157,602","149,077","188,586","179,031","1","0.95",,,,,,,,,,,,,,,,,,,,,,,,,,,,,,,,,,,,,,,,,,,"09/30/2024","08/27/2024","United States, Canada","ES_1061417_EVC/D180/SXXX/EWG_08232024151430_1006738"
"3627095","Espen Technology Inc.","Espen","EVC/D120/SXXX/EWG","EVC/D120/SXXX/EWG",,,"AC-input","Three Phase","All-in-One Product Configuration","Combined Charging System (CCS)","Yes","Gigabit Ethernet,Wi-Fi,Cellular","16","1/0","20.53","110.3","No","Yes","Other,CSU system","Wired Ethernet","Other,TLS1.2/TLS1.3","Open Charge Point Protocol (OCPP)","No","High Resolution Display,PLC Board (ISO 15118),Credit Card Reader,Radio Frequency Identification (RFID),Revenue Grade Meter","smart charging distribute solution.","120,000","300","480","2","No","94.22","118.23","0.02","94.38","118.23","0.02","220.5","0.04","31,915","29,691","62,727","59,551","94,150","89,667","52,482","49,588",,,"125.06","118,770","1","32,138","29,859","63,014","59,766","93,812","89,735","52,291","49,831",,,"12,445","11,875","1","32,145","29,876","62,887","59,606","94,270","89,534","52,375","49,845",,,"12,483","119,060","1","112.63",,,,,,,,,,,,,,,,,,,,,,,,,,,,,,,,,,,,,,,,,,,"09/30/2024","09/09/2024","United States, Canada","ES_1061417_EVC/D120/SXXX/EWG_09052024160930_278589"
"4008534","EVBOLT INC","EVBOLT","EVB-DC-B240DHD-******#*","EVB-DC-B240DHD-******#*","EVB-DC-B120DHD-******#*; EVB-DC-B150DHD-******#*; EVB-DC-B180DHD-******#*; EVB-DC-B90DHD-******#*",,"AC-input","Three Phase","All-in-One Product Configuration","Combined Charging System (CCS)","Yes","Gigabit Ethernet,Wi-Fi,Other LAN (Local Area Network),Cellular","16","2/0","1,275.67","429.5","No","Yes",,,,"None",,"High Resolution Display,Credit Card Reader,Radio Frequency Identification (RFID),Speaker","None","200,000","200","480","2","No","220.46","261.37","0.02","220.69","261.37","0.02","667.42","0.06","53,173.71","49,783.25","104,497.81","99,382.6","156,335.91","149,025.03",,,,,"208,418.2","198,915.57","1","53,026.27","49,998.34","104,600.55","99,436.14","156,459.78","149,125.88",,,,,"209,007.85","199,362.38","1","53,027.51","49,976.99","104,717.73","99,482.89","157,029.73","149,589.5",,,,,"209,291.23","199,474.88","1","0.95",,,,,,,,,,,,,,,,,,,,,,,,,,,,,,,,,,,,,,,,,,,"05/10/2025","12/31/2024","United States, Canada","ES_1147256_EVB-DC-B90DHD-******#*EVB-DC-B120DHD-******#*EVB-DC-B150DHD-******#*EVB-DC-B180DHD-******#*EVB-DC-B240DHD-******#*_03312025144929_2291223"
"3705370","EV Charging Clean Energy Technology Co., Ltd","Atlas","Atlas D160-US","Atlas D160-US","Atlas D120-US; Atlas D80-US",,"AC-input","Three Phase","All-in-One Product Configuration","Combined Charging System (CCS)","Yes","Gigabit Ethernet,Wi-Fi,Cellular","16","2/0","109.32","119.6","No","Yes",,"Wi-Fi,Wired Ethernet",,"None",,"Radio Frequency Identification (RFID)","None","160,000","231","480","2","No","68.74","159.8","0.42","87.51","159.8","0.43","334.24","0.06","41,990","40,040","83,320","79,650","125,430","119,760","52,130","49,710","157,620","150,160","166,410","158,430","0.99","41,870","39,990","84,110","79,510","125,410","119,730","52,300","49,800","157,580","150,090","166,600","158,640","0.99","41,820","39,880","84,050","79,330","125,510","119,830","52,240","49,740","157,500","150,050","166,230","158,250","0.99","0.95",,,,,,,,,,,,,,,,,,,,,,,,,,,,,,,,,,,,,,,,,,,"09/23/2024","10/15/2024","United States, Canada","ES_1150715_Atlas D160-US_10102024144741_9831048"
"3705371","EV Charging Clean Energy Technology Co., Ltd","Atlas","Atlas D160-US-PRO","Atlas D160-US-PRO",,,"AC-input","Three Phase","All-in-One Product Configuration","Combined Charging System (CCS)","Yes","Gigabit Ethernet,Wi-Fi,Cellular","16","2","109.32","156.8","No","Yes",,"Wi-Fi,Wired Ethernet",,"None",,"Radio Frequency Identification (RFID)","None","160,000","232","480","2","No","66.51","159.8","0.41","100.15","159.8","0.39","297.48","0.05","41,640","39,410","82,610","79,060","125,150","119,640","52,120","49,810","156,840","149,640","166,720","158,850","0.99","42,380","40,010","83,170","79,370","125,430","118,910","52,340","49,960","156,850","149,660","167,000","159,120","0.99","41,890","40,060","83,640","79,240","125,590","120,000","51,970","49,670","157,640","150,390","167,090","159,210","0.99","0.95",,,,,,,,,,,,,,,,,,,,,,,,,,,,,,,,,,,,,,,,,,,"09/23/2024","10/15/2024","United States, Canada","ES_1150715_Atlas D160-US-PRO_10102024143454_5690576"
"4623814","EVCore Charging, Corp.","EVCore Charging Corp.","DC Electric Vehicle Supply Equipment","ICULA-320211",,,"AC-input","Three Phase","All-in-One Product Configuration","Combined Charging System (CCS)","No","None","16","2*2","425.43","454.4","Yes","No",,,,,,"Camera/ Occupancy Sensing,Credit Card Reader,High Resolution Display,PLC Board (ISO 15118),Radio Frequency Identification (RFID),Revenue Grade Meter","None","320,000","500","480","2","No","219.195","198.39","0.8","225.11","198.39","0.815","1,298.675","0.15","27,925.1","80,325","55,867.2","160,213","84,079.6","241,044","17,508.9","50,401.3","52,248.8","150,265","110,160","316,967","1","27,912.1","80,202.8","55,986.4","160,321","83,674.9","239,633","17,469.5","50,280.4","52,356.7","150,332","109,783","315,322","1","28,223.8","80,645","56,036.9","160,061","84,037","240,631","17,450.1","50,141.8","52,457.4","150,186","109,829","314,609","1","2.87",,,,,,,,,,,,,,,,,,,,,,,,,,,,,,,,,,,,,,,,,,,"01/14/2026","05/14/2026","United States, Canada","ES_1151594_ICULA-320211_05192026113031_80272231"
"4623815","EVCore Charging, Corp.","EVCore Charging Corp.","DC Electric Vehicle Supply Equipment","ICULA-320211",,,"AC-input","Three Phase","All-in-One Product Configuration","Combined Charging System (CCS)","No","None","16","2*2","425.43","454.4","Yes","No",,,,,,"Camera/ Occupancy Sensing,Credit Card Reader,High Resolution Display,PLC Board (ISO 15118),Radio Frequency Identification (RFID),Revenue Grade Meter","None","320,000","500","480","2","No","219.195","198.39","0.955","225.11","198.39","0.96","1,298.675","0.175","27,935.6","80,325","55,878.4","160,213","84,122.9","241,044","17,529.7","50,401.3","52,267.3","150,265","110,379","316,967","1","27,921.3","80,202.8","56,009.6","160,321","83,703.3","239,633","17,497.6","50,280.4","52,373.2","150,332","110,024","315,322","1","28,231.7","80,645","56,078.6","160,061","84,102.4","240,631","17,481","50,141.8","52,480","150,186","110,039","314,609","1","2.87",,,,,,,,,,,,,,,,,,,,,,,,,,,,,,,,,,,,,,,,,,,"01/14/2026","05/14/2026","United States, Canada","ES_1151594_ICULA-320211_05192026113032_80272231"
"4623816","EVCore Charging, Corp.","EVCore Charging Corp.","DC Electric Vehicle Supply Equipment","ICULA-320211",,,"AC-input","Three Phase","All-in-One Product Configuration","Combined Charging System (CCS)","No","None","16","2*2","425.43","454.4","Yes","No",,,,,,"Camera/ Occupancy Sensing,Credit Card Reader,High Resolution Display,PLC Board (ISO 15118),Radio Frequency Identification (RFID),Revenue Grade Meter","None","320,000","500","480","2","No","219.195","198.39","0.685","225.11","198.39","0.7","1,298.675","0.165","27,914.4","80,325","55,895.3","160,213","84,130.7","241,044","17,490.9","50,401.3","52,275.5","150,265","110,328","316,967","1","27,896.5","80,202.8","56,009.6","160,321","83,723.6","239,633","17,457","50,280.4","52,381.6","150,332","109,985","315,322","1","28,194.4","80,645","56,061","160,061","84,121.7","240,631","17,435.2","50,141.8","52,470.6","150,186","110,000","314,609","1","2.87",,,,,,,,,,,,,,,,,,,,,,,,,,,,,,,,,,,,,,,,,,,"01/14/2026","05/14/2026","United States, Canada","ES_1151594_ICULA-320211_05192026113033_80272231"
"4623817","EVCore Charging, Corp.","EVCore Charging Corp.","DC Electric Vehicle Supply Equipment","ICULB-320211",,,"AC-input","Three Phase","All-in-One Product Configuration","Combined Charging System (CCS)","No","None","16","2*2","425.43","454.4","Yes","No",,,,,,"Camera/ Occupancy Sensing,Credit Card Reader,High Resolution Display,PLC Board (ISO 15118),Radio Frequency Identification (RFID),Revenue Grade Meter","None","320,000","500","480","2","No","219.195","198.39","0.8","225.11","198.39","0.815","1,298.675","0.15","27,925.1","80,325","55,867.2","160,213","84,079.6","241,044","17,508.9","50,401.3","52,248.8","150,265","110,160","316,967","1","27,912.1","80,202.8","55,986.4","160,321","83,674.9","239,633","17,469.5","50,280.4","52,356.7","150,332","109,783","315,322","1","28,223.8","80,645","56,036.9","160,061","84,037","240,631","17,450.1","50,141.8","52,457.4","150,186","109,829","314,609","1","2.87",,,,,,,,,,,,,,,,,,,,,,,,,,,,,,,,,,,,,,,,,,,"01/14/2026","05/14/2026","United States, Canada","ES_1151594_ICULB-320211_05192026113031_80272231"
"4623818","EVCore Charging, Corp.","EVCore Charging Corp.","DC Electric Vehicle Supply Equipment","ICULB-320211",,,"AC-input","Three Phase","All-in-One Product Configuration","Combined Charging System (CCS)","No","None","16","2*2","425.43","454.4","Yes","No",,,,,,"Camera/ Occupancy Sensing,Credit Card Reader,High Resolution Display,PLC Board (ISO 15118),Radio Frequency Identification (RFID),Revenue Grade Meter","None","320,000","500","480","2","No","219.195","198.39","0.955","225.11","198.39","0.96","1,298.675","0.175","27,935.6","80,325","55,878.4","160,213","84,122.9","241,044","17,529.7","50,401.3","52,267.3","150,265","110,379","316,967","1","27,921.3","80,202.8","56,009.6","160,321","83,703.3","239,633","17,497.6","50,280.4","52,373.2","150,332","110,024","315,322","1","28,231.7","80,645","56,078.6","160,061","84,102.4","240,631","17,481","50,141.8","52,480","150,186","110,039","314,609","1","2.87",,,,,,,,,,,,,,,,,,,,,,,,,,,,,,,,,,,,,,,,,,,"01/14/2026","05/14/2026","United States, Canada","ES_1151594_ICULB-320211_05192026113032_80272231"
"4623819","EVCore Charging, Corp.","EVCore Charging Corp.","DC Electric Vehicle Supply Equipment","ICULB-320211",,,"AC-input","Three Phase","All-in-One Product Configuration","Combined Charging System (CCS)","No","None","16","2*2","425.43","454.4","Yes","No",,,,,,"Camera/ Occupancy Sensing,Credit Card Reader,High Resolution Display,PLC Board (ISO 15118),Radio Frequency Identification (RFID),Revenue Grade Meter","None","320,000","500","480","2","No","219.195","198.39","0.685","225.11","198.39","0.7","1,298.675","0.165","27,914.4","80,325","55,895.3","160,213","84,130.7","241,044","17,490.9","50,401.3","52,275.5","150,265","110,328","316,967","1","27,896.5","80,202.8","56,009.6","160,321","83,723.6","239,633","17,457","50,280.4","52,381.6","150,332","109,985","315,322","1","28,194.4","80,645","56,061","160,061","84,121.7","240,631","17,435.2","50,141.8","52,470.6","150,186","110,000","314,609","1","2.87",,,,,,,,,,,,,,,,,,,,,,,,,,,,,,,,,,,,,,,,,,,"01/14/2026","05/14/2026","United States, Canada","ES_1151594_ICULB-320211_05192026113033_80272231"
"4623820","EVCore Charging, Corp.","EVCore Charging Corp.","DC Electric Vehicle Supply Equipment","ICULD-320211",,,"AC-input","Three Phase","All-in-One Product Configuration","Combined Charging System (CCS)","No","None","16","4*1","425.43","377.2","Yes","No",,,,,,"Camera/ Occupancy Sensing,Credit Card Reader,High Resolution Display,PLC Board (ISO 15118),Radio Frequency Identification (RFID),Revenue Grade Meter","None","320,000","300","480","2","No","216.09","194.78","1.07","223.165","194.78","1.07","1,452.08","0.205","26,069.9","75,261.3","53,166.3","150,228","77,664","150,228","17,423.9","50,164.7",,,"102,814","298,324","1","26,069.4","75,261.3","53,537.9","150,706","77,776.6","225,408","18,029.3","50,314",,,"103,421","299,560","1","26,113.3","75,222.6","52,994.1","150,014","77,879.6","225,270","17,445.1","50,170.5",,,"103,640","299,363","1","2.88",,,,,,,,,,,,,,,,,,,,,,,,,,,,,,,,,,,,,,,,,,,"01/14/2026","05/14/2026","United States, Canada","ES_1151594_ICULD-320211_05192026113037_80272231"
"4623821","EVCore Charging, Corp.","EVCore Charging Corp.","DC Electric Vehicle Supply Equipment","ICULD-320211",,,"AC-input","Three Phase","All-in-One Product Configuration","Combined Charging System (CCS)","No","None","16","4*1","425.43","377.2","Yes","No",,,,,,"Camera/ Occupancy Sensing,Credit Card Reader,High Resolution Display,PLC Board (ISO 15118),Radio Frequency Identification (RFID),Revenue Grade Meter","None","320,000","300","480","2","No","216.09","194.78","0.79","223.165","194.78","0.81","1,452.08","0.22","26,089.3","75,261.3","53,196.9","150,228","77,851.2","150,228","17,443.1","50,164.7",,,"103,214","298,324","1","26,090.9","75,261.3","53,571.6","150,706","77,956","225,408","18,054","50,314",,,"103,808","299,560","1","26,128","75,222.6","53,114.5","150,014","78,033.2","225,270","17,459.9","50,170.5",,,"104,025","299,363","1","2.87",,,,,,,,,,,,,,,,,,,,,,,,,,,,,,,,,,,,,,,,,,,"01/14/2026","05/14/2026","United States, Canada","ES_1151594_ICULD-320211_05192026113038_80272231"
"4623822","EVCore Charging, Corp.","EVCore Charging Corp.","DC Electric Vehicle Supply Equipment","ICULD-320211",,,"AC-input","Three Phase","All-in-One Product Configuration","Combined Charging System (CCS)","No","None","16","4*1","425.43","377.2","Yes","No",,,,,,"Camera/ Occupancy Sensing,Credit Card Reader,High Resolution Display,PLC Board (ISO 15118),Radio Frequency Identification (RFID),Revenue Grade Meter","None","320,000","300","480","2","No","216.09","194.78","0.605","223.165","194.78","0.61","1,452.08","0.205","26,058.8","75,261.3","53,247.5","150,228","77,874.5","150,228","17,415.9","50,164.7",,,"103,181","298,324","1","26,058.5","75,261.3","53,641.2","150,706","78,003.8","225,408","18,056","50,314",,,"103,800","299,560","1","26,161.2","75,222.6","53,108.7","150,014","78,095.8","225,270","17,498.4","50,170.5",,,"104,007","299,363","1","2.87",,,,,,,,,,,,,,,,,,,,,,,,,,,,,,,,,,,,,,,,,,,"01/14/2026","05/14/2026","United States, Canada","ES_1151594_ICULD-320211_05192026113039_80272231"
"4623823","EVCore Charging, Corp.","EVCore Charging Corp.","DC Electric Vehicle Supply Equipment","ICULC-320211",,,"AC-input","Three Phase","All-in-One Product Configuration","Combined Charging System (CCS)","No","None","16","4*1","425.43","377.2","Yes","No",,,,,,"Camera/ Occupancy Sensing,Credit Card Reader,High Resolution Display,PLC Board (ISO 15118),Radio Frequency Identification (RFID),Revenue Grade Meter","None","320,000","300","480","2","No","216.09","194.78","1.07","223.165","194.78","1.07","1,452.08","0.205","26,069.9","75,261.3","53,166.3","150,228","77,664","150,228","17,423.9","50,164.7",,,"102,814","298,324","1","26,069.4","75,261.3","53,537.9","150,706","77,776.6","225,408","18,029.3","50,314",,,"103,421","299,560","1","26,113.3","75,222.6","52,994.1","150,014","77,879.6","225,270","17,445.1","50,170.5",,,"103,640","299,363","1","2.88",,,,,,,,,,,,,,,,,,,,,,,,,,,,,,,,,,,,,,,,,,,"01/14/2026","05/14/2026","United States, Canada","ES_1151594_ICULC-320211_05192026113010_80272231"
"4623824","EVCore Charging, Corp.","EVCore Charging Corp.","DC Electric Vehicle Supply Equipment","ICULC-320211",,,"AC-input","Three Phase","All-in-One Product Configuration","Combined Charging System (CCS)","No","None","16","4*1","425.43","377.2","Yes","No",,,,,,"Camera/ Occupancy Sensing,Credit Card Reader,High Resolution Display,PLC Board (ISO 15118),Radio Frequency Identification (RFID),Revenue Grade Meter","None","320,000","300","480","2","No","216.09","194.78","0.79","223.165","194.78","0.81","1,452.08","0.22","26,089.3","75,261.3","53,196.9","150,228","77,851.2","150,228","17,443.1","50,164.7",,,"103,214","298,324","1","26,090.9","75,261.3","53,571.6","150,706","77,956","225,408","18,054","50,314",,,"103,808","299,560","1","26,128","75,222.6","53,114.5","150,014","78,033.2","225,270","17,459.9","50,170.5",,,"104,025","299,363","1","2.87",,,,,,,,,,,,,,,,,,,,,,,,,,,,,,,,,,,,,,,,,,,"01/14/2026","05/14/2026","United States, Canada","ES_1151594_ICULC-320211_05192026113012_80272231"
"4623825","EVCore Charging, Corp.","EVCore Charging Corp.","DC Electric Vehicle Supply Equipment","ICULC-320211",,,"AC-input","Three Phase","All-in-One Product Configuration","Combined Charging System (CCS)","No","None","16","4*1","425.43","377.2","Yes","No",,,,,,"Camera/ Occupancy Sensing,Credit Card Reader,High Resolution Display,PLC Board (ISO 15118),Radio Frequency Identification (RFID),Revenue Grade Meter","None","320,000","300","480","2","No","216.09","194.78","0.605","223.165","194.78","0.61","1,452.08","0.205","26,058.8","75,261.3","53,247.5","150,228","77,874.5","150,228","17,415.9","50,164.7",,,"103,181","298,324","1","26,058.5","75,261.3","53,641.2","150,706","78,003.8","225,408","18,056","50,314",,,"103,800","299,560","1","26,161.2","75,222.6","53,108.7","150,014","78,095.8","225,270","17,498.4","50,170.5",,,"104,007","299,363","1","2.87",,,,,,,,,,,,,,,,,,,,,,,,,,,,,,,,,,,,,,,,,,,"01/14/2026","05/14/2026","United States, Canada","ES_1151594_ICULC-320211_05192026113013_80272231"
"4623826","EVCore Charging, Corp.","EVCore Charging Corp.","DC Electric Vehicle Supply Equipment","ICULC-240211",,,"AC-input","Three Phase","All-in-One Product Configuration","Combined Charging System (CCS)","No","None","16","4*1","425.43","377.2","Yes","No",,,,,,"Camera/ Occupancy Sensing,Credit Card Reader,High Resolution Display,PLC Board (ISO 15118),Radio Frequency Identification (RFID),Revenue Grade Meter","None","320,000","300","480","2","No","216.09","194.78","1.07","223.165","194.78","1.07","1,452.08","0.205","26,069.9","75,261.3","53,166.3","150,228","77,664","150,228","17,423.9","50,164.7",,,"102,814","298,324","1","26,069.4","75,261.3","53,537.9","150,706","77,776.6","225,408","18,029.3","50,314",,,"103,421","299,560","1","26,113.3","75,222.6","52,994.1","150,014","77,879.6","225,270","17,445.1","50,170.5",,,"103,640","299,363","1","2.88",,,,,,,,,,,,,,,,,,,,,,,,,,,,,,,,,,,,,,,,,,,"01/14/2026","05/14/2026","United States, Canada","ES_1151594_ICULC-240211_05192026113031_80272231"
"4623827","EVCore Charging, Corp.","EVCore Charging Corp.","DC Electric Vehicle Supply Equipment","ICULC-240211",,,"AC-input","Three Phase","All-in-One Product Configuration","Combined Charging System (CCS)","No","None","16","4*1","425.43","377.2","Yes","No",,,,,,"Camera/ Occupancy Sensing,Credit Card Reader,High Resolution Display,PLC Board (ISO 15118),Radio Frequency Identification (RFID),Revenue Grade Meter","None","320,000","300","480","2","No","216.09","194.78","0.79","223.165","194.78","0.81","1,452.08","0.22","26,089.3","75,261.3","53,196.9","150,228","77,851.2","150,228","17,443.1","50,164.7",,,"103,214","298,324","1","26,090.9","75,261.3","53,571.6","150,706","77,956","225,408","18,054","50,314",,,"103,808","299,560","1","26,128","75,222.6","53,114.5","150,014","78,033.2","225,270","17,459.9","50,170.5",,,"104,025","299,363","1","2.87",,,,,,,,,,,,,,,,,,,,,,,,,,,,,,,,,,,,,,,,,,,"01/14/2026","05/14/2026","United States, Canada","ES_1151594_ICULC-240211_05192026113032_80272231"
"4623828","EVCore Charging, Corp.","EVCore Charging Corp.","DC Electric Vehicle Supply Equipment","ICULC-240211",,,"AC-input","Three Phase","All-in-One Product Configuration","Combined Charging System (CCS)","No","None","16","4*1","425.43","377.2","Yes","No",,,,,,"Camera/ Occupancy Sensing,Credit Card Reader,High Resolution Display,PLC Board (ISO 15118),Radio Frequency Identification (RFID),Revenue Grade Meter","None","320,000","300","480","2","No","216.09","194.78","0.605","223.165","194.78","0.61","1,452.08","0.205","26,058.8","75,261.3","53,247.5","150,228","77,874.5","150,228","17,415.9","50,164.7",,,"103,181","298,324","1","26,058.5","75,261.3","53,641.2","150,706","78,003.8","225,408","18,056","50,314",,,"103,800","299,560","1","26,161.2","75,222.6","53,108.7","150,014","78,095.8","225,270","17,498.4","50,170.5",,,"104,007","299,363","1","2.87",,,,,,,,,,,,,,,,,,,,,,,,,,,,,,,,,,,,,,,,,,,"01/14/2026","05/14/2026","United States, Canada","ES_1151594_ICULC-240211_05192026113033_80272231"
"4623829","EVCore Charging, Corp.","EVCore Charging Corp.","DC Electric Vehicle Supply Equipment","ICULD-240211",,,"AC-input","Three Phase","All-in-One Product Configuration","Combined Charging System (CCS)","No","None","16","4*1","425.43","377.2","Yes","No",,,,,,"Camera/ Occupancy Sensing,Credit Card Reader,High Resolution Display,PLC Board (ISO 15118),Radio Frequency Identification (RFID),Revenue Grade Meter","None","320,000","300","480","2","No","216.09","194.78","1.07","223.165","194.78","1.07","1,452.08","0.205","26,069.9","75,261.3","53,166.3","150,228","77,664","150,228","17,423.9","50,164.7",,,"102,814","298,324","1","26,069.4","75,261.3","53,537.9","150,706","77,776.6","225,408","18,029.3","50,314",,,"103,421","299,560","1","26,113.3","75,222.6","52,994.1","150,014","77,879.6","225,270","17,445.1","50,170.5",,,"103,640","299,363","1","2.88",,,,,,,,,,,,,,,,,,,,,,,,,,,,,,,,,,,,,,,,,,,"01/14/2026","05/14/2026","United States, Canada","ES_1151594_ICULD-240211_05192026113034_80272231"
"4623830","EVCore Charging, Corp.","EVCore Charging Corp.","DC Electric Vehicle Supply Equipment","ICULD-240211",,,"AC-input","Three Phase","All-in-One Product Configuration","Combined Charging System (CCS)","No","None","16","4*1","425.43","377.2","Yes","No",,,,,,"Camera/ Occupancy Sensing,Credit Card Reader,High Resolution Display,PLC Board (ISO 15118),Radio Frequency Identification (RFID),Revenue Grade Meter","None","320,000","300","480","2","No","216.09","194.78","0.79","223.165","194.78","0.81","1,452.08","0.22","26,089.3","75,261.3","53,196.9","150,228","77,851.2","150,228","17,443.1","50,164.7",,,"103,214","298,324","1","26,090.9","75,261.3","53,571.6","150,706","77,956","225,408","18,054","50,314",,,"103,808","299,560","1","26,128","75,222.6","53,114.5","150,014","78,033.2","225,270","17,459.9","50,170.5",,,"104,025","299,363","1","2.87",,,,,,,,,,,,,,,,,,,,,,,,,,,,,,,,,,,,,,,,,,,"01/14/2026","05/14/2026","United States, Canada","ES_1151594_ICULD-240211_05192026113035_80272231"
"4623831","EVCore Charging, Corp.","EVCore Charging Corp.","DC Electric Vehicle Supply Equipment","ICULD-240211",,,"AC-input","Three Phase","All-in-One Product Configuration","Combined Charging System (CCS)","No","None","16","4*1","425.43","377.2","Yes","No",,,,,,"Camera/ Occupancy Sensing,Credit Card Reader,High Resolution Display,PLC Board (ISO 15118),Radio Frequency Identification (RFID),Revenue Grade Meter","None","320,000","300","480","2","No","216.09","194.78","0.605","223.165","194.78","0.61","1,452.08","0.205","26,058.8","75,261.3","53,247.5","150,228","77,874.5","150,228","17,415.9","50,164.7",,,"103,181","298,324","1","26,058.5","75,261.3","53,641.2","150,706","78,003.8","225,408","18,056","50,314",,,"103,800","299,560","1","26,161.2","75,222.6","53,108.7","150,014","78,095.8","225,270","17,498.4","50,170.5",,,"104,007","299,363","1","2.87",,,,,,,,,,,,,,,,,,,,,,,,,,,,,,,,,,,,,,,,,,,"01/14/2026","05/14/2026","United States, Canada","ES_1151594_ICULD-240211_05192026113036_80272231"
"4623832","EVCore Charging, Corp.","EVCore Charging Corp.","DC Electric Vehicle Supply Equipment","ICULC-160211",,,"AC-input","Three Phase","All-in-One Product Configuration","Combined Charging System (CCS)","No","None","16","4*1","425.43","377.2","Yes","No",,,,,,"Camera/ Occupancy Sensing,Credit Card Reader,High Resolution Display,PLC Board (ISO 15118),Radio Frequency Identification (RFID),Revenue Grade Meter","None","320,000","300","480","2","No","216.09","194.78","1.07","223.165","194.78","1.07","1,452.08","0.205","26,069.9","75,261.3","53,166.3","150,228","77,664","150,228","17,423.9","50,164.7",,,"102,814","298,324","1","26,069.4","75,261.3","53,537.9","150,706","77,776.6","225,408","18,029.3","50,314",,,"103,421","299,560","1","26,113.3","75,222.6","52,994.1","150,014","77,879.6","225,270","17,445.1","50,170.5",,,"103,640","299,363","1","2.88",,,,,,,,,,,,,,,,,,,,,,,,,,,,,,,,,,,,,,,,,,,"01/14/2026","05/14/2026","United States, Canada","ES_1151594_ICULC-160211_05192026113031_80272231"
"4623833","EVCore Charging, Corp.","EVCore Charging Corp.","DC Electric Vehicle Supply Equipment","ICULC-160211",,,"AC-input","Three Phase","All-in-One Product Configuration","Combined Charging System (CCS)","No","None","16","4*1","425.43","377.2","Yes","No",,,,,,"Camera/ Occupancy Sensing,Credit Card Reader,High Resolution Display,PLC Board (ISO 15118),Radio Frequency Identification (RFID),Revenue Grade Meter","None","320,000","300","480","2","No","216.09","194.78","0.79","223.165","194.78","0.81","1,452.08","0.22","26,089.3","75,261.3","53,196.9","150,228","77,851.2","150,228","17,443.1","50,164.7",,,"103,214","298,324","1","26,090.9","75,261.3","53,571.6","150,706","77,956","225,408","18,054","50,314",,,"103,808","299,560","1","26,128","75,222.6","53,114.5","150,014","78,033.2","225,270","17,459.9","50,170.5",,,"104,025","299,363","1","2.87",,,,,,,,,,,,,,,,,,,,,,,,,,,,,,,,,,,,,,,,,,,"01/14/2026","05/14/2026","United States, Canada","ES_1151594_ICULC-160211_05192026113032_80272231"
"4623834","EVCore Charging, Corp.","EVCore Charging Corp.","DC Electric Vehicle Supply Equipment","ICULC-160211",,,"AC-input","Three Phase","All-in-One Product Configuration","Combined Charging System (CCS)","No","None","16","4*1","425.43","377.2","Yes","No",,,,,,"Camera/ Occupancy Sensing,Credit Card Reader,High Resolution Display,PLC Board (ISO 15118),Radio Frequency Identification (RFID),Revenue Grade Meter","None","320,000","300","480","2","No","216.09","194.78","0.605","223.165","194.78","0.61","1,452.08","0.205","26,058.8","75,261.3","53,247.5","150,228","77,874.5","150,228","17,415.9","50,164.7",,,"103,181","298,324","1","26,058.5","75,261.3","53,641.2","150,706","78,003.8","225,408","18,056","50,314",,,"103,800","299,560","1","26,161.2","75,222.6","53,108.7","150,014","78,095.8","225,270","17,498.4","50,170.5",,,"104,007","299,363","1","2.87",,,,,,,,,,,,,,,,,,,,,,,,,,,,,,,,,,,,,,,,,,,"01/14/2026","05/14/2026","United States, Canada","ES_1151594_ICULC-160211_05192026113033_80272231"
"4623835","EVCore Charging, Corp.","EVCore Charging Corp.","DC Electric Vehicle Supply Equipment","ICULD-160211",,,"AC-input","Three Phase","All-in-One Product Configuration","Combined Charging System (CCS)","No","None","16","4*1","425.43","377.2","Yes","No",,,,,,"Camera/ Occupancy Sensing,Credit Card Reader,High Resolution Display,PLC Board (ISO 15118),Radio Frequency Identification (RFID),Revenue Grade Meter","None","320,000","300","480","2","No","216.09","194.78","1.07","223.165","194.78","1.07","1,452.08","0.205","26,069.9","75,261.3","53,166.3","150,228","77,664","150,228","17,423.9","50,164.7",,,"102,814","298,324","1","26,069.4","75,261.3","53,537.9","150,706","77,776.6","225,408","18,029.3","50,314",,,"103,421","299,560","1","26,113.3","75,222.6","52,994.1","150,014","77,879.6","225,270","17,445.1","50,170.5",,,"103,640","299,363","1","2.88",,,,,,,,,,,,,,,,,,,,,,,,,,,,,,,,,,,,,,,,,,,"01/14/2026","05/14/2026","United States, Canada","ES_1151594_ICULD-160211_05192026113036_80272231"
"4623836","EVCore Charging, Corp.","EVCore Charging Corp.","DC Electric Vehicle Supply Equipment","ICULD-160211",,,"AC-input","Three Phase","All-in-One Product Configuration","Combined Charging System (CCS)","No","None","16","4*1","425.43","377.2","Yes","No",,,,,,"Camera/ Occupancy Sensing,Credit Card Reader,High Resolution Display,PLC Board (ISO 15118),Radio Frequency Identification (RFID),Revenue Grade Meter","None","320,000","300","480","2","No","216.09","194.78","0.79","223.165","194.78","0.81","1,452.08","0.22","26,089.3","75,261.3","53,196.9","150,228","77,851.2","150,228","17,443.1","50,164.7",,,"103,214","298,324","1","26,090.9","75,261.3","53,571.6","150,706","77,956","225,408","18,054","50,314",,,"103,808","299,560","1","26,128","75,222.6","53,114.5","150,014","78,033.2","225,270","17,459.9","50,170.5",,,"104,025","299,363","1","2.87",,,,,,,,,,,,,,,,,,,,,,,,,,,,,,,,,,,,,,,,,,,"01/14/2026","05/14/2026","United States, Canada","ES_1151594_ICULD-160211_05192026113037_80272231"
"4623837","EVCore Charging, Corp.","EVCore Charging Corp.","DC Electric Vehicle Supply Equipment","ICULD-160211",,,"AC-input","Three Phase","All-in-One Product Configuration","Combined Charging System (CCS)","No","None","16","4*1","425.43","377.2","Yes","No",,,,,,"Camera/ Occupancy Sensing,Credit Card Reader,High Resolution Display,PLC Board (ISO 15118),Radio Frequency Identification (RFID),Revenue Grade Meter","None","320,000","300","480","2","No","216.09","194.78","0.605","223.165","194.78","0.61","1,452.08","0.205","26,058.8","75,261.3","53,247.5","150,228","77,874.5","150,228","17,415.9","50,164.7",,,"103,181","298,324","1","26,058.5","75,261.3","53,641.2","150,706","78,003.8","225,408","18,056","50,314",,,"103,800","299,560","1","26,161.2","75,222.6","53,108.7","150,014","78,095.8","225,270","17,498.4","50,170.5",,,"104,007","299,363","1","2.87",,,,,,,,,,,,,,,,,,,,,,,,,,,,,,,,,,,,,,,,,,,"01/14/2026","05/14/2026","United States, Canada","ES_1151594_ICULD-160211_05192026113039_80272231"
"4431335","EverCharge Inc","EverCharge","E800-1040","E800-1040",,,"AC-input","Three Phase","All-in-One Product Configuration","Combined Charging System (CCS)","Yes","Gigabit Ethernet,Wi-Fi","23","1/0","62.1","860.4","No","Yes","Open Charge Point Protocol (OCPP)","Wi-Fi,Wired Ethernet",,,"No","PLC Board (ISO 15118),Credit Card Reader,Radio Frequency Identification (RFID)","None","180,000","300","480","2","No","57.76","138.67","0.12","76.49","138.67","0.15","389.16","0.08","47,195.9","44,907.49","93,643.12","89,385.41","140,576.83","134,074.74","52,308.98","49,880.81","155,956.18","148,644.67","187,029.67","177,991.28","1","47,222.89","44,878.73","94,025.26","89,343.58","140,629.42","134,134.06","52,396.03","49,868.2","155,843.2","148,530.1","186,272.7","177,056.3","1","47,538.34","44,879.31","94,137.93","89,356.13","140,501.31","133,801.21","52,817.15","49,901.17","155,966.78","148,418.81","186,766.51","177,322.71","1","0.95",,,,,,,,,,,,,,,,,,,,,,,,,,,,,,,,,,,,,,,,,,,"01/23/2025","06/10/2025","United States, Canada","ES_1145792_E800-1040_06092025135535_6077997"
"2665585","EVSIS Co., Ltd.","EVSIS Co., Ltd.","JC-9952-100-CT","JC-9952-100-CT","JC-9932-100-CT, JC-9931-100-CT,JC-9932-100-CT, JC-9931-100-CT",,"AC-input","Three Phase","All-in-One Product Configuration","Combined Charging System (CCS)","Yes","Gigabit Ethernet","20","0","241.8",,"No","No",,,,,,,"None","100,000",,,"2","No","135.24","138.4","0.02","136.35","138.4","0.02","390.4","0.04","27,165","24,942","53,868","50,598","80,094","75,669",,,,,"106,000","100,413","0.99","27,363","25,020","53,520","50,434","79,444","75,527",,,,,"105,379","100,486","0.98","27,444","25,011","53,518","50,270","79,473","75,066",,,,,"105,353","99,879","0.98","0.95",,,,,,,,,,,,,,,,,,,,,,,,,,,,,,,,,,,,,,,,,,,"08/04/2023","09/12/2023","United States","JC-9952-100-CT, JC-9932-100-CT, JC-9931-100-CT"
"2666396","EVSIS Co., Ltd.","EVSIS Co., Ltd.","JC-9A31-30-CT","JC-9A31-30-CT",,,"AC-input","Three Phase","All-in-One Product Configuration","Combined Charging System (CCS)","Yes","Gigabit Ethernet","20","2","68.36",,"No","No",,,,,,,"None","30,000",,,"1","No","64.51","74.54","0.04","64.89","74.54","0.04","73.51","0.04","8,134","7,561","16,012","15,209","22,716","22,716",,,,,"31,642","30,137","0.99","8,073","7,511","15,884","15,087","23,537","22,458",,,,,"31,372.99","29,851","0.99","8,044","7,467","15,811","15,015","23,527","22,417",,,,,"31,375","29,814","0.99","0.95",,,,,,,,,,,,,,,,,,,,,,,,,,,,,,,,,,,,,,,,,,,"08/04/2023","09/12/2023","United States","JC-9A31-30-CT"
"3624431","EVSIS Co., Ltd.","EVSIS Co., Ltd","JC-9932-180-CT","JC-9932-180-CT",,,"AC-input","Three Phase","All-in-One Product Configuration","Combined Charging System (CCS)","Yes","Wi-Fi","0","0",,,"No","Yes",,,,,,,"None","180,000",,,"2","No",,"0",,,"0",,,,"49,020","45,295","95,278","90,031","142,221","134,725","54,050","50,312","159,927","151,389","192,039","181,701","0.99","49,025","45,452","96,060","90,791","143,375","135,863","54,397","50,592","159,138","150,601","191,686","181,495","0.99","49,028","45,356","95,844","90,447","143,055","135,419","54,282","50,415","158,827","150,132","191,389","180,723","0.99","0.95",,,,,,,,,,,,,,,,,,,,,,,,,,,,,,,,,,,,,,,,,,,"06/30/2024","07/26/2024","United States","ES_1148893_JC-9932-180-CT_20247128114010_6536369"
"3798889","EVSIS Co., Ltd.","EVSIS Co., Ltd","JC-9932-240-CT","JC-9932-240-CT",,,"AC-input","Three Phase","All-in-One Product Configuration","Combined Charging System (CCS)","Yes","Other LAN (Local Area Network)","23","0",,,"No","Yes",,,,,,,"None","240,000",,,"2","No",,"0",,,"0",,,,"65,747","60,858","128,335","121,088","190,347","180,236","54,876","50,259","159,815","151,050","253,017","238,604","0.99","65,482","60,690","128,224","121,149","191,079","181,012","55,105","50,599","159,897","151,123","254,428","239,541","0.98","646,676","59,803","127,091","119,850","191,038","180,792","54,487","49,925","158,485","149,537","254,246","239,081","0.99","0.94",,,,,,,,,,,,,,,,,,,,,,,,,,,,,,,,,,,,,,,,,,,"06/30/2024","10/15/2024","United States","ES_1148893_JC-9932-240-CT_20240119205057_9457299"
"3994388","EVSIS Co., Ltd.","EVSIS Co., Ltd","JC-94F2-350-0T5 with JC-9502-350-CT5","JC-94F2-350-0T5 with JC-9502-350-CT5",,,"AC-input","Three Phase","Distributed Product Configuration","Combined Charging System (CCS)","Yes","Other LAN (Local Area Network)","18","0",,,"Yes","Yes",,,,,,,"None","350,000",,,"2","No",,"410.57",,,"410.57",,,,"94,385.23","87,920.4","189,691.33","176,721.3","279,821.71","262,971.39","55,316.51","49,772.48","162,168.78","151,415.96","365,322.79","343,658.96","0.99","93,943.81","87,241.85","187,554.23","174,781.93","275,544.36","258,589.09","54,777.82","50,061.63","161,351.57","151,045.03","367,429.51","345,016.27","0.99","93,200.44","87,027.59","187,972.76","174,900.25","276,704.17","259,435.12","54,552.26","49,327.87","160,358.23","148,711.84","366,824","344,457","0.99","0.94",,,,,,,,,,,,,,,,,,,,,,,,,,,,,,,,,,,,,,,,,,,"12/31/2024","01/09/2025","United States","ES_1148893_JC-94F2-350-0T5 with JC-9502-350-CT5_20251109095428_9183690"
"4529300","Gotion Inc.","GOTION","DC Electric Vehicle Supply Equipment","MEC-R150-209-UL",,,"DC-input","Single Phase","All-in-One Product Configuration","Combined Charging System (CCS)","Yes","Cellular","16","2/0",,,"No","No",,,,,,"High Resolution Display,PLC Board (ISO 15118),Credit Card Reader,Radio Frequency Identification (RFID),Revenue Grade Meter,Speaker","None","150",,,"1","No",,"126.55",,,"126.53",,,,,,,,,,,,,,,,,,,,,,,,,,,,,,,,,,,,,,,,,,,,"250","665.6",,,,"38,773","36,916.22","78,421","74,401.18","117,412","111,647.8","52,629","50,111.84",,,"154,276","147,665.32","39,797","37,997.47","78,965","75,023.95","119,083","113,151.62","52,502","50,130.23",,,"157,355","150,352.76","39,815","37,959.41","79,553","75,433.44","119,076","112,998.31","53,143.78","50,465.3",,,"157,166","150,071.34","0.96","03/01/2026","01/30/2025","United States, Canada","ES_1152854_MEC-R150-209-UL4_02022026132734_80266497"
"4529301","Gotion Inc.","GOTION","DC Electric Vehicle Supply Equipment","MEC-R150-209-UL",,,"DC-input","Single Phase","All-in-One Product Configuration","Combined Charging System (CCS)","Yes","Cellular","0","N/A","23.32","211.3","No","No",,,,,,"High Resolution Display,PLC Board (ISO 15118),Credit Card Reader,Radio Frequency Identification (RFID),Revenue Grade Meter,Speaker","None","0",,,"1","No",,"126.55",,,"126.53",,,,,,,,,,,,,,,,,,,,,,,,,,,,,,,,,,,,,,,,,,,,,"24",,,,"179.26",,"177.88",,"177.99",,"179.45",,,,"176.22",,"172.6",,"172.48",,"172.45",,"172.93",,,,"171.58",,"171.68",,"172.06",,"171.47",,"53,143.78",,,,"170.32",,,"03/01/2026","01/30/2025","United States, Canada","ES_1152854_MEC-R150-209-UL4_02022026132735_80266497"
"3463019","Heliox Technology Inc","Heliox","HE9823005-01","HE9823005-01","HE9823007-01",,"AC-input","Three Phase","All-in-One Product Configuration","Combined Charging System (CCS)","No","None","18","1","21.26","64.15","No","No",,,,,,,"None","60,000",,,"1","No","40.07","92.52","0.03","40.21","92.52","0.03","110.02","0.03","15,827.01","14,725.13","30,765","29,495.33","46,579.49","44,576.07","52,598.83","50,336.5","0","0","62,800","60,100","0.99","15,902.57","14,701.5","31,057.02","29,636","46,611.85","44,426","52,508.45","50,060.97","0","0","62,948.29","59,928.99","0.99","15,827.94","14,715.25","31,081.97","29,653.32","46,063.28","43,811.92","52,377.9","49,814.35","0","0","63,127.68","59,928.92","0.99","0.95",,,,,,,,,,,,,,,,,,,,,,,,,,,,,,,,,,,,,,,,,,,"04/23/2024","04/30/2024","United States, Canada","ES_1150627_HE9823005-01_04222024131527_8043786"
"3542830","Hyperian Energy Inc.","Hyperian","CS-240-D200S1-1","CS-240-D200S1-1","CS-240-PM",,"AC-input","Three Phase","Distributed Product Configuration","Combined Charging System (CCS)","Yes","Gigabit Ethernet,Wi-Fi,Other LAN (Local Area Network),Cellular","10","1",,,"No","Yes","Open Charge Point Protocol (OCPP)","Wi-Fi,Wired Ethernet","SAE J1772","NIST Cybersecurity Framework","No",,"None","200,000","307","480","2","No","13.94","134.32","0.01","14.23","134.32","0.01","118.98","0.01","53,747","49,633","104,760","99,220","155,680","148,650","53,747","49,633","155,680","148,650","206,230","197,820","0.99","53,545","49,578","104,710","99,220","156,510","149,240","53,545","49,578","156,510","149,240","206,320","197,130","0.99","53,560","49,579","105,150","99,425","156,940","149,400","53,560","49,579","156,940","149,400","207,710","198,110","0.99","0.96",,,,,,,,,,,,,,,,,,,,,,,,,,,,,,,,,,,,,,,,,,,"05/16/2024","01/13/2023","United States, Canada","ES_1150711_CS-240-D200S1-1CS-240-PM_05302024114310_311090"
"3542831","Hyperian Energy Inc.","Hyperian","CS-240-D300-2","CS-240-D300-2","CS-240-PM",,"AC-input","Three Phase","Distributed Product Configuration","Combined Charging System (CCS)","Yes","Gigabit Ethernet,Wi-Fi,Other LAN (Local Area Network),Cellular","23","1/0","51.48","860.4","No","Yes","Open Charge Point Protocol (OCPP)","Wi-Fi,Wired Ethernet","SAE J1772","None","No",,"None","240,000","307","480","2","No","107.99","147.53","0.12","108.57","147.53","0.11","921.35","0.08","62,429.29","59,193.75","124,411.23","118,093.74","187,564.14","177,921.93","51,884.93","49,306.45","156,153.19","148,249.06","248,950.2","237,367.41","1","62,785.59","59,236.23","125,563.81","118,788.35","188,768.96","178,565.48","52,620.51","49,679.87","157,489.33","149,108.88","250,556.14","238,411.58","1","63,325.55","59,572.17","126,112.19","119,042.65","189,268.5","178,405.55","52,704.64","49,571.12","157,430.95","148,714.73","250,757.53","237,794.44","1","0.95",,,,,,,,,,,,,,,,,,,,,,,,,,,,,,,,,,,,,,,,,,,"05/16/2024","05/31/2023","United States, Canada","ES_1150711_CS-240-D300-2CS-240-PM_05272024165158_8230859"
"3542832","Hyperian Energy Inc.","Hyperian","CS-240-D200-2","CS-240-D200-2","CS-240-PM",,"AC-input","Three Phase","Distributed Product Configuration","Combined Charging System (CCS)","Yes","Gigabit Ethernet,Wi-Fi,Other LAN (Local Area Network),Cellular","23","2/0","51.48","860.4","No","Yes","Open Charge Point Protocol (OCPP)","Wi-Fi,Wired Ethernet","SAE J1772","None","No",,"None","200,000","307","480","2","No","107.99","147.53","0.12","108.57","147.53","0.11","921.35","0.08","52,031.55","49,431.47","103,506.83","98,346.8","155,706.17","148,337.85",,,,,"207,329.41","197,839.74","1","52,780.99","49,884.63","104,977.41","99,336.98","157,002.25","149,115.53",,,,,"208,890.02","198,817.36","1","53,099.24","49,893.36","104,981.36","98,928.54","157,440.05","148,934.1",,,,,"210,264.46","199,349.95","1","0.95",,,,,,,,,,,,,,,,,,,,,,,,,,,,,,,,,,,,,,,,,,,"05/16/2024","05/31/2023","United States, Canada","ES_1150711_CS-240-D200-2CS-240-PM_05272024171110_1332055"
"4470617","Hyundai Kefico","Hyundai Kefico","BIB4020.A2.1","BIB4020.A2.1","BIB4020.B2.1,BIB4020.B2.1; BIB4020.C2.1,BIB4020.C2.1; BIB4020.D2.1,BIB4020.D2.1",,"AC-input","Three Phase","All-in-One Product Configuration","Tesla,Combined Charging System (CCS)","Yes","Cellular","18","1/0","353","1,362","No","No",,,,,,,"None","200","300","277","2","No","124.66","186.66","0.15","124.49","186.66","0.15","494.48","0.03","52,986.3","49,638.06","104,581.84","99,526.87","156,755.28","149,265.28",,,,,"207,882.56","198,608.08","0.99","53,622.06","50,231.34","105,507.64","100,357.03","157,350.12","149,702.41",,,,,"208,852.78","199,259.42","0.99","54,548.26","50,213.89","106,268.58","100,360.22","158,175.77","149,757.93",,,,,"209,591.98","199,265.96","0.99","0.95",,,,,,,,,,,,,,,,,,,,,,,,,,,,,,,,,,,,,,,,,,,"07/31/2025","07/08/2025","United States","ES_1152286_BIB4020.A2.1_061920250654692_6684961"
"2668245","InCharge Energy Inc.","InCharge","ICE30K2-FDW-UU2","ICE30K2-FDW-UU2",,,"AC-input","Three Phase","All-in-One Product Configuration","Combined Charging System (CCS)","Yes","Gigabit Ethernet,Cellular","17","1","20.52","755.51","No","Yes","Open Charge Point Protocol (OCPP)","Wi-Fi,Wired Ethernet","SAE J1772,IEC 61851-1,ISO 15118-2 or later","NIST Cybersecurity Framework","No","PLC Board (ISO 15118),Credit Card Reader,Radio Frequency Identification (RFID),Revenue Grade Meter,Speaker","Vehicle to grid capability","30,000","100","480","2","No","39.3","69.41","0.01","39.5","69.41","0.01","117","0.04","7,892","7,420","15,439","14,825","23,182","22,359",,,,,"30,957","29,830","0.99","8,000","7,555","15,682","15,111","23,537","22,719",,,,,"31,389","30,317","0.99","7,997","7,546","15,651","15,063","23,455","22,628",,,,,"31,415","30,280","0.99","0.97",,,,,,,,,,,,,,,,,,,,,,,,,,,,,,,,,,,,,,,,,,,"09/18/2023","09/26/2023","United States, Canada","ES_1149338_ICE30K2-FDW-UU2_09212023100345_2702600"
"2668246","InCharge Energy Inc.","InCharge","ICE60K3-FDW-UU2","ICE60K3-FDW-UU2",,,"AC-input","Three Phase","All-in-One Product Configuration","Combined Charging System (CCS)","Yes","Gigabit Ethernet,Cellular","17","2/0","20.52","755.51","No","Yes","Open Charge Point Protocol (OCPP)","Wi-Fi,Wired Ethernet","SAE J1772,IEC 61851-1,ISO 15118-2 or later","NIST Cybersecurity Framework","No","PLC Board (ISO 15118),Credit Card Reader,Radio Frequency Identification (RFID),Revenue Grade Meter,Speaker","Vehicle to grid capability","60,000","200","480","2","No","53.2","94.08","0.01","56.7","94.08","0.01","243.6","0.03","15,668","14,850","31,720","29,820","47,063","44,714","52,340","49,768",,,"62,810","59,670","0.99","15,657","14,853","31,707","29,731","47,083","44,723","52,349","49,767",,,"62,853","59,833","0.99","15,671","14,854","31,786","29,719","47,088","44,960","52,362","50,190",,,"62,873","59,540","0.99","0.95",,,,,,,,,,,,,,,,,,,,,,,,,,,,,,,,,,,,,,,,,,,"09/18/2023","09/26/2023","United States, Canada","ES_1149338_ICE60K3-FDW-UU2_09212023103215_4044458"
"2668247","InCharge Energy Inc.","InCharge","ICE-180-CC","ICE-180-CC",,,"AC-input","Three Phase","All-in-One Product Configuration","Combined Charging System (CCS)","Yes","Gigabit Ethernet,Cellular","17","2/0","20.52","728.51","No","Yes","Open Charge Point Protocol (OCPP)","Wi-Fi,Wired Ethernet","SAE J1772,IEC 61851-1,ISO 15118-2 or later","NIST Cybersecurity Framework","No","PLC Board (ISO 15118),Credit Card Reader,Radio Frequency Identification (RFID),Revenue Grade Meter,Speaker","Vehicle to grid capability","180,000","200","480","2","No","54.78","133.17","0.01","58","133.17","0.01","257.26","0.03","48,355","45,030","94,497","89,896","141,426","135,202","53,249","49,999","158,100","149,830","187,743","179,388","1","48,360","45,054","94,522","89,912","141,445","135,025","53,292","50,005","159,600","148,430","188,197","179,590","1","48,359","44,968","94,566","89,934","141,441","135,148","53,268","50,012","157,040","149,209","188,457","179,733","1","0.95",,,,,,,,,,,,,,,,,,,,,,,,,,,,,,,,,,,,,,,,,,,"09/18/2023","09/26/2023","United States, Canada","ES_1149338_ICE-180-CC_09212023112948_7906610"
"4622394","InCharge Energy Inc.","InCharge","Split Charging System","Split Power Cabinet System model:  IDC330K2-FER5-2 Series Model:  IDC330K2-FbRc-2 (b, c are variables) b=S, D, T, F, V, X, N, E c=3 or 5","Split Charging Dispenser System Model:  IDC500-LLDC-UU2 Series Model:  IDC500-LLDC-NN2, IDC500-LDC-UU2, IDC500-LDC-NN2, IDC500-LSC-U2, IDC500-LSC-N2, IDC500-LDC-UC2, IDC400-FDC-NN2, IDC400-FSC-N2, IDC300-FDC-UU2, IDC300-FDC-NN2, IDC300-FSC-U2,,IDC300-FSC-N2, IDC300-FDC-UC2, IDC200-FDC-UU2, IDC200-FDC-NN2, IDC200-FSC-U2, IDC200-FSC-N2, IDC200-FDC-UC2  Micro Charging Dispenser System Model: IDC400-FSW-U2 Series Model:  IDC300-FSW-U2, IDC200-FSW-U2, IDC400-FSW-N2 IDC300-FSW-N2, IDC200-FSW-N2",,"AC-input","Three Phase","Distributed Product Configuration","Combined Charging System (CCS),Other,NACS, CAJ","Yes","Cellular,Gigabit Ethernet,Wi-Fi","394","0","20.51","106.58","Yes","No",,,,,,"Credit Card Reader,High Resolution Display,PLC Board (ISO 15118),Radio Frequency Identification (RFID),Revenue Grade Meter","None","330,000","500","480","2","No","79.43","154.24","0.15","79.51","154.24","0.16","520","0.02","87,223","82,324","174,576","165,116","260,389","247,728","53,062","50,163","159,515","151,182","347,956","331,361","0.99","87,220","82,320","174,591","165,210","260,390","247,730","53,060","50,160","159,510","151,150","347,950","331,410","0.99","87,238","82,325","174,625","165,146","260,412","247,698","53,072","50,162","159,526","150,916","347,965","330,992","0.99","0.95",,,,,,,,,,,,,,,,,,,,,,,,,,,,,,,,,,,,,,,,,,,"10/28/2024","05/29/2026","United States, Canada","ES_1149338_IDC330K2-FER5-2_06042026030210_1010101"
"4622534","InCharge Energy Inc.","InCharge","Split Charging System","Split Power Cabinet System model:  IDC330K3-FMR5-2 Series model: IDC330K3-FbRc-2  (b, c are variables) b=S, D, T, F, V, X, N, E, Q, M, L c=3 or 5","Split Charging Dispenser System Model: IDC500-LLDC-UU2; Series Model: IDC500-LDC-UU2, IDC500-LSC-U2, IDC500-LDC-UC2, IDC500-LLDC-NN2, IDC500-LDC-NN2, IDC500-LSC-N2, IDC400-FDC-NN2, IDC400-FSC-N2,  IDC300-FDC-UU2, IDC300-FDC-UC2, IDC300-FSC-U2,,IDC300-FDC-NN2, IDC300-FSC-N2, IDC200-FDC-UU2, IDC200-FDC-UC2, IDC200-FSC-U2, IDC200-FDC-NN2, IDC200-FSC-N2; Micro Charging Dispenser System Model: IDC400-FSW-U2; Series Model: IDC300-FSW-U2, IDC200-FSW-U2, IDC400-FSW-N2, IDC300-FSW-N2, IDC200-FSW-N2",,"AC-input","Three Phase","Distributed Product Configuration","Combined Charging System (CCS),Other,NACS, CAJ","Yes","Cellular,Gigabit Ethernet,Wi-Fi","394","0","20.51","106.58","Yes","No",,,,,,"Credit Card Reader,High Resolution Display,PLC Board (ISO 15118),Radio Frequency Identification (RFID),Revenue Grade Meter","None","330,000","500","480","2","No","79.38","154.24","0.16","80.04","154.24","0.15","521","0.02","87,728","82,887","175,148","165,338","261,168","248,161","52,852","50,018","159,031","150,331","346,852","330,508","0.99","87,730","82,900","175,150","165,340","261,170","248,170","52,850","50,020","159,030","150,340","346,850","330,540","0.99","87,742","82,881","175,160","165,286","261,176","248,164","52,856","50,025","159,036","150,346","346,856","330,491","0.99","0.95",,,,,,,,,,,,,,,,,,,,,,,,,,,,,,,,,,,,,,,,,,,"10/28/2024","05/29/2026","United States, Canada","ES_1149338_IDC330K3-FMR5-2_06042026035010_1010101"
"4015827","Ingeteam Power Technology, S.A","Ingeteam","INGETEAM RAPID 180","INGETEAM RAPID 180 DUO","INGETEAM RAPID 120,INGETEAM RAPID 120 Duo; INGETEAM RAPID 120,INGETEAM RAPID 120 One; INGETEAM RAPID 150,INGETEAM RAPID 150 Duo; INGETEAM RAPID 150,INGETEAM RAPID 150 One; INGETEAM RAPID 180,INGETEAM RAPID 180 One; INGETEAM RAPID 60E,INGETEAM RAPID 60E Duo; INGETEAM RAPID 60E,INGETEAM RAPID 60E One; INGETEAM RAPID 90,INGETEAM RAPID 90 Duo; INGETEAM RAPID 90,INGETEAM RAPID 90 One",,"AC-input","Three Phase","All-in-One Product Configuration","CHAdeMO,Combined Charging System (CCS)","Yes","Cellular","18","1",,,"No","No",,,,,,,"None","180,000","500","480","2","No","56","160.1","0.01","52","160.1","0.01","915","0.11","46,738","44,507.99","93,307","89,759","140,781.98","134,956","52,209","49,878","156,623.99","149,832","186,538","178,131.99","0.99","47,259.99","44,933.98","93,783","90,095","141,291","135,374","52,729","50,258","157,461","150,589","187,706","179,110","0.99","47,835","45,483","94,446","90,561","142,109","135,771","53,269","50,763","157,477","150,198","188,629","179,503","0.99","0.95",,,,,,,,,,,,,,,,,,,,,,,,,,,,,,,,,,,,,,,,,,,"11/01/2023","04/16/2025","United States, Canada","ES_1150851_INGETEAM RAPID 180 DUO_032620251642120_1334383"
"2649770","Jiangsu Tellus Power Co., Ltd","Tellus Power","TP-EVPD-60KW","TP-EVPD-60KW",,,"AC-input","Three Phase","All-in-One Product Configuration","Combined Charging System (CCS)","Yes","Gigabit Ethernet,Wi-Fi,Cellular","16","1","81.41","350","No","Yes","Open Charge Point Protocol (OCPP)","Wi-Fi,Wired Ethernet","SAE J1772","None","No","High Resolution Display,PLC Board (ISO 15118),Credit Card Reader,Radio Frequency Identification (RFID),Revenue Grade Meter","None","60,000","150","480","2","No","32.57","100.4","0.02","35.28","100.4","0.01","316.55","0.08","15,802.17","14,853.9","31,636.25","29,773.86","47,040.93","44,719.89","52,216.11","49,700.28",,,"61,838.8","58,834.39","0.99","15,653.27","14,814.86","31,333.32","29,803.94","47,021.22","44,761.16","52,343.73","49,748.7",,,"62,006.56","58,886.74","0.99","15,722.83","14,865.87","31,558.31","29,695.71","47,107.59","44,774.27","52,324.6","49,744.27",,,"61,894","58,861.18","0.99","0.95",,,,,,,,,,,,,,,,,,,,,,,,,,,,,,,,,,,,,,,,,,,"09/30/2023","08/30/2023","United States, Canada","ES_1149248_TP-EVPD-60KW_08252023102627_2079278"
"2649771","Jiangsu Tellus Power Co., Ltd","Tellus Power","TP-EVPD-120KW","TP-EVPD-120KW",,,"AC-input","Three Phase","All-in-One Product Configuration","Combined Charging System (CCS)","Yes","Gigabit Ethernet,Wi-Fi,Cellular","16","2/0","81.41","350","No","Yes","Open Charge Point Protocol (OCPP)","Wi-Fi,Wired Ethernet","SAE J1772","None","No","High Resolution Display,PLC Board (ISO 15118),Credit Card Reader,Radio Frequency Identification (RFID),Revenue Grade Meter","None","120,000","300","480","2","No","32.05","125.07","0.02","37.81","125.07","0.01","516.48","0.07","32,018.8","29,764.93","62,957.63","59,713.1","93,645.81","89,453.19","52,550.63","49,727.38",,,"123,004.05","117,835.79","0.99","31,539.54","29,846.75","62,593.72","59,818.36","93,982.52","89,689.95","52,144.61","49,828.22",,,"122,992.79","117,636.61","0.99","31,747.98","29,863.53","62,805.49","59,835.64","94,230","89,690.32","52,372.12","49,853.59",,,"123,350.64","117,782.81","0.99","0.96",,,,,,,,,,,,,,,,,,,,,,,,,,,,,,,,,,,,,,,,,,,"09/30/2023","08/30/2023","United States, Canada","ES_1149248_TP-EVPD-120KW_08252023160839_2634088"
"3417856","Jiangsu Tellus Power Co., Ltd","Tellus Power","TP-EVPD-30KW","TP-EVPD-30KW",,,"AC-input","Three Phase","All-in-One Product Configuration","Combined Charging System (CCS)","Yes","Gigabit Ethernet,Wi-Fi,Cellular","16","1","20.52","263.7","No","Yes","Open Charge Point Protocol (OCPP)","Wi-Fi,Wired Ethernet","SAE J1772","None","No","High Resolution Display,PLC Board (ISO 15118),Credit Card Reader,Radio Frequency Identification (RFID),Revenue Grade Meter","None","30,000","80","480","1","No","28.82","69","0.05","28.77","69","0.05","107.2","0.16","8,086.02","7,464.8","15,783.56","14,919.83","23,521.06","22,332.57",,,,,"31,405.24","29,737.92","0.99","8,142.95","7,493.33","15,864.76","14,979.75","23,624.44","22,405.48",,,,,"31,451.72","29,727.59","0.99","8,174.58","7,499.18","15,909.42","14,995.92","23,666.16","22,421.79",,,,,"31,461.29","29,757.33","0.99","0.95",,,,,,,,,,,,,,,,,,,,,,,,,,,,,,,,,,,,,,,,,,,"03/30/2024","03/11/2024","United States, Canada","ES_1149248_TP-EVPD-30KW_03072024112220_6757470"
"3417858","Jiangsu Tellus Power Co., Ltd","Tellus Power","TP-EVPD-180KW","TP-EVPD-180KW",,,"AC-input","Three Phase","All-in-One Product Configuration","Combined Charging System (CCS)","Yes","Gigabit Ethernet,Wi-Fi,Cellular","16","2*00","81.41","230.2","No","Yes","Open Charge Point Protocol (OCPP)","Wi-Fi,Wired Ethernet","SAE J1772","None","No","High Resolution Display,PLC Board (ISO 15118),Credit Card Reader,Radio Frequency Identification (RFID),Revenue Grade Meter","None","180,000","350","480","2","No","64.5","132.78","0.04","64.91","132.78","0.04","648.85","0.06","48,538.41","44,833.5","94,667.51","89,663.9","141,030.17","134,378.44","53,645.69","49,836.74","156,494.57","149,253.87","187,286.06","178,745.4","0.99","48,603.5","44,884.65","94,909.48","89,803.56","141,499.47","134,622.37","53,786.77","49,893.78","156,999.28","149,513.54","188,046.77","179,162.97","0.99","47,875.59","44,922.57","95,371.55","89,804","141,762.95","134,660.11","53,005.27","49,917.11","157,065.84","149,500.39","187,947.28","179,147.38","0.99","0.95",,,,,,,,,,,,,,,,,,,,,,,,,,,,,,,,,,,,,,,,,,,"03/30/2024","03/11/2024","United States, Canada","ES_1149248_TP-EVPD-180KW_03072024132254_2785455"
"3417859","Jiangsu Tellus Power Co., Ltd","Tellus Power","TP-EVPD-300KW","TP-EVPD-300KW",,,"AC-input","Three Phase","All-in-One Product Configuration","Combined Charging System (CCS)","Yes","Gigabit Ethernet,Wi-Fi,Cellular","16","2*00","81.41","235.5","No","Yes","Open Charge Point Protocol (OCPP)","Wi-Fi,Wired Ethernet","SAE J1772","None","No","High Resolution Display,PLC Board (ISO 15118),Credit Card Reader,Radio Frequency Identification (RFID),Revenue Grade Meter","None","300,000","350","480","2","No","61.67","157.32","0.06","61.72","157.32","0.06","932.62","0.06","81,224.57","75,278.29","157,821.08","149,649.04","235,074.93","223,998.23","55,309.73","49,877.45",,,"313,199.53","298,690.96","0.99","81,050.46","75,284.79","157,207.71","149,288.53","235,131.8","224,249.48","55,675.6","50,241.62",,,"313,161.27","298,391","0.99","81,622.79","75,086.91","158,585.13","149,546.8","236,021.68","224,641.8","55,457.72","49,985.53",,,"312,952.38","298,174.95","0.99","0.95",,,,,,,,,,,,,,,,,,,,,,,,,,,,,,,,,,,,,,,,,,,"03/30/2024","03/11/2024","United States, Canada","ES_1149248_TP-EVPD-300KW_03072024142523_9883539"
"4515240","Longhorn Intelligent Tech Co., Ltd","Longhorn","EV DC Charger","DNC-240T-DG",,,"AC-input","Three Phase","All-in-One Product Configuration","Combined Charging System (CCS)","Yes","Gigabit Ethernet,Wi-Fi,Cellular","15","1","66.1","450","No","No",,,,,,"High Resolution Display,PLC Board (ISO 15118),Radio Frequency Identification (RFID),Revenue Grade Meter","None","240,000","300","480","2","No","103.5","148.34","0.16","115.36","148.34","0.17","332.5","0.04","62,154","59,998","124,154","120,007","186,591","179,987","51,938","49,986","154,641","149,891","248,421","239,796","0.99","62,308","59,976","124,327","119,879","186,622","179,899","51,898","49,997","154,695","150,011","248,478","239,867","0.99","62,293","59,990","124,187","119,746","186,496","179,865","51,947","50,006","154,359","149,877","248,397","239,797","0.99","0.97",,,,,,,,,,,,,,,,,,,,,,,,,,,,,,,,,,,,,,,,,,,"01/12/2025","11/10/2025","United States, Canada","ES_1149087_DNC-240T-DG_11192025102610_1010101"
"4515845","Longhorn Intelligent Tech Co., Ltd","Longhorn","EV DC Charger","DNC-180T-DG",,,"AC-input","Three Phase","All-in-One Product Configuration","Combined Charging System (CCS)","Yes","Gigabit Ethernet,Wi-Fi,Cellular","16","1","66.1","1,000","No","No",,,,,,"High Resolution Display,PLC Board (ISO 15118),Radio Frequency Identification (RFID),Revenue Grade Meter","None","180,000","300","480","2","No","101.2","139.55","0.16","113.42","139.55","0.17","331.2","0.04","46,320","44,607","92,317","89,341","138,371","134,167","51,287","49,478","153,336","148,759","184,265","178,591","0.99","46,451","44,810","92,187","89,220","138,151","133,952","51,236","49,425","153,224","148,654","184,016","178,333","0.99","47,107","44,381","92,367","89,092","137,920","133,661","52,095","49,328","152,734","147,957","183,729","177,866","0.99","0.97",,,,,,,,,,,,,,,,,,,,,,,,,,,,,,,,,,,,,,,,,,,"01/12/2025","11/11/2025","United States, Canada","ES_1149087_DNC-180T-DG_11242025022810_1010101"
"4012708","Loop Global Inc.","Loop Global","Infinity Flash Dispenser","EVS-FLASH-300-D01","Infinity Flash Power Cabinet,EVS-FLASH-360-PC01",,"AC-input","Three Phase","Distributed Product Configuration","Tesla,Combined Charging System (CCS)","Yes","Gigabit Ethernet,Wi-Fi,Cellular","6","50mm",,,"Yes","Yes",,,,,,,"None","300",,,"2","No",,"172.33",,,"172.33",,,,,,,,,,,,,,,,,,,,,,,,,,,,,,,,,,,,,,,,,,,,,,,,,,,,,,,,,,,,,,,,,,,,,,,,,,,,,,,,,,,,,,"10/01/2024","04/02/2025","United States, Canada","ES_1144467_EVS-FLASH-300-D01_04042025121737_4338025"
"4012709","Loop Global Inc.","Loop Global","Infinity Flash Dispenser","EVS-FLASH-300-D02","Infinity Flash Power Cabinet,EVS-FLASH-360-PC01",,"AC-input","Three Phase","Distributed Product Configuration","Tesla,Combined Charging System (CCS)","Yes","Gigabit Ethernet,Wi-Fi,Cellular","6","50mm",,,"Yes","Yes",,,,,,,"None","300",,,"2","No",,"172.33",,,"172.33",,,,,,,,,,,,,,,,,,,,,,,,,,,,,,,,,,,,,,,,,,,,,,,,,,,,,,,,,,,,,,,,,,,,,,,,,,,,,,,,,,,,,,"10/01/2024","04/02/2025","United States, Canada","ES_1144467_EVS-FLASH-300-D02_04102025164709_8285824"
"4576892","Nanjing Meter Technology Co., LTD.","Meter Technology","MT_UFC_#/US-*","MT_UFC_#/US-*",,,"AC-input","Three Phase","All-in-One Product Configuration","Combined Charging System (CCS),Tesla","Yes","Cellular,Gigabit Ethernet,Wi-Fi","18","1/0","198.05","942.1","No","No",,,,,"No","Credit Card Reader,High Resolution Display,PLC Board (ISO 15118),Radio Frequency Identification (RFID),Speaker","None","240,000","307","480","2","No","75.29","171.73","0.14","75.76","171.73","0.17","581.89","0.11","64,573.12","60,079.9","126,546.7","118,510","185,901.6","177,275","53,937.41","50,012.2","157,619.9","149,171.6","248,741.1","237,974","1","64,300","59,800","128,159","119,137","186,481","177,245","53,716.1","49,649.3","158,593","149,024","250,070","238,219","1","64,212.78","59,622.55","126,666.7","118,434","186,638.3","177,817","54,207.85","49,840","157,854.1","149,207","249,321.9","238,358","1","0.95",,,,,,,,,,,,,,,,,,,,,,,,,,,,,,,,,,,,,,,,,,,"06/30/2026","03/18/2026","United States, Canada","ES_1152915_MT_UFC_#/US-*_03172026092119_7855035"
"2788152","Parassol IoT LLC dba Parasol Elite Power","Parasol Elite Power","UEVD-60-PEP","UEVD-60-PEP","UEVD-120-PEP; UEVD-150-PEP; UEVD-180-PEP; UEVD-240-PEP; UEVD-300-PEP; UEVD-350-PEP.",,"AC-input","Three Phase","All-in-One Product Configuration","CHAdeMO,Combined Charging System (CCS)","No","None","16","2/0","20.52","250","No","Yes","Open Charge Point Protocol (OCPP)","Wired Ethernet","SAE J1772,CHAdeMO 2.0","None","No","High Resolution Display,Radio Frequency Identification (RFID)","None","200,000","466","480","2","No","53.67","136.53","0.1","52.43","136.53","0.1","1,150.9","0.07","55,285.9","50,005.69","103,340.23","98,021.15","154,646.28","147,318.33",,,,,"208,715.45","197,664.7","0.99","53,278.37","49,543.68","103,371.6","98,120.64","154,813","147,344.2",,,,,"207,772.7","196,705.5","0.99","53,813.55","49,896.33","104,677.6","99,222.3","155,794.8","148,068",,,,,"209,499.6","197,836.1","0.99","0.95",,,,,,,,,,,,,,,,,,,,,,,,,,,,,,,,,,,,,,,,,,,"12/30/2023","11/21/2023","United States, Canada","ES_1149823_UEVD-60-PEP_11172023212904_6245691"
"2397702","PHIHONG TECHNOLOGY CO.,LTD.","PHIHONG","DSWU601J0UD","DSWU601J0UD","DSWU601U0JD",,"AC-input","Three Phase","All-in-One Product Configuration","CHAdeMO,Combined Charging System (CCS)","Yes","Gigabit Ethernet,Wi-Fi,Cellular","16","2","20.52","865","No","Yes","Open Charge Point Protocol (OCPP)","Wi-Fi,Wired Ethernet","SAE J1772","None","No",,"Vehicle to grid capability","60,000","120","480","2","No","58.71","94.17","0.02","87.93","94.17","0.02","143.61","0.03","16,120","14,890","32,680","31,590","46,850","44,840","51,850","49,910",,,"63,880","59,680","0.99","16,160","14,820","31,770","31,090","47,490","44,720","52,840","49,790",,,"62,960","59,290","0.99","16,230","14,740","32,120","31,600","47,160","44,960","52,470","49,950",,,"64,560","59,730","0.99","0.94",,,,,,,,,,,,,,,,,,,,,,,,,,,,,,,,,,,,,,,,,,,"06/25/2022","06/21/2022","United States, Canada","ES_1145794_DSWU601J0UD_06202022171425_794641"
"2399338","PHIHONG TECHNOLOGY CO.,LTD.","PHIHONG","DSWU122J0UD","DSWU122J0UD","DSWU122U0JD",,"AC-input","Three Phase","All-in-One Product Configuration","CHAdeMO,Combined Charging System (CCS)","Yes","Gigabit Ethernet,Wi-Fi,Cellular","16","2/0","20.52","865","No","Yes","Open Charge Point Protocol (OCPP)","Wi-Fi,Wired Ethernet","SAE J1772","None","No",,"Vehicle to grid capability","120,000","200","480","2","No","56.77","118.85","0.03","113.73","118.85","0.02","222","0.03","32,310","29,700","63,040","59,630","93,490","89,540","53,690","49,660",,,"124,670","119,310","1","32,370","29,703","63,140","59,512","94,230","89,453","53,950","49,681",,,"125,670","118,755","1","32,010","29,660","63,140","59,880","93,270","89,670","55,650","49,840",,,"125,780","119,240","1","0.95",,,,,,,,,,,,,,,,,,,,,,,,,,,,,,,,,,,,,,,,,,,"07/01/2022","07/29/2022","United States, Canada","ES_1145794_DSWU122J0UD_07262022183338_6249200"
"2399339","PHIHONG TECHNOLOGY CO.,LTD.","PHIHONG","DSWU182J0UD","DSWU182J0UD","DSWU182U0JD",,"AC-input","Three Phase","All-in-One Product Configuration","CHAdeMO,Combined Charging System (CCS)","Yes","Gigabit Ethernet,Wi-Fi,Cellular","16","2/0","20.52","865","No","Yes","Open Charge Point Protocol (OCPP)","Wi-Fi,Wired Ethernet","SAE J1772","None","No",,"Vehicle to grid capability","180,000","200","480","2","No","56.13","133.28","0.02","124.18","133.28","0.01","285.62","0.03","48,520","44,600","95,100","89,960","140,130","134,210","54,120","50,060","158,100","148,950","187,640","179,610","1","48,390","44,488","95,100","89,761","141,460","134,074","53,810","49,715","157,040","149,209","188,970","179,218","1","48,250","44,710","94,750","89,850","139,460","134,080","55,650","49,840","159,600","148,430","189,890","180,010","1","0.95",,,,,,,,,,,,,,,,,,,,,,,,,,,,,,,,,,,,,,,,,,,"06/30/2022","07/29/2022","United States, Canada","ES_1145794_DSWU182J0UD_07262022184810_9371911"
"2399340","PHIHONG TECHNOLOGY CO.,LTD.","PHIHONG","DWWU301J0UD","DWWU301J0UD","DWWU301U0JD",,"AC-input","Three Phase","All-in-One Product Configuration","CHAdeMO,Combined Charging System (CCS)","Yes","Gigabit Ethernet,Wi-Fi,Cellular","13","4","20.52","865","No","Yes","Open Charge Point Protocol (OCPP)","Wi-Fi,Wired Ethernet","SAE J1772","None","No",,"Vehicle to grid capability","30,000","60","480","2","No","37.24","69.49","0.01","50.85","69.49","0.01","79.55","0.02","8,260","7,420","15,760","14,950","24,020","22,280",,,,,"31,250","30,010","0.99","8,120","7,403","15,820","14,874","23,860","22,486",,,,,"31,060","29,866","0.99","8,130","7,410","15,820","14,870","23,860","21,640",,,,,"32,100","29,670","0.98","0.96",,,,,,,,,,,,,,,,,,,,,,,,,,,,,,,,,,,,,,,,,,,"07/15/2022","07/29/2022","United States, Canada","ES_1145794_DWWU301J0UD_07262022182122_888177"
"2399341","PHIHONG TECHNOLOGY CO.,LTD.","PHIHONG","DMWU301U00D","DMWU301U00D",,,"AC-input","Three Phase","All-in-One Product Configuration","Combined Charging System (CCS)","Yes","Gigabit Ethernet,Wi-Fi,Cellular","10","4","20.52","865","No","Yes","Open Charge Point Protocol (OCPP)","Wi-Fi,Wired Ethernet","SAE J1772","None","No",,"Vehicle to grid capability","30,000","60","480","1","No","38.26","69.49","0.02","51.74","69.49","0.01","80.16","0.03","8,150","7,430","15,430","15,080","23,680","22,500",,,,,"30,960","29,910","0.98","8,230","7,360","15,670","14,910","23,570","22,420",,,,,"30,900","29,390","0.98","8,070","7,380","15,630","14,880","23,420","22,340",,,,,"30,850","30,110","0.98","0.96",,,,,,,,,,,,,,,,,,,,,,,,,,,,,,,,,,,,,,,,,,,"07/15/2022","07/29/2022","United States, Canada","ES_1145794_DMWU301U00D_07262022185538_8730432"
"2399342","PHIHONG TECHNOLOGY CO.,LTD.","PHIHONG","DSWU901J0UD","DSWU901J0UD","DSWU901U0JD",,"AC-input","Three Phase","All-in-One Product Configuration","CHAdeMO,Combined Charging System (CCS)","Yes","Gigabit Ethernet,Wi-Fi,Cellular","16","2/0","20.52","865","No","Yes","Open Charge Point Protocol (OCPP)","Wi-Fi,Wired Ethernet","SAE J1772","None","No",,"Vehicle to grid capability","90,000","200","480","2","No","55.92","108.61","0.06","100.11","108.61","0.02","199.7","0.03","23,840","22,090","46,780","44,530","70,120","66,910","51,890","49,940",,,"92,900","89,370","0.99","24,200","22,153","47,310","44,608","70,710","66,695","52,550","49,613",,,"94,010","88,981","0.99","23,420","22,020","47,120","44,300","69,160","66,460","52,100","50,160",,,"93,120","89,560","0.99","0.95",,,,,,,,,,,,,,,,,,,,,,,,,,,,,,,,,,,,,,,,,,,"06/30/2022","07/29/2022","United States, Canada","ES_1145794_DSWU901J0UD_07262022183643_2873498"
"2399820","PHIHONG TECHNOLOGY CO.,LTD.","PHIHONG","DSWU152J0UD","DSWU152J0UD","DSWU152U0JD",,"AC-input","Three Phase","All-in-One Product Configuration","CHAdeMO,Combined Charging System (CCS)","Yes","Gigabit Ethernet,Wi-Fi,Cellular","16","2/0","20.52","865","No","Yes","Open Charge Point Protocol (OCPP)","Wi-Fi,Wired Ethernet","SAE J1772","None","No",,"Vehicle to grid capability","150,000","200","480","2","No","56.39","126.79","0.02","118.65","126.79","0.01","245.82","0.03","39,850","37,350","79,120","74,590","123,180","111,520","53,120","49,360","155,850","149,220","155,850","149,220","1","40,590","37,328","79,120","74,569","122,450","111,214","53,240","49,558","156,300","148,380","156,300","148,380","1","40,120","38,060","78,470","74,130","125,410","111,910","53,860","49,800","156,460","149,460","156,460","149,460","1","0.94",,,,,,,,,,,,,,,,,,,,,,,,,,,,,,,,,,,,,,,,,,,"07/02/2022","08/01/2022","United States, Canada","ES_1145794_DSWU152J0UD_07262022184242_6406823"
"2403105","PHIHONG TECHNOLOGY CO.,LTD.","PHIHONG","DSWU182U0UD","DSWU182U0UD",,,"AC-input","Three Phase","All-in-One Product Configuration","Combined Charging System (CCS)","Yes","Gigabit Ethernet,Wi-Fi,Cellular","16","2/0","20.52","865","No","Yes","Open Charge Point Protocol (OCPP)","Wi-Fi,Wired Ethernet","SAE J1772","None","No",,"Vehicle to grid capability","180,000","200","480","2","No","60.99","133.28","0.04","110.66","133.28","0.01","308.45","0.05","48,689","42,580","94,832","85,440","142,072","127,052","53,897","44,682","157,358","142,783","189,223","175,769","1","48,700","42,604","94,942","86,605","141,998","127,914","53,922","45,978","157,422","145,107","189,054","170,808","1","48,708","42,563","94,957","85,940","142,065","128,624","53,897","44,304","157,402","145,199","189,083","172,592","1","0.91",,,,,,,,,,,,,,,,,,,,,,,,,,,,,,,,,,,,,,,,,,,"10/12/2022","10/14/2022","United States, Canada","ES_1145794_DSWU182U0UD_10122022101443_3079950"
"2404365","PHIHONG TECHNOLOGY CO.,LTD.","PHIHONG","DSWU901U0UD","DSWU901U0UD",,,"AC-input","Three Phase","All-in-One Product Configuration","Combined Charging System (CCS)","Yes","Gigabit Ethernet,Wi-Fi,Cellular","16","2","20.52","865","No","Yes","Open Charge Point Protocol (OCPP)","Wi-Fi,Wired Ethernet","SAE J1772","None","No",,"Vehicle to grid capability","90,000","200","480","2","No","59.62","109.22","0.06","99.53","109.22","0.02","204.16","0.31","24,246","20,835","48,762","44,853","71,817","67,092","53,793","49,667",,,"94,926","89,539","0.99","24,556","20,841","48,644","44,738","71,817","67,093","53,857","49,737",,,"95,122","89,719","0.99","24,296","20,863","48,704","44,795","71,850","67,133","53,888","49,774",,,"95,165","89,763","0.99","0.94",,,,,,,,,,,,,,,,,,,,,,,,,,,,,,,,,,,,,,,,,,,"11/07/2022","11/11/2022","United States, Canada","ES_1145794_DSWU901U0UD_11072022094408_7890588"
"2404366","PHIHONG TECHNOLOGY CO.,LTD.","PHIHONG","DSWU122U0UD","DSWU122U0UD",,,"AC-input","Three Phase","All-in-One Product Configuration","Combined Charging System (CCS)","Yes","Gigabit Ethernet,Wi-Fi,Cellular","16","2","20.52","865","No","Yes","Open Charge Point Protocol (OCPP)","Wi-Fi,Wired Ethernet","SAE J1772","None","No",,"Vehicle to grid capability","120,000","200","480","2","No","61.23","119.46","0.02","115.62","119.46","0.02","237.08","0.03","33,225","29,761","64,166","59,684","95,077","89,699","53,907","49,786",,,"126,255","119,315","1","33,238","29,763","64,164","59,708","95,095","89,716","53,829","49,798",,,"126,332","119,384","1","33,211","29,764","64,188","59,740","95,126","89,721","53,887","49,799",,,"126,219","119,231","1","0.94",,,,,,,,,,,,,,,,,,,,,,,,,,,,,,,,,,,,,,,,,,,"11/07/2022","11/11/2022","United States, Canada","ES_1145794_DSWU122U0UD_11072022095452_3760797"
"2404367","PHIHONG TECHNOLOGY CO.,LTD.","PHIHONG","DSWU152U0UD","DSWU152U0UD",,,"AC-input","Three Phase","All-in-One Product Configuration","Combined Charging System (CCS)","Yes","Gigabit Ethernet,Wi-Fi,Cellular","16","2","20.52","865","No","Yes","Open Charge Point Protocol (OCPP)","Wi-Fi,Wired Ethernet","SAE J1772","None","No",,"Vehicle to grid capability","150,000","200","480","2","No","59.62","127.4","0.02","120.45","127.4","0.02","231.27","0.03","40,851","37,385","79,422","74,520","118,705","112,026","53,893","49,789",,,"153,900","149,430","1","40,911","37,250","79,490","74,556","118,732","112,067","53,958","39,887",,,"154,750","149,310","1","40,947","37,280","79,478","74,539","118,770","112,083","53,943","49,851",,,"155,027","149,921","1","0.96",,,,,,,,,,,,,,,,,,,,,,,,,,,,,,,,,,,,,,,,,,,"11/07/2022","11/11/2022","United States, Canada","ES_1145794_DSWU152U0UD_11072022105848_3187524"
"4479431","PNE Systems Co. Ltd","PNE SYSTEMS","MX180QD-2JT12IN","MX180QD-2JT12IN","MX180QD-1DT12IN,MX180QD-1DT12IN; MX180QD-1HT12IN,MX180QD-1HT12IN; MX180QD-2DT12IN,MX180QD-2DT12IN",,"AC-input","Three Phase","All-in-One Product Configuration","Combined Charging System (CCS)","Yes","Other LAN (Local Area Network)","20","0AWG",,,"No","No",,,,,,,"None","180","250","480","2","No","69.16","140.63","0.2","59.13","140.63","0.2","340.66","0.07",,,,,,,,,,,,,,,,,,,,,,,,,,,,,,,,,,,,,,,,,,,,"59.13",,,,,,,,,,,,,,,,,,,,,,,,,,,,,,,,,,,,,,,"06/02/2025","07/21/2025","United States, Canada","ES_1152138_MX180QD-2JT12IN_07212025155003_4886243"
"4520246","PNE Systems Co. Ltd","PNE SYSTEMS","VE180U","VE180U","VE180U-C2,VE180U-C2; VE180U-C,VE180U-C; VE180U-N2,VE180U-N2; VE180U-N,VE180U-N",,"AC-input","Three Phase","All-in-One Product Configuration","Other,Combined Charging System (CCS),NACS","Yes","Other LAN (Local Area Network)","20","0AWG",,,"No","No",,,,,,,"None","180","230","480","2","No","60.65","146.36","0.21","60.51","146.36","0.2","285.59","0.06",,,,,,,,,,,,,,,,,,,,,,,,,,,,,,,,,,,,,,,,,,,,"60.51",,,,,,,,,,,,,,,,,,,,,,,,,,,,,,,,,,,,,,,"06/02/2025","12/30/2025","United States, Canada","ES_1152138_VE180U_01062026154440_7768368"
"3555311","Powercore Technology Co., Ltd.","CHARGECORE","LDC001C1175NACS175-LC","LDC001C1175NACS175-LC","LDC001C1120C1120-LC; LDC001C1120C1120-NC; LDC001C1120NACS120-LC; LDC001C1120NACS120-NC; LDC001C1150C1120-LC; LDC001C1150C1120-NC; LDC001C1150C1150-LC; LDC001C1150C1150-NC; LDC001C1150NACS120-LC; LDC001C1150NACS120-NC; LDC001C1150NACS150-LC; LDC001C1150NACS150-NC; LDC001C1175C1175-LC; LDC001C1175C1175-NC; LDC001C1175NACS175-NC; LDC001C1180C1150-LC; LDC001C1180C1150-NC; LDC001C1180NACS150-LC; LDC001C1180NACS150-NC; LDC001NACS120NACS120-LC; LDC001NACS120NACS120-NC; LDC001NACS150NACS120-LC; LDC001NACS150NACS120-NC; LDC001NACS150NACS150-LC; LDC001NACS150NACS150-NC; LDC001NACS175NACS175-LC; LDC001NACS175NACS175-NC; LDC001NACS180NACS150-LC; LDC001NACS180NACS150-NC",,"AC-input","Three Phase","All-in-One Product Configuration","Tesla,Combined Charging System (CCS)","Yes","Gigabit Ethernet,Wi-Fi,Cellular","25","1/0","198.08","1,036","No","Yes",,"Wi-Fi","SAE J1772","None","No","Credit Card Reader,Radio Frequency Identification (RFID)","Other","350,000","500","480","2","No","141.62","187.09","0.28","141.9","187.09","0.03","876.22","0.07","91,896.32","86,405.84","182,571.97","173,328.69","274,562.88","258,609.4","53,483.13","49,787.83","156,696.41","148,691.38","363,712.67","346,663.09","1","92,894.95","87,422.35","184,968.94","174,798.39","273,703.79","257,736.98","53,712.99","49,776.96","158,309.03","150,130.46","364,551.09","347,084.3","1","92,743.89","87,125.26","181,350.83","172,039.83","274,186.36","257,470.29","54,100.68","49,989.44","156,902.39","148,701.97","364,925.57","346,876.02","1","0.95",,,,,,,,,,,,,,,,,,,,,,,,,,,,,,,,,,,,,,,,,,,"07/22/2024","07/26/2024","United States, Canada","ES_1149051_LDC001C1175NACS175-LC_07222024190135_7300531"
"3721936","Powercore Technology Co., Ltd.","CHARGECORE","ADC002C190NACS90-300","ADC002C190NACS90-300","ADC002C130C130-200; ADC002C130NACS30-200; ADC002C160C130-200; ADC002C160C130-250; ADC002C160C130-300; ADC002C160C160-200; ADC002C160C160-250; ADC002C160C160-300; ADC002C160NACS30-200; ADC002C160NACS30-250; ADC002C160NACS30-300; ADC002C160NACS60-200; ADC002C160NACS60-250; ADC002C160NACS60-300; ADC002C190C160-200; ADC002C190C160-250; ADC002C190C160-300; ADC002C190C190-200; ADC002C190C190-250; ADC002C190C190-300; ADC002C190NACS60-200; ADC002C190NACS60-250; ADC002C190NACS60-300; ADC002C190NACS90-200; ADC002C190NACS90-250; ADC002NACS30NACS30-200; ADC002NACS60NACS30-200; ADC002NACS60NACS30-250; ADC002NACS60NACS30-300; ADC002NACS60NACS60-200; ADC002NACS60NACS60-250; ADC002NACS60NACS60-300; ADC002NACS90NACS60-200; ADC002NACS90NACS60-250; ADC002NACS90NACS60-300; ADC002NACS90NACS90-200; ADC002NACS90NACS90-250; ADC002NACS90NACS90-300",,"AC-input","Three Phase","All-in-One Product Configuration","Tesla,Combined Charging System (CCS)","Yes","Gigabit Ethernet,Wi-Fi,Cellular","25","1/0","198.08","1,036","No","Yes",,,,,"No","Credit Card Reader,Radio Frequency Identification (RFID),Speaker","None","180,000","228","480","2","No","68.08","163.41","0.09","130.28","163.41","0.08","965.71","0.14","48,002.36","44,977.57","94,520.47","89,581.69","141,190.22","134,169.56","53,230.1","49,932.22","159,911.85","149,625.95","186,272.71","177,056.27","1","47,974.91","45,029.02","94,542.27","89,679.74","141,019.92","134,227.85","53,047.24","49,965.35","158,945.87","148,871.13","188,353.29","178,084.56","1","48,110.85","44,964.2","94,507.97","89,589.2","140,822.83","133,879.97","52,287.06","49,917.12","158,993.37","148,626.58","188,106.82","177,594.52","1","0.95",,,,,,,,,,,,,,,,,,,,,,,,,,,,,,,,,,,,,,,,,,,"10/25/2024","10/28/2024","United States, Canada","ES_1149051_ADC002C190NACS90-300_10252024134006_1521722"
"3998609","Powercore Technology Co., Ltd.","CHARGECORE","Kern-C140","NACS40","Kern-C130; Kern-C130,C130; Kern-C130,NACS30; Kern-C140; Kern-C140,C140; Kern-NACS30; Kern-NACS30,NACS30; Kern-NACS40; Kern-NACS40,NACS40",,"AC-input","Three Phase","All-in-One Product Configuration","Tesla,Combined Charging System (CCS)","Yes","Gigabit Ethernet,Wi-Fi,Cellular","18","4","43.25","644.8","No","Yes",,,,,"No","Credit Card Reader,Radio Frequency Identification (RFID),Speaker","None","40,000","51","480","2","No","35.72","83.57","0.04","75.72","83.57","0.04","223.21","0.15","10,467.46","10,011.44","20,740.87","20,020.58","31,211.06","30,014.74",,,,,"41,301.9","39,597.73","1","10,484.59","10,017.25","20,741.13","20,021.94","31,207.44","30,012.57",,,,,"41,282.08","39,590.2","1","10,470.93","10,013.94","20,744.44","20,023.68","31,214.54","30,017.43",,,,,"41,304.71","39,599.75","1","0.96",,,,,,,,,,,,,,,,,,,,,,,,,,,,,,,,,,,,,,,,,,,"06/30/2025","02/24/2025","United States, Canada","ES_1149051_NACS40_02202025151457_1744043"
"2631703","POWER ELECTRONICS ESPAÑA S.L.","POWER ELECTRONICS ESPANA SL","NB Stand-Alone serie","NB240SU","NB060SU; NB090SU; NB120SU; NB150SU; NB180SU; NB210SU; NB240SU",,"AC-input","Three Phase","All-in-One Product Configuration","CHAdeMO,Combined Charging System (CCS)","Yes","Other LAN (Local Area Network),Cellular","25","240",,,"No","Yes","Open Charge Point Protocol (OCPP)","Wi-Fi,Wired Ethernet","SAE J1772,IEC 61851-1,CHAdeMO 2.0,ISO 15118-2 or later","Integrity and authentification","No","None","None","240,000","309","480","2","No","76.2","76.2","0.01","76.41","145.25","0.01","440","0.03","64,496.38","59,255.34","127,058.76","120,119.81","187,381.92","177,918.11","55,734.91","49,691.88","157,256.26","149,256.98","254,496.48","241,082.68","0.99","64,978.32","59,756.85","127,681.44","120,620.78","187,915.67","178,160.17","55,382.44","50,302.75","160,805.87","152,454.67","255,442.15","241,352.43","0.99","65,320.12","60,099.76","127,492.65","120,389.72","190,903.21","180,792.21","55,850.32","50,832.32","158,174.21","149,858.37","255,620.31","241,222.76","0.99","0.95",,,,,,,,,,,,,,,,,,,,,,,,,,,,,,,,,,,,,,,,,,,"04/01/2023","06/05/2023","United States, Canada","ES_1149053_NB240SU_06142023142817_9945112"
"2740417","Qingdao Xingbang","sunpoint","UEVD-F60-C-ab","UEVD-F60-C-ab","UEVD-F120-CC-ab; UEVD-F120-CM-ab; UEVD-F150-CC-ab; UEVD-F150-CM-ab; UEVD-F180-CC-ab; UEVD-F180-CM-ab; UEVD-F240-CC-ab; UEVD-F240-CM-ab; UEVD-F300-CC-ab; UEVD-F300-CM-ab; UEVD-F350-CC-ab; UEVD-F350-CM-ab.",,"AC-input","Three Phase","All-in-One Product Configuration","CHAdeMO,Combined Charging System (CCS)","No","None","16","2/0","20.52","250","No","Yes","Open Charge Point Protocol (OCPP)","Wired Ethernet","SAE J1772,CHAdeMO 2.0","None","No","High Resolution Display,Radio Frequency Identification (RFID)","None","200,000","466","480","2","No","53.67","136.53","0.1","52.43","136.53","0.1","1,150.9","0.07","55,285.9","50,005.69","103,340.23","98,021.15","154,646.28","147,318.33",,,,,"208,715.45","197,664.7","0.99","53,278.37","49,543.68","103,371.6","98,120.64","154,813","147,344.2",,,,,"207,772.7","196,705.5","0.99","53,813.55","49,896.33","104,677.6","99,222.3","155,794.8","148,068",,,,,"209,499.6","197,836.1","0.99","0.95",,,,,,,,,,,,,,,,,,,,,,,,,,,,,,,,,,,,,,,,,,,"12/15/2023","11/21/2023","United States, Canada","ES_1107853_UEVD-F60-CC-ab_11152023192427_3919183"
"4514464","Renova Electronics Inc","RENOVA","R-EVC/D120B****","R-EVC/D120B****","R-EVC/D120****; R-EVC/D180****; R-EVC/D240****; R-EVC/D300****",,"AC-input","Three Phase","All-in-One Product Configuration","Tesla,Combined Charging System (CCS)","Yes","Gigabit Ethernet,Wi-Fi,Cellular","22","4","103.27","494","No","Yes","Open Charge Point Protocol (OCPP)",,"SAE J1772,Other,ISO 15118-2 or later",,"No","High Resolution Display,Radio Frequency Identification (RFID),Revenue Grade Meter,Speaker","None","300,000","300","480","2","No","121","160.68","0.01","124","160.68","0.01","195","0.02","77,200","73,600","154,000","146,900","231,700","219,800","51,900","48,600","154,000","146,900","308,800","294,500","0.99","77,190","73,800","154,000","148,900","231,200","219,800","51,880","48,500","154,000","148,900","308,600","294,400","0.99","77,500","73,400","155,000","146,900","232,600","220,300","52,200","48,800","155,000","146,900","309,600","292,300","0.99","0.95",,,,,,,,,,,,,,,,,,,,,,,,,,,,,,,,,,,,,,,,,,,"11/30/2025","11/08/2025","United States, Canada","ES_1152504_R-EVC/D120B****_11072025103426_7759363"
"4515121","Renova Electronics Inc","RENOVA","R-EVC/D040/**##/**","R-EVC/D040/**##/**",,,"AC-input","Three Phase","All-in-One Product Configuration","Tesla,Combined Charging System (CCS)","Yes","Gigabit Ethernet,Wi-Fi,Other LAN (Local Area Network),Cellular","16","2/0","20.52","940.1","No","No",,,,,,"Radio Frequency Identification (RFID)","None","40,000","125","480","2","No","17.42","79.8","0.05","17.56","79.8","0.06","145.84","0.07","10,592.73","9,968.32","20,933.51","19,929.22","31,437.01","29,857.08",,,,,"42,002.44","39,660.57","1","10,593.84","9,961.49","20,958.35","19,937.92","31,516.5","29,882.04",,,,,"41,950.76","39,469.04","1","10,640.21","9,974.05","21,029.83","19,957.88","31,592.01","29,907.83",,,,,"42,030.47","39,608.93","1","0.94",,,,,,,,,,,,,,,,,,,,,,,,,,,,,,,,,,,,,,,,,,,"10/30/2025","11/12/2025","United States, Canada","ES_1152504_R-EVC/D040/**##/**_11142025160313_900995"
"4515122","Renova Electronics Inc","RENOVA","R-EVC/D060/**##/**","R-EVC/D060/**##/**",,,"AC-input","Three Phase","All-in-One Product Configuration","Tesla,Combined Charging System (CCS)","Yes","Gigabit Ethernet,Wi-Fi,Other LAN (Local Area Network),Cellular","16","2/0","20.52","940.1","No","No",,,,,,"Radio Frequency Identification (RFID)","None","60,000","200","480","2","No","48.43","94.23","0.02","47.66","94.23","0.02","185.87","0.07","15,932.99","14,973.61","31,393.36","29,943.49","47,005.73","44,829.75","52,287.89","49,803.81",,,"62,592.54","59,407.7","1","15,905.92","14,933.2","31,334.51","29,876.86","46,952.3","44,738.37","52,255.2","49,711.46",,,"62,944.85","59,628.64","1","16,020.51","14,958.67","31,446.01","29,923.51","47,052.2","44,806.73","52,349.2","49,779.73",,,"62,781.64","59,455.14","1","0.95",,,,,,,,,,,,,,,,,,,,,,,,,,,,,,,,,,,,,,,,,,,"10/30/2025","11/12/2025","United States, Canada","ES_1152504_R-EVC/D060/**##/**_11142025155957_2402459"
"3705364","Rivian Automotive, LLC","Rivian","PT01359256","PT01359256","PT00546704; PT00613974",,"AC-input","Three Phase","Distributed Product Configuration","Combined Charging System (CCS)","No","None","13","4","45.6","495.14","No","No",,,"SAE J1772",,,"High Resolution Display,PLC Board (ISO 15118),Credit Card Reader,Revenue Grade Meter","None","300,000","750","480","1","No","148.43","151.4","0.03","149.19","151.4","0.03","763.84","0.13","79,504.44","76,070.92","155,381.1","149,168.9","236,298.92","227,319.62","51,751.18","49,097.4","155,381.1","149,168.9","311,498.86","299,813.16","1","78,519.95","74,886.4","153,978.55","147,524.42","231,816.56","222,423.17","52,210.64","49,387.73","153,978.55","147,524.67","309,560.7","297,365.35","1","79,699.86","75,750.34","155,252.48","148,344.78","230,756.68","221,196.05","52,757.45","49,634.77","155,252.48","148,344.78","310,797.01","298,533.96","1","0.96",,,,,,,,,,,,,,,,,,,,,,,,,,,,,,,,,,,,,,,,,,,"10/09/2024","10/14/2024","United States, Canada","ES_1147279_PT01359256_10092024131842_7343255"
"4046726","Shenzhen EVI New Energy Technology Co., Ltd.","EVI","EVDC1-30K-C-US-##","EVDC1-30K-C-US-##",,,"AC-input","Three Phase","All-in-One Product Configuration","Tesla,Combined Charging System (CCS)","Yes","Gigabit Ethernet,Wi-Fi,Cellular","16","2","45.6","750.5","No","No",,,,,,"High Resolution Display,Credit Card Reader,Radio Frequency Identification (RFID)","None","30,000","100","480","1","No","14.85","72.54","0.07","11.91","72.54","0.06","84.33","0.04","8,005.15","7,559.59","15,973.83","15,005.66","24,171.83","22,404.51",,,,,"31,559.58","29,642.73","1","7,989.49","7,543.95","15,971.12","15,005.67","24,141.88","22,373.76",,,,,"31,564.28","29,643.85","1","7,988.89","7,543.69","15,973.87","15,005.53","24,185.17","22,413.15",,,,,"31,375.31","29,461.44","1","0.94",,,,,,,,,,,,,,,,,,,,,,,,,,,,,,,,,,,,,,,,,,,"01/10/2025","05/20/2025","United States, Canada","ES_1151878_EVDC1-30K-C-US-##_04212025110200_9531061"
"3892133","SHENZHEN HB ELECTRONIC CO LTD","HBE","HBE-DC240KW02ST-U-*###***#**","HBE-DC240KW02ST-U-*###***#**","HBE-DC120KW02ST-U-*###***#**; HBE-DC150KW02ST-U-*###***#**; HBE-DC180KW02ST-U-*###***#**; HBE-DC90KW02ST-U-*###***#**",,"AC-input","Three Phase","All-in-One Product Configuration","Combined Charging System (CCS)","Yes","Gigabit Ethernet,Wi-Fi,Other LAN (Local Area Network),Cellular","16","2/0","1,275.67","429.5","No","Yes",,,,"None",,"High Resolution Display,Credit Card Reader,Radio Frequency Identification (RFID),Speaker","None","200,000","200","480","2","No","220.46","261.37","0.02","220.69","261.37","0.02","667.42","0.06","53,173.71","49,783.25","104,497.81","99,382.6","156,335.91","149,025.03",,,,,"208,418.2","198,915.57","1","53,026.27","49,998.34","104,600.55","99,436.14","156,459.78","149,125.88",,,,,"209,007.85","199,362.38","1","53,027.51","49,976.99","104,717.73","99,482.89","157,029.73","149,589.5",,,,,"209,291.23","199,474.88","1","0.95",,,,,,,,,,,,,,,,,,,,,,,,,,,,,,,,,,,,,,,,,,,"10/30/2025","12/31/2024","United States, Canada","ES_1148102_HBE-DC240KW02ST-U-*******_12172024141001_8396417"
"3943127","SHENZHEN HB ELECTRONIC CO LTD","HBE","HBE-DC30KW01HW-U-*#*****","HBE-DC30KW01HW-U-*#*****",,,"AC-input","Three Phase","All-in-One Product Configuration","Combined Charging System (CCS)","Yes","Gigabit Ethernet,Wi-Fi,Other LAN (Local Area Network),Cellular","16","5","20.53","309.4","No","Yes",,,,"None",,"High Resolution Display,Credit Card Reader,Radio Frequency Identification (RFID)","None","30,000","40","480","1","No","27.03","70.31","0.02","30.28","70.31","0.02","61.31","0.04","7,921.1","7,439.88","15,553.85","14,849.68","23,352.85","22,347.31",,,,,"31,223.6","29,790.22","1","7,956.63","7,473.13","15,620.02","14,908.67","23,412.34","22,380.09",,,,,"31,192.37","29,738.82","1","7,953.25","7,463.99","15,620.38","14,899.92","23,415.05","22,371.1",,,,,"31,272.45","29,757.38","1","0.95",,,,,,,,,,,,,,,,,,,,,,,,,,,,,,,,,,,,,,,,,,,"07/01/2025","01/21/2025","United States, Canada","ES_1148102_HBE-DC30KW01HW-U-*#*****_01172025145751_6692926"
"3943128","SHENZHEN HB ELECTRONIC CO LTD","HBE","HBE-DC60KW02ST-U-*#*****","HBE-DC60KW02ST-U-*#*****",,,"AC-input","Three Phase","All-in-One Product Configuration","Combined Charging System (CCS)","Yes","Gigabit Ethernet,Wi-Fi,Other LAN (Local Area Network),Cellular","16","2/0","20.53","309.4","No","Yes",,,,"None",,"High Resolution Display,Credit Card Reader,Radio Frequency Identification (RFID)","None","60,000","80","480","2","No","41.39","94.98","0.01","46.15","94.98","0.02","165","0.06","16,045.44","14,915.27","31,507.35","29,770.99","46,921.41","44,670.31","52,057.79","49,559.76",,,"62,304.46","59,313.39","1","16,091.35","14,958.6","31,423.15","29,915.11","47,021.1","44,884.41","52,208.31","49,850.19",,,"62,239.5","59,390.81","1","16,002.83","14,935.66","31,768.28","29,882.19","47,184.73","44,790.75","52,334.66","49,719.42",,,"62,403.75","59,239.78","1","0.95",,,,,,,,,,,,,,,,,,,,,,,,,,,,,,,,,,,,,,,,,,,"07/01/2025","01/21/2025","United States, Canada","ES_1148102_HBE-DC60KW02ST-U-*#*****_01172025150624_7101556"
"4586834","SHENZHEN HB ELECTRONIC CO LTD","HBE ENERGY","HBE-DC#KW02ST-U-*##******","HBE-DC#KW02ST-U-*##******","HBE-DC480KW02ST-U-*##*******",,"AC-input","Three Phase","All-in-One Product Configuration","Combined Charging System (CCS)","Yes","Cellular,Gigabit Ethernet,Wi-Fi","25","2","1,275.67","429.5","No","No",,,,,"Yes","Credit Card Reader,High Resolution Display,PLC Board (ISO 15118),Radio Frequency Identification (RFID)","None","350,000","600","480","2","No","144","277.43","0.01","130.3","277.43","0.02","365.1","0.02","95,463.96","87,040.43","186,010.42","173,551.39","275,575.42","258,697.64","57,577.4","49,929.6","159,864","149,260","368,693","345,755","0.99","94,799.83","86,850.45","183,582.78","173,551.39","275,793.19","258,406.65","57,567.6","49,785.3","159,663","148,569","370,000","346,000","0.99","95,289.25","87,178.88","185,585.56","173,223.75","275,370.28","258,337.91","57,660.5","49,945.6","159,663","148,569","368,533.47","345,585.13","0.99","0.94",,,,,,,,,,,,,,,,,,,,,,,,,,,,,,,,,,,,,,,,,,,"07/30/2026","04/15/2026","United States, Canada","ES_1148102_HBE-DC#KW02ST-U-*##******_04152026094026_8990136"
"4439373","Shenzhen Hongjiali New Energy Co. Ltd","HJL New Energy","240KW DC Charger","ANSI-DCL240B",,,"AC-input","Three Phase","All-in-One Product Configuration","Combined Charging System (CCS)","Yes","Gigabit Ethernet,Cellular","15","4","66.1","450","No","No",,,,,,"High Resolution Display,PLC Board (ISO 15118),Radio Frequency Identification (RFID),Revenue Grade Meter","None","240,000","300","480","2","No","103.5","148.34","0.16","115.36","148.34","0.17","332.5","0.04","62,154","59,998","124,154","120,007","597.4","179,987","51,938","49,986","154,641","149,891","248,421","239,796","0.99","62,308","59,976","124,327","119,879","186,622","179,899","51,898","49,997","154,695","150,011","248,478","239,867","0.99","62,293","59,990","124,187","119,746","186,496","179,865","51,947","50,006","154,359","149,877","248,397","239,797","0.99","5.02",,,,,,,,,,,,,,,,,,,,,,,,,,,,,,,,,,,,,,,,,,,"06/25/2025","06/23/2025","United States, Canada","ES_1152270_ANSI-DCL240B_06252025014910_1010101"
"4515846","Shenzhen Hongjiali New Energy Co. Ltd","HJL New Energy","180KW DC Charger","ANSI-DCL180B",,,"AC-input","Three Phase","All-in-One Product Configuration","Combined Charging System (CCS)","Yes","Gigabit Ethernet,Wi-Fi,Cellular","16","1","66.1","1,000","No","No",,,,,,"High Resolution Display,PLC Board (ISO 15118),Radio Frequency Identification (RFID),Revenue Grade Meter","None","180,000","300","480","2","No","101.2","139.55","0.16","113.42","139.55","0.17","331.2","0.04","46,320","44,607","92,317","89,341","138,371","134,167","51,287","49,478","153,336","148,759","184,265","178,591","0.99","46,451","44,810","92,187","89,220","138,151","133,952","51,236","49,425","153,224","148,654","184,016","178,333","0.99","47,107","44,381","92,367","89,092","137,920","133,661","52,095","49,328","152,734","147,957","183,729","177,866","0.99","0.97",,,,,,,,,,,,,,,,,,,,,,,,,,,,,,,,,,,,,,,,,,,"11/15/2025","11/10/2025","United States, Canada","ES_1152270_ANSI-DCL180B_11242025024810_1010101"
"2649985","Shenzhen Infypower Co.,Ltd","INFYPOWER","EXP30K2-FDW-UU2","EXP30K2-FDW-UU2",,,"AC-input","Three Phase","All-in-One Product Configuration","Combined Charging System (CCS)","Yes","Gigabit Ethernet,Cellular","17","1","20.52","755.51","No","Yes","Open Charge Point Protocol (OCPP)","Wi-Fi,Wired Ethernet","SAE J1772,IEC 61851-1,ISO 15118-2 or later","NIST Cybersecurity Framework","No","PLC Board (ISO 15118),Credit Card Reader,Radio Frequency Identification (RFID),Revenue Grade Meter,Speaker","Vehicle to grid capability","30,000","100","480","2","No","39.3","69.41","0.01","39.5","69.41","0.01","117","0.04","7,892","7,420","15,439","14,825","23,182","22,359",,,,,"30,957","29,830","0.99","8,000","7,555","15,682","15,111","23,537","22,719",,,,,"31,389","30,317","0.99","7,997","7,546","15,651","15,063","23,455","22,628",,,,,"31,415","30,280","0.99","0.97",,,,,,,,,,,,,,,,,,,,,,,,,,,,,,,,,,,,,,,,,,,"08/17/2023","09/04/2023","United States, Canada","ES_1149422_EXP30K2-FDW-UU2_08172023091917_6919519"
"2649987","Shenzhen Infypower Co.,Ltd","INFYPOWER","EXP60K3-FDW-UU2","EXP60K3-FDW-UU2",,,"AC-input","Three Phase","All-in-One Product Configuration","Combined Charging System (CCS)","Yes","Gigabit Ethernet,Cellular","17","2/0","20.52","755.51","No","Yes","Open Charge Point Protocol (OCPP)","Wi-Fi,Wired Ethernet","SAE J1772,IEC 61851-1,ISO 15118-2 or later","NIST Cybersecurity Framework","No","PLC Board (ISO 15118),Credit Card Reader,Radio Frequency Identification (RFID),Revenue Grade Meter,Speaker","Vehicle to grid capability","60,000","200","480","2","No","53.2","94.08","0.01","56.7","94.08","0.01","243.6","0.03","15,668","14,850","31,720","29,820","47,063","44,714","52,340","49,768",,,"62,810","59,670","0.99","15,657","14,853","31,707","29,731","47,083","44,723","52,349","49,767",,,"62,853","59,833","0.99","15,671","14,854","31,786","29,719","47,088","44,960","52,362","50,190",,,"62,873","59,540","0.99","0.95",,,,,,,,,,,,,,,,,,,,,,,,,,,,,,,,,,,,,,,,,,,"08/17/2023","09/04/2023","United States, Canada","ES_1149422_EXP60K3-FDW-UU2_08172023093022_4209558"
"2649988","Shenzhen Infypower Co.,Ltd","INFYPOWER","EXP180K2-FD-UU2","EXP180K2-FD-UU2",,,"AC-input","Three Phase","All-in-One Product Configuration","Combined Charging System (CCS)","Yes","Gigabit Ethernet,Cellular","17","2/0","20.52","728.51","No","Yes","Open Charge Point Protocol (OCPP)","Wi-Fi,Wired Ethernet","SAE J1772,IEC 61851-1,ISO 15118-2 or later","NIST Cybersecurity Framework","No","PLC Board (ISO 15118),Credit Card Reader,Radio Frequency Identification (RFID),Revenue Grade Meter,Speaker","Vehicle to grid capability","180,000","200","480","2","No","54.78","133.17","0.01","58","133.17","0.01","257.26","0.03","48,355","45,030","94,497","89,896","141,426","135,202","53,249","49,999","158,100","149,830","187,743","179,388","1","48,360","45,054","94,522","89,912","141,445","135,025","53,292","50,005","159,600","148,430","188,197","179,590","1","48,359","44,968","94,566","89,934","141,441","135,148","53,268","50,012","157,040","149,209","188,457","179,733","1","0.95",,,,,,,,,,,,,,,,,,,,,,,,,,,,,,,,,,,,,,,,,,,"08/17/2023","09/04/2023","United States, Canada","ES_1149422_EXP180K2-FD-UU2_08172023094046_2983362"
"4612714","Shenzhen Infypower Co.,Ltd","INFY POWER","Split Charging System","EXP330K3-FMR5-2, EXP500-LLDC-UU2, EXP400-FSW-U2",,,"AC-input","Three Phase","Distributed Product Configuration","Combined Charging System (CCS),Other,NACS, CAJ","Yes","Cellular,Gigabit Ethernet,Wi-Fi","394","0","20.51","106.58","Yes","No",,,,,,"Credit Card Reader,High Resolution Display,PLC Board (ISO 15118),Radio Frequency Identification (RFID),Revenue Grade Meter","None","330,000",,,"2","No","79.38","154.24","0.16","80.04","154.24","0.15","521","0.02","87,728","82,887","175,183","165,338","261,168","248,161","52,852","50,018","159,031","150,331","346,852","330,508","0.99","87,730","82,900","175,150","165,340","261,170","248,170","52,850","50,020","159,030","150,340","346,850","330,540","0.99","87,742","82,881","175,160","165,286","261,176","248,164","52,856","50,025","159,036","150,346","346,856","330,491","0.99","0.95","500","480",,,,,,,,,,,,,,,,,,,,,,,,,,,,,,,,,,,,,,,,,"10/28/2024","05/11/2026","United States, Canada","ES_1149422_EXP330K3-FMR5-2_05132026041610_1010101"
"3706632","Shenzhen Sinexcel Electric Co.,Ltd","Sinexcel","DC Electric Vehicle Charging Station","SEC1000/240Y-HT-U","DC-OUTPUT Electric Vehicle Supply Equipment,SEC1000/240Y-H-U, SEC1000/240Y-T-U, SEC1000/240Y-HH-U, SEC1000/240Y-HJ-U, SEC1000/240Y-TJ-U, SEC1000/240Y-TT-U",,"AC-input","Three Phase","All-in-One Product Configuration","CHAdeMO,Other,Combined Charging System (CCS),NACS","Yes","Gigabit Ethernet,Other LAN (Local Area Network)","25","4","108.26","425","No","No",,,,,,"High Resolution Display,Credit Card Reader,Radio Frequency Identification (RFID)","None","240,000","300","480","2","No","103.5","153.01","0.16","115.36","153.01","0.17","332.5","0.04","62,154","59,998","124,154","120,007","186,591","179,987","51,938","49,986","154,641","149,891","248,421","239,796","0.99","62,308","59,976","124,327","119,879","186,622","179,899","51,898","49,997","154,695","150,011","248,478","239,867","0.99","62,293","59,990","124,187","119,746","186,496","179,865","51,947","50,006","154,359","149,877","248,397","239,797","0.99","0.97",,,,,,,,,,,,,,,,,,,,,,,,,,,,,,,,,,,,,,,,,,,"08/28/2024","10/18/2024","United States, Canada","ES_1149464_SEC1000/240Y-HT-U_10182024091710_1010101"
"3845314","Shenzhen Sinexcel Electric Co.,Ltd","Sinexcel","DC Electric Vehicle Charging Station","SEC1000/160Y-HT-U","DC-OUTPUT Electric Vehicle Supply Equipment,SEC1000/160Y-H-U, SEC1000/160Y-T-U, SEC1000/160Y-HH-U, SEC1000/160Y-TT-U",,"AC-input","Three Phase","All-in-One Product Configuration","Other,Combined Charging System (CCS),NACS","Yes","Gigabit Ethernet,Other LAN (Local Area Network)","25","4","103.27","402","No","No",,,,,,"High Resolution Display,Credit Card Reader,Radio Frequency Identification (RFID)","None","160,000","350","480","2","No","77.11","137.92","0.06","98.1","137.92","0.2","285.32","0.04","41,423","39,984","82,785","79,993","124,409","119,993","51,775","49,955","155,495","149,982","164,777","159,105","0.99","41,553","39,988","82,985","79,987","124,446","119,982","51,845","49,988","155,381","149,982","165,027","159,285","0.99","51,904","49,990","82,969","79,985","124,436","119,981","51,847","49,987","155,564","149,980","164,861","159,120","0.99","0.97",,,,,,,,,,,,,,,,,,,,,,,,,,,,,,,,,,,,,,,,,,,"12/08/2024","12/11/2024","United States, Canada","ES_1149464_SEC1000/160Y-HT-U_12112024095410_1010101"
"3845315","Shenzhen Sinexcel Electric Co.,Ltd","Sinexcel","DC Electric Vehicle Charging Station","SEC1000/60Y-CS-U","DC-OUTPUT Electric Vehicle Supply Equipment,SEC1000/60Y-S-U, SEC1000/60Y-CC-U, SEC1000/60Y-C-U, SEC1000/60Y-SS-U",,"AC-input","Three Phase","All-in-One Product Configuration","Other,Combined Charging System (CCS),NACS","Yes","Gigabit Ethernet,Other LAN (Local Area Network)","25","4","103.27","402","No","No",,,,,,"High Resolution Display,Credit Card Reader,Radio Frequency Identification (RFID)","None","60,000","200","480","2","No","75.22","102.99","0.06","52.37","102.99","0.14","106.74","0.04","15,509","14,897","31,094","29,880","46,662","44,852","51,877","49,865",,,"61,349","58,985","0.99","15,483","14,885","31,043","29,875","46,643","44,857","51,863","49,855",,,"61,307","58,980","0.99","15,469","14,878","31,092","29,864","46,656","44,861","51,849","49,844",,,"61,352","58,957","0.99","0.96",,,,,,,,,,,,,,,,,,,,,,,,,,,,,,,,,,,,,,,,,,,"12/08/2024","12/11/2024","United States, Canada","ES_1149464_SEC1000/60Y-CS-U_12112024101010_1010101"
"3845316","Shenzhen Sinexcel Electric Co.,Ltd","Sinexcel","DC Electric Vehicle Charging Station","SEC1000/120Y-HT-U","DC-OUTPUT Electric Vehicle Supply Equipment,SEC1000/120Y-H-U, SEC1000/120Y-T-U, SEC1000/120Y-HH-U, SEC1000/120Y-TT-U",,"AC-input","Three Phase","All-in-One Product Configuration","Other,Combined Charging System (CCS),NACS","Yes","Gigabit Ethernet,Other LAN (Local Area Network)","25","4","103.27","402","No","No",,,,,,"High Resolution Display,Credit Card Reader,Radio Frequency Identification (RFID)","None","120,000","350","480","2","No","78.88","127.67","0.06","63.59","127.67","0.2","186.88","0.04","31,150","29,975","62,254","59,968","93,241","89,782","51,879","49,976",,,"123,541","118,979","0.99","31,146","29,969","62,309","59,960","93,261","89,747","51,865","51,865",,,"123,600","118,956","0.99","31,122","29,972","62,351","59,950","93,264","89,717","51,847","49,972",,,"123,542","118,934","0.99","0.96",,,,,,,,,,,,,,,,,,,,,,,,,,,,,,,,,,,,,,,,,,,"12/08/2024","12/11/2024","United States, Canada","ES_1149464_SEC1000/120Y-HT-U_12112024102710_1010101"
"2684019","Sichuan Injet New Energy Co.,Ltd.","Injet","iNSCDA240K1","iNSCDA240K1",,,"AC-input","Three Phase","All-in-One Product Configuration","Combined Charging System (CCS)","Yes","Gigabit Ethernet,Wi-Fi,Cellular","25","2*1","43.25","154.4","No","Yes","Open Charge Point Protocol (OCPP)","Wi-Fi,Wired Ethernet","SAE J1772,ISO 15118-2 or later","None","No","PLC Board (ISO 15118),Radio Frequency Identification (RFID)","None","240,000","250","480","2","No","48.51","145.25","0.08","48.89","145.25","0.04","267.7","0.02","63,766.11","59,712.89","125,413.95","118,294.53","186,788.6","178,045.06","53,036.87","49,769.78","155,906.19","148,176.3","247,660.17","237,216.5","1","63,700.19","59,904.94","125,556.6","119,169.2","186,748.9","179,202.5","52,935.75","49,865.29","155,519.79","149,147.57","249,086.62","239,577.51","1","64,098.79","59,929.36","126,224.89","119,234.38","188,467.01","179,168.97","53,012.91","49,778.56","157,133.32","149,310.71","251,469.16","239,628.38","1","0.96",,,,,,,,,,,,,,,,,,,,,,,,,,,,,,,,,,,,,,,,,,,"09/22/2023","10/20/2023","United States, Canada","ES_1148294_iNSCDA240K1_09192023100028_4994317"
"2684021","Sichuan Injet New Energy Co.,Ltd.","Injet","iNSCDA180K1","iNSCDA180K1",,,"AC-input","Three Phase","All-in-One Product Configuration","Combined Charging System (CCS)","Yes","Gigabit Ethernet,Wi-Fi,Cellular","25","2*1","43.25","154.4","No","Yes","Open Charge Point Protocol (OCPP)","Wi-Fi,Wired Ethernet","SAE J1772,ISO 15118-2 or later","None","No","PLC Board (ISO 15118),Radio Frequency Identification (RFID)","None","180,000","250","480","2","No","48.34","135","0.08","48.92","135","0.04","241.72","0.03","47,962.41","44,643.31","94,635.05","88,643.47","140,248.73","134,187.03","52,106.95","49,878.96","156,479.5","149,204.39","186,131.55","178,874.65","1","47,000.53","44,730.39","94,551.4","89,461.24","139,618.82","134,393","52,399.97","49,851.88","155,994.73","149,500.92","187,129.68","179,490.73","1","48,042.12","44,961.91","94,427.77","89,486.28","139,750.14","134,436.17","53,004.64","49,978.61","155,370.37","149,495.55","186,748.93","179,451.45","1","0.96",,,,,,,,,,,,,,,,,,,,,,,,,,,,,,,,,,,,,,,,,,,"09/22/2023","09/22/2023","United States, Canada","ES_1148294_iNSCDA180K1_09192023095702_1738855"
"2684022","Sichuan Injet New Energy Co.,Ltd.","Injet","iNSCDA150K1","iNSCDA150K1",,,"AC-input","Three Phase","All-in-One Product Configuration","Combined Charging System (CCS)","Yes","Gigabit Ethernet,Wi-Fi,Cellular","25","2*1","43.25","154.4","No","Yes","Open Charge Point Protocol (OCPP)","Wi-Fi,Wired Ethernet","SAE J1772,ISO 15118-2 or later","None","No","PLC Board (ISO 15118),Radio Frequency Identification (RFID)","None","150,000","250","480","2","No","48.28","128.51","0.08","48.92","128.51","0.04","201.43","0.03","39,682.35","37,356.5","78,785.41","73,995.42","117,763.31","111,028.28","52,840.67","49,506.67",,,"155,965.11","148,494.69","1","39,694.31","37,334.59","79,053.42","74,443.94","118,179.38","111,595.33","52,526.65","49,811.21",,,"156,859.51","149,164.47","1","39,922.83","37,563.83","79,857.05","74,703.2","118,881.42","111,980.35","53,704.09","49,842.37",,,"157,461.99","149,460.29","1","0.95",,,,,,,,,,,,,,,,,,,,,,,,,,,,,,,,,,,,,,,,,,,"09/22/2023","09/22/2023","United States, Canada","ES_1148294_iNSCDA150K1_09192023095247_6025812"
"4679854","Sichuan Injet New Energy Co.,Ltd.","Injet","DC Fast Charging Station","iHAP-120AUD, iHAP-120AUX",,,"AC-input","Three Phase","All-in-One Product Configuration","Combined Charging System (CCS),Other","Yes","Cellular,Gigabit Ethernet,Wi-Fi","16","0","180.51","967.6","Yes","No",,,,,,"Credit Card Reader,High Resolution Display,PLC Board (ISO 15118),Radio Frequency Identification (RFID),Revenue Grade Meter","None","120,000",,,"2","No",,"140.32","0.06","133.16","140.32","0.08","830","0.06","31,137","29,630","61,825","59,410","92,296","89,230","51,768","49,440",,,"123,684","119,200","0.99","31,338","29,840","62,157","59,680","93,477","90,070","51,879","49,760",,,"123,570","119,050","0.99","31,276","29,770","62,233","59,620","92,742","89,340","51,964","49,360",,,"123,120","118,610","0.99","0.96","400","480","91.21",,,,,,,,,,,,,,,,,,,,,,,,,,,,,,,,,,,,,,,,"10/28/2024","07/07/2026","United States, Canada","ES_1148294_iHAP-120AUD_07292026103010_1010101"
"4679874","Sichuan Injet New Energy Co.,Ltd.","Injet","DC Fast Charging Station","iHAP-160AUD, iHAP-160AUX",,,"AC-input","Three Phase","All-in-One Product Configuration","Combined Charging System (CCS),Other","Yes","Cellular,Gigabit Ethernet,Wi-Fi","16","0","180.51","967.6","Yes","No",,,,,,"Credit Card Reader,High Resolution Display,PLC Board (ISO 15118),Radio Frequency Identification (RFID),Revenue Grade Meter","None","160,000",,,"2","No","94.23","150.56","0.06","138.24","150.56","0.08","859","0.08","41,596","39,770","83,067","79,880","124,630","120,200","51,807","49,640","156,480","149,680","165,160","159,640","0.99","41,613","39,810","83,142","80,080","124,890","120,330","51,843","49,730","156,360","149,630","165,330","159,810","0.99","41,593","39,740","83,161","79,990","124,940","120,250","51,914","49,720","156,190","149,480","165,250","159,700","0.99","0.97","400","480",,,,,,,,,,,,,,,,,,,,,,,,,,,,,,,,,,,,,,,,,"10/28/2024","07/07/2026","United States, Canada","ES_1148294_iHAP-160AUD_07292026105610_1010101"
"4679894","Sichuan Injet New Energy Co.,Ltd.","Injet","DC Fast Charging Station","iHAP-240AUD, iHAP-240AUX",,,"AC-input","Three Phase","All-in-One Product Configuration","Combined Charging System (CCS),Other","Yes","Cellular,Gigabit Ethernet,Wi-Fi","16","0","180.51","967.6","Yes","No",,,,,,"Credit Card Reader,High Resolution Display,PLC Board (ISO 15118),Radio Frequency Identification (RFID),Revenue Grade Meter","None","240,000",,,"2","No","97.11","164.99","0.06","141.21","164.99","0.08","901","0.09","62,234","59,660","124,880","120,220","188,030","180,110","51,889","49,680","155,420","149,910","245,460","237,290","0.99","62,226","59,670","124,950","120,280","188,010","179,910","51,867","49,720","156,570","149,760","245,490","236,940","0.99","62,249","59,630","124,890","120,290","188,080","179,670","51,892","49,710","155,290","149,810","245,520","237,110","0.99","0.97","400","480",,,,,,,,,,,,,,,,,,,,,,,,,,,,,,,,,,,,,,,,,"10/28/2024","07/07/2026","United States, Canada","ES_1148294_iHAP-240AUD_07292026111410_1010101"
"4679934","Sichuan Injet New Energy Co.,Ltd.","Injet","DC Fast Charging Station","iHAP-320LUD, iHAP-320AUD, iHAP-320LUX, iHAP-320AUX",,,"AC-input","Three Phase","All-in-One Product Configuration","Combined Charging System (CCS),Other","Yes","Cellular,Gigabit Ethernet,Wi-Fi","16","0","180.51","967.6","Yes","No",,,,,,"Credit Card Reader,High Resolution Display,PLC Board (ISO 15118),Radio Frequency Identification (RFID),Revenue Grade Meter","None","320,000",,,"2","No","98.12","175.24","0.06","141.24","175.24","0.09","737","0.07","83,461","79,790","165,120","159,580","248,690","240,380","52,173","49,970","155,030","149,510","329,910","318,630","0.99","83,544","79,860","164,880","159,540","248,640","240,290","52,164","49,940","155,250","149,730","329,970","318,890","0.99","83,501","79,810","164,790","159,190","248,660","240,300","52,187","49,960","155,280","149,750","329,980","318,890","0.99","0.97","600","480",,,,,,,,,,,,,,,,,,,,,,,,,,,,,,,,,,,,,,,,,"10/28/2024","07/07/2026","United States, Canada","ES_1148294_iHAP-320LUD_07292026112810_1010101"
"2470972","SK Signet Inc.","SK Signet","HPC350K-PS-G4 Cabinet & HDP350K-NCM-G4 Dispenser","HPC350K-PS-G4 Cabinet & HDP350K-NCM-G4 Dispenser",,,"AC-input","Three Phase","Distributed Product Configuration","Combined Charging System (CCS)","Yes","Gigabit Ethernet","17","2","108","1,331","No","No",,,,,,,"None","350,000","460","480","2","No","144.09","170.3","0.14","142.8","170.3","0.13","701","0.04","93.34","86.96","190.78","175.12","277.79","263.32","53.22","49.82","161.87","150.42","365.07","365.07","0.99","93.15","86.93","188.55","174.26","275.18","261.77","52.82","49.52","159.67","149.17","362.29","345.52","0.99","93.09","86.22","188.84","173.19","277.21","262.16","53.08","49.4","160.84","148.79","364.23","345.18","0.99","0.95","500",,,,,,,,,,,,,,,,,,,,,,,,,,,,,,,,,,,,,,,,,,"06/08/2022","05/02/2023","United States, Canada","ES_1148577_HDP350K-NCM-G4, with HPC350K-PS-G4_042420232343633_1916034"
"2613624","SK Signet Inc.","SK Signet","SHDP350K-NCC-PS with  HPC175K-PS","SHDP350K-NCC-PS with  HPC175K-PS","SHDP350K-NCC-PS with  HPC175K, and SHDP350K-NCC-PS with HPC175K-PS-A,SHDP350K-NCC-PS with  HPC175K, and SHDP350K-NCC-PS with HPC175K-PS-A",,"AC-input","Three Phase","Distributed Product Configuration","CHAdeMO,Combined Charging System (CCS)","Yes","Gigabit Ethernet","15","2","107.52",,"No","No",,,,,,,"None","350,000",,,"4","No","167.23","170.48","0.11","169.03","170.48","0.11","800.09","0.03","93,980","87,393","93,980","175,971","274,999","259,321","53,745","49,961","163,392","151,202","366,345","346,253","1","93,698","86,948","190,107","174,832","274,690","258,777","53,737","49,852","162,728","150,233","365,019","344,733","1","93,530","86,664","189,657","174,220","274,011","258,063","53,595","49,685","162,287","149,823","364,257","343,782","1","0.95",,,,,,,,,,,,,,,,,,,,,,,,,,,,,,,,,,,,,,,,,,,"12/16/2020","07/26/2023","United States, Canada","Dispenser(SHDP350K-NCC-PS), Power Cabinet(HPC175K-PS, HPC175K, HPC175K-PS-A)"
"3477997","SK Signet Inc.","SK Signet","FC200K-B2-PS-H6","Q112420230001",,,"AC-input","Three Phase","All-in-One Product Configuration","Combined Charging System (CCS)","Yes","Other LAN (Local Area Network)","0","1/0",,,"No","Yes",,,,,,,"PV integration capability","150,000",,,"2","No",,"64.25",,,"64.25",,,,"40,216","37,797","78,846","74,371","119,317","112,199","52,459","49,458",,,"157,669","149,690","0.99","39,530","37,210","79,453","75,003","12,000","112,819","53,064","50,094",,,"158,640","150,515","0.99","39,951","37,540","79,951","75,334","120,517","113,138","53,482","50,404",,,"159,236","150,885","0.99","1.52",,,,,,,,,,,,,,,,,,,,,,,,,,,,,,,,,,,,,,,,,,,"02/15/2024","04/22/2024","United States","ES_1148577_Q112420230001_20244112161727_4679055"
"3478052","SK Signet Inc.","SK Signet","FC200K-B2-PS-TB","Q112420230001","FC200K-B2-PS",,"AC-input","Three Phase","All-in-One Product Configuration","Combined Charging System (CCS)","Yes","Gigabit Ethernet","0","1/0",,,"No","Yes",,,,,,,"PV integration capability","200,000",,,"2","No",,"65.33",,,"65.33",,,,"52,428","49,470","105,807","99,676","159,360","149,779",,,,,"210,320","199,330","0.99","53,038","50,094","106,418","100,286","160,832","150,798",,,,,"211,890","200,496","0.99","53,584","50,425","107,037","100,632","160,971","150,787",,,,,"211,035","200,378","0.99","0.95",,,,,,,,,,,,,,,,,,,,,,,,,,,,,,,,,,,,,,,,,,,"02/01/2024","01/17/2024","United States","ES_1148577_Q112420230001_20243107062701_390478"
"4586109","SOARING SUNSHINE PTE. LTD.","SOARING SUNSHINE","DC Electric Vehicle Supply Equipment","ICULB-32021",,,"AC-input","Three Phase","All-in-One Product Configuration","Combined Charging System (CCS)","No","None","16","2*2","425.43","454.4","Yes","No",,,,,,"Camera/ Occupancy Sensing,High Resolution Display,PLC Board (ISO 15118),Credit Card Reader,Radio Frequency Identification (RFID),Revenue Grade Meter","None","320","500","480","2","No","219.195","198.39","0.8","225.11","198.39","0.815","1,298.675","0.15","27,925.1","80,325","55,867.2","160,213","84,079.6","241,044","17,508.9","50,401.3","52,248.8","150,265","110,160","316,967","1","27,912.1","80,202.8","55,986.4","160,321","83,674.9","239,633","17,469.5","50,280.4","52,356.7","150,332","109,783","315,322","1","28,223.8","80,645","56,036.9","160,061","84,037","240,631","17,450.1","50,141.8","52,457.4","150,186","109,829","314,609","1","2.87",,,,,,,,,,,,,,,,,,,,,,,,,,,,,,,,,,,,,,,,,,,"11/14/2025","03/17/2026","United States, Canada","ES_1152591_ICULB-32021_03242026133928_80242282"
"4586110","SOARING SUNSHINE PTE. LTD.","SOARING SUNSHINE","DC Electric Vehicle Supply Equipment","ICULB-32021",,,"AC-input","Three Phase","All-in-One Product Configuration","Combined Charging System (CCS)","No","None","16","2*2","425.43","454.4","Yes","No",,,,,,"Camera/ Occupancy Sensing,High Resolution Display,PLC Board (ISO 15118),Credit Card Reader,Radio Frequency Identification (RFID),Revenue Grade Meter","None","320","500","480","2","No","219.195","198.39","0.955","225.11","198.39","0.96","1,298.675","0.175","27,935.6","80,325","55,878.4","160,213","84,122.9","241,044","17,529.7","50,401.3","52,267.3","150,265","110,379","316,967","1","27,921.3","80,202.8","56,009.6","160,321","83,703.3","239,633","17,497.6","50,280.4","52,373.2","150,332","110,024","315,322","1","28,231.7","80,645","56,078.6","160,061","84,102.4","240,631","17,481","50,141.8","52,480","150,186","110,039","314,609","1","2.87",,,,,,,,,,,,,,,,,,,,,,,,,,,,,,,,,,,,,,,,,,,"11/14/2025","03/17/2026","United States, Canada","ES_1152591_ICULB-32021_03242026133927_80242282"
"4586111","SOARING SUNSHINE PTE. LTD.","SOARING SUNSHINE","DC Electric Vehicle Supply Equipment","ICULB-32021",,,"AC-input","Three Phase","All-in-One Product Configuration","Combined Charging System (CCS)","No","None","16","2*2","425.43","454.4","Yes","No",,,,,,"Camera/ Occupancy Sensing,High Resolution Display,PLC Board (ISO 15118),Credit Card Reader,Radio Frequency Identification (RFID),Revenue Grade Meter","None","320","500","480","2","No","219.195","198.39","0.685","225.11","198.39","0.7","1,298.675","0.165","27,914.4","80,325","55,895.3","160,213","84,130.7","241,044","17,490.9","50,401.3","52,275.5","150,265","110,328","316,967","1","27,896.5","80,202.8","56,009.6","160,321","83,723.6","239,633","17,457","50,280.4","52,381.6","150,332","109,985","315,322","1","28,194.4","80,645","56,061","160,061","84,121.7","240,631","17,435.2","50,141.8","52,470.6","150,186","110,000","314,609","1","2.87",,,,,,,,,,,,,,,,,,,,,,,,,,,,,,,,,,,,,,,,,,,"11/14/2025","03/17/2026","United States, Canada","ES_1152591_ICULB-32021_03242026133926_80242282"
"4586112","SOARING SUNSHINE PTE. LTD.","SOARING SUNSHINE","DC Electric Vehicle Supply Equipment","ICULA-32021",,,"AC-input","Three Phase","All-in-One Product Configuration","Combined Charging System (CCS)","No","None","16","2*2","425.43","454.4","Yes","No",,,,,,"Camera/ Occupancy Sensing,High Resolution Display,PLC Board (ISO 15118),Credit Card Reader,Radio Frequency Identification (RFID),Revenue Grade Meter","None","320","500","480","2","No","219.195","198.39","0.8","225.11","198.39","0.815","1,298.675","0.15","27,925.1","80,325","55,867.2","160,213","84,079.6","241,044","17,508.9","50,401.3","52,248.8","150,265","110,160","316,967","1","27,912.1","80,202.8","55,986.4","160,321","83,674.9","239,633","17,469.5","50,280.4","52,356.7","150,332","109,783","315,322","1","28,223.8","80,645","56,036.9","160,061","84,037","240,631","17,450.1","50,141.8","52,457.4","150,186","109,829","314,609","1","2.87",,,,,,,,,,,,,,,,,,,,,,,,,,,,,,,,,,,,,,,,,,,"11/14/2025","03/17/2026","United States, Canada","ES_1152591_ICULA-32021_03242026133925_80242282"
"4586113","SOARING SUNSHINE PTE. LTD.","SOARING SUNSHINE","DC Electric Vehicle Supply Equipment","ICULA-32021",,,"AC-input","Three Phase","All-in-One Product Configuration","Combined Charging System (CCS)","No","None","16","2*2","425.43","454.4","Yes","No",,,,,,"Camera/ Occupancy Sensing,High Resolution Display,PLC Board (ISO 15118),Credit Card Reader,Radio Frequency Identification (RFID),Revenue Grade Meter","None","320","500","480","2","No","219.195","198.39","0.955","225.11","198.39","0.96","1,298.675","0.175","27,935.6","80,325","55,878.4","160,213","84,122.9","241,044","17,529.7","50,401.3","52,267.3","150,265","110,379","316,967","1","27,921.3","80,202.8","56,009.6","160,321","83,703.3","239,633","17,497.6","50,280.4","52,373.2","150,332","110,024","315,322","1","28,231.7","80,645","56,078.6","160,061","84,102.4","240,631","17,481","50,141.8","52,480","150,186","110,039","314,609","1","2.87",,,,,,,,,,,,,,,,,,,,,,,,,,,,,,,,,,,,,,,,,,,"11/14/2025","03/17/2026","United States, Canada","ES_1152591_ICULA-32021_03242026133924_80242282"
"4586114","SOARING SUNSHINE PTE. LTD.","SOARING SUNSHINE","DC Electric Vehicle Supply Equipment","ICULA-32021",,,"AC-input","Three Phase","All-in-One Product Configuration","Combined Charging System (CCS)","No","None","16","2*2","425.43","454.4","Yes","No",,,,,,"Camera/ Occupancy Sensing,High Resolution Display,PLC Board (ISO 15118),Credit Card Reader,Radio Frequency Identification (RFID),Revenue Grade Meter","None","320","500","480","2","No","219.195","198.39","0.685","225.11","198.39","0.7","1,298.675","0.165","27,914.4","80,325","55,895.3","160,213","84,130.7","241,044","17,490.9","50,401.3","52,275.5","150,265","110,328","316,967","1","27,896.5","80,202.8","56,009.6","160,321","83,723.6","239,633","17,457","50,280.4","52,381.6","150,332","109,985","315,322","1","28,194.4","80,645","56,061","160,061","84,121.7","240,631","17,435.2","50,141.8","52,470.6","150,186","110,000","314,609","1","2.87",,,,,,,,,,,,,,,,,,,,,,,,,,,,,,,,,,,,,,,,,,,"11/14/2025","03/17/2026","United States, Canada","ES_1152591_ICULA-32021_03242026133923_80242282"
"4586115","SOARING SUNSHINE PTE. LTD.","SOARING SUNSHINE","DC Electric Vehicle Supply Equipment","ICULA-320216",,,"AC-input","Three Phase","All-in-One Product Configuration","Combined Charging System (CCS)","No","None","16","2*2","425.43","454.4","Yes","No",,,,,,"Camera/ Occupancy Sensing,High Resolution Display,PLC Board (ISO 15118),Credit Card Reader,Radio Frequency Identification (RFID),Revenue Grade Meter","None","320","500","480","2","No","219.195","198.39","0.8","225.11","198.39","0.815","1,298.675","0.15","27,925.1","80,325","55,867.2","160,213","84,079.6","241,044","17,508.9","50,401.3","52,248.8","150,265","110,160","316,967","1","27,912.1","80,202.8","55,986.4","160,321","83,674.9","239,633","17,469.5","50,280.4","52,356.7","150,332","109,783","315,322","1","28,223.8","80,645","56,036.9","160,061","84,037","240,631","17,450.1","50,141.8","52,457.4","150,186","109,829","314,609","1","2.87",,,,,,,,,,,,,,,,,,,,,,,,,,,,,,,,,,,,,,,,,,,"11/14/2025","03/17/2026","United States, Canada","ES_1152591_ICULA-320216_03242026133928_80242282"
"4586116","SOARING SUNSHINE PTE. LTD.","SOARING SUNSHINE","DC Electric Vehicle Supply Equipment","ICULA-320216",,,"AC-input","Three Phase","All-in-One Product Configuration","Combined Charging System (CCS)","No","None","16","2*2","425.43","454.4","Yes","No",,,,,,"Camera/ Occupancy Sensing,High Resolution Display,PLC Board (ISO 15118),Credit Card Reader,Radio Frequency Identification (RFID),Revenue Grade Meter","None","320","500","480","2","No","219.195","198.39","0.955","225.11","198.39","0.96","1,298.675","0.175","27,935.6","80,325","55,878.4","160,213","84,122.9","241,044","17,529.7","50,401.3","52,267.3","150,265","110,379","316,967","1","27,921.3","80,202.8","56,009.6","160,321","83,703.3","239,633","17,497.6","50,280.4","52,373.2","150,332","110,024","315,322","1","28,231.7","80,645","56,078.6","160,061","84,102.4","240,631","17,481","50,141.8","52,480","150,186","110,039","314,609","1","2.87",,,,,,,,,,,,,,,,,,,,,,,,,,,,,,,,,,,,,,,,,,,"11/14/2025","03/17/2026","United States, Canada","ES_1152591_ICULA-320216_03242026133929_80242282"
"4586117","SOARING SUNSHINE PTE. LTD.","SOARING SUNSHINE","DC Electric Vehicle Supply Equipment","ICULA-320216",,,"AC-input","Three Phase","All-in-One Product Configuration","Combined Charging System (CCS)","No","None","16","2*2","425.43","454.4","Yes","No",,,,,,"Camera/ Occupancy Sensing,High Resolution Display,PLC Board (ISO 15118),Credit Card Reader,Radio Frequency Identification (RFID),Revenue Grade Meter","None","320","500","480","2","No","219.195","198.39","0.685","225.11","198.39","0.7","1,298.675","0.165","27,914.4","80,325","55,895.3","160,213","84,130.7","241,044","17,490.9","50,401.3","52,275.5","150,265","110,328","316,967","1","27,896.5","80,202.8","56,009.6","160,321","83,723.6","239,633","17,457","50,280.4","52,381.6","150,332","109,985","315,322","1","28,194.4","80,645","56,061","160,061","84,121.7","240,631","17,435.2","50,141.8","52,470.6","150,186","110,000","314,609","1","2.87",,,,,,,,,,,,,,,,,,,,,,,,,,,,,,,,,,,,,,,,,,,"11/14/2025","03/17/2026","United States, Canada","ES_1152591_ICULA-320216_03242026133910_80242282"
"4586118","SOARING SUNSHINE PTE. LTD.","SOARING SUNSHINE","DC Electric Vehicle Supply Equipment","ICULA-320217",,,"AC-input","Three Phase","All-in-One Product Configuration","Combined Charging System (CCS)","No","None","16","2*2","425.43","454.4","Yes","No",,,,,,"Camera/ Occupancy Sensing,High Resolution Display,PLC Board (ISO 15118),Credit Card Reader,Radio Frequency Identification (RFID),Revenue Grade Meter","None","320","500","480","2","No","219.195","198.39","0.8","225.11","198.39","0.815","1,298.675","0.15","27,925.1","80,325","55,867.2","160,213","84,079.6","241,044","17,508.9","50,401.3","52,248.8","150,265","110,160","316,967","1","27,912.1","80,202.8","55,986.4","160,321","83,674.9","239,633","17,469.5","50,280.4","52,356.7","150,332","109,783","315,322","1","28,223.8","80,645","56,036.9","160,061","84,037","240,631","17,450.1","50,141.8","52,457.4","150,186","109,829","314,609","1","2.87",,,,,,,,,,,,,,,,,,,,,,,,,,,,,,,,,,,,,,,,,,,"11/14/2025","03/17/2026","United States, Canada","ES_1152591_ICULA-320217_03242026133911_80242282"
"4586119","SOARING SUNSHINE PTE. LTD.","SOARING SUNSHINE","DC Electric Vehicle Supply Equipment","ICULA-320217",,,"AC-input","Three Phase","All-in-One Product Configuration","Combined Charging System (CCS)","No","None","16","2*2","425.43","454.4","Yes","No",,,,,,"Camera/ Occupancy Sensing,High Resolution Display,PLC Board (ISO 15118),Credit Card Reader,Radio Frequency Identification (RFID),Revenue Grade Meter","None","320","500","480","2","No","219.195","198.39","0.955","225.11","198.39","0.96","1,298.675","0.175","27,935.6","80,325","55,878.4","160,213","84,122.9","241,044","17,529.7","50,401.3","52,267.3","150,265","110,379","316,967","1","27,921.3","80,202.8","56,009.6","160,321","83,703.3","239,633","17,497.6","50,280.4","52,373.2","150,332","110,024","315,322","1","28,231.7","80,645","56,078.6","160,061","84,102.4","240,631","17,481","50,141.8","52,480","150,186","110,039","314,609","1","2.87",,,,,,,,,,,,,,,,,,,,,,,,,,,,,,,,,,,,,,,,,,,"11/14/2025","03/17/2026","United States, Canada","ES_1152591_ICULA-320217_03242026133912_80242282"
"4586120","SOARING SUNSHINE PTE. LTD.","SOARING SUNSHINE","DC Electric Vehicle Supply Equipment","ICULA-320217",,,"AC-input","Three Phase","All-in-One Product Configuration","Combined Charging System (CCS)","No","None","16","2*2","425.43","454.4","Yes","No",,,,,,"Camera/ Occupancy Sensing,High Resolution Display,PLC Board (ISO 15118),Credit Card Reader,Radio Frequency Identification (RFID),Revenue Grade Meter","None","320","500","480","2","No","219.195","198.39","0.685","225.11","198.39","0.7","1,298.675","0.165","27,914.4","80,325","55,895.3","160,213","84,130.7","241,044","17,490.9","50,401.3","52,275.5","150,265","110,328","316,967","1","27,896.5","80,202.8","56,009.6","160,321","83,723.6","239,633","17,457","50,280.4","52,381.6","150,332","109,985","315,322","1","28,194.4","80,645","56,061","160,061","84,121.7","240,631","17,435.2","50,141.8","52,470.6","150,186","110,000","314,609","1","2.87",,,,,,,,,,,,,,,,,,,,,,,,,,,,,,,,,,,,,,,,,,,"11/14/2025","03/17/2026","United States, Canada","ES_1152591_ICULA-320217_03242026133913_80242282"
"4586121","SOARING SUNSHINE PTE. LTD.","SOARING SUNSHINE","DC Electric Vehicle Supply Equipment","ICULB-320216",,,"AC-input","Three Phase","All-in-One Product Configuration","Combined Charging System (CCS)","No","None","16","2*2","425.43","454.4","Yes","No",,,,,,"Camera/ Occupancy Sensing,High Resolution Display,PLC Board (ISO 15118),Credit Card Reader,Radio Frequency Identification (RFID),Revenue Grade Meter","None","320","500","480","2","No","219.195","198.39","0.8","225.11","198.39","0.815","1,298.675","0.15","27,925.1","80,325","55,867.2","160,213","84,079.6","241,044","17,508.9","50,401.3","52,248.8","150,265","110,160","316,967","1","27,912.1","80,202.8","55,986.4","160,321","83,674.9","239,633","17,469.5","50,280.4","52,356.7","150,332","109,783","315,322","1","28,223.8","80,645","56,036.9","160,061","84,037","240,631","17,450.1","50,141.8","52,457.4","150,186","109,829","314,609","1","2.87",,,,,,,,,,,,,,,,,,,,,,,,,,,,,,,,,,,,,,,,,,,"11/14/2025","03/17/2026","United States, Canada","ES_1152591_ICULB-320216_03242026133959_80242282"
"4586122","SOARING SUNSHINE PTE. LTD.","SOARING SUNSHINE","DC Electric Vehicle Supply Equipment","ICULB-320216",,,"AC-input","Three Phase","All-in-One Product Configuration","Combined Charging System (CCS)","No","None","16","2*2","425.43","454.4","Yes","No",,,,,,"Camera/ Occupancy Sensing,High Resolution Display,PLC Board (ISO 15118),Credit Card Reader,Radio Frequency Identification (RFID),Revenue Grade Meter","None","320","500","480","2","No","219.195","198.39","0.955","225.11","198.39","0.96","1,298.675","0.175","27,935.6","80,325","55,878.4","160,213","84,122.9","241,044","17,529.7","50,401.3","52,267.3","150,265","110,379","316,967","1","27,921.3","80,202.8","56,009.6","160,321","83,703.3","239,633","17,497.6","50,280.4","52,373.2","150,332","110,024","315,322","1","28,231.7","80,645","56,078.6","160,061","84,102.4","240,631","17,481","50,141.8","52,480","150,186","110,039","314,609","1","2.87",,,,,,,,,,,,,,,,,,,,,,,,,,,,,,,,,,,,,,,,,,,"11/14/2025","03/17/2026","United States, Canada","ES_1152591_ICULB-320216_03242026133958_80242282"
"4586123","SOARING SUNSHINE PTE. LTD.","SOARING SUNSHINE","DC Electric Vehicle Supply Equipment","ICULB-320216",,,"AC-input","Three Phase","All-in-One Product Configuration","Combined Charging System (CCS)","No","None","16","2*2","425.43","454.4","Yes","No",,,,,,"Camera/ Occupancy Sensing,High Resolution Display,PLC Board (ISO 15118),Credit Card Reader,Radio Frequency Identification (RFID),Revenue Grade Meter","None","320","500","480","2","No","219.195","198.39","0.685","225.11","198.39","0.7","1,298.675","0.165","27,914.4","80,325","55,895.3","160,213","84,130.7","241,044","17,490.9","50,401.3","52,275.5","150,265","110,328","316,967","1","27,896.5","80,202.8","56,009.6","160,321","83,723.6","239,633","17,457","50,280.4","52,381.6","150,332","109,985","315,322","1","28,194.4","80,645","56,061","160,061","84,121.7","240,631","17,435.2","50,141.8","52,470.6","150,186","110,000","314,609","1","2.87",,,,,,,,,,,,,,,,,,,,,,,,,,,,,,,,,,,,,,,,,,,"11/14/2025","03/17/2026","United States, Canada","ES_1152591_ICULB-320216_03242026133957_80242282"
"4586124","SOARING SUNSHINE PTE. LTD.","SOARING SUNSHINE","DC Electric Vehicle Supply Equipment","ICULB-320217",,,"AC-input","Three Phase","All-in-One Product Configuration","Combined Charging System (CCS)","No","None","16","2*2","425.43","454.4","Yes","No",,,,,,"Camera/ Occupancy Sensing,High Resolution Display,PLC Board (ISO 15118),Credit Card Reader,Radio Frequency Identification (RFID),Revenue Grade Meter","None","320","500","480","2","No","219.195","198.39","0.8","225.11","198.39","0.815","1,298.675","0.15","27,925.1","80,325","55,867.2","160,213","84,079.6","241,044","17,508.9","50,401.3","52,248.8","150,265","110,160","316,967","1","27,912.1","80,202.8","55,986.4","160,321","83,674.9","239,633","17,469.5","50,280.4","52,356.7","150,332","109,783","315,322","1","28,223.8","80,645","56,036.9","160,061","84,037","240,631","17,450.1","50,141.8","52,457.4","150,186","109,829","314,609","1","2.87",,,,,,,,,,,,,,,,,,,,,,,,,,,,,,,,,,,,,,,,,,,"11/14/2025","03/17/2026","United States, Canada","ES_1152591_ICULB-320217_03242026133929_80242282"
"4586125","SOARING SUNSHINE PTE. LTD.","SOARING SUNSHINE","DC Electric Vehicle Supply Equipment","ICULB-320217",,,"AC-input","Three Phase","All-in-One Product Configuration","Combined Charging System (CCS)","No","None","16","2*2","425.43","454.4","Yes","No",,,,,,"Camera/ Occupancy Sensing,High Resolution Display,PLC Board (ISO 15118),Credit Card Reader,Radio Frequency Identification (RFID),Revenue Grade Meter","None","320","500","480","2","No","219.195","198.39","0.955","225.11","198.39","0.96","1,298.675","0.175","27,935.6","80,325","55,878.4","160,213","84,122.9","241,044","17,529.7","50,401.3","52,267.3","150,265","110,379","316,967","1","27,921.3","80,202.8","56,009.6","160,321","83,703.3","239,633","17,497.6","50,280.4","52,373.2","150,332","110,024","315,322","1","28,231.7","80,645","56,078.6","160,061","84,102.4","240,631","17,481","50,141.8","52,480","150,186","110,039","314,609","1","2.87",,,,,,,,,,,,,,,,,,,,,,,,,,,,,,,,,,,,,,,,,,,"11/14/2025","03/17/2026","United States, Canada","ES_1152591_ICULB-320217_03242026133930_80242282"
"4586126","SOARING SUNSHINE PTE. LTD.","SOARING SUNSHINE","DC Electric Vehicle Supply Equipment","ICULB-320217",,,"AC-input","Three Phase","All-in-One Product Configuration","Combined Charging System (CCS)","No","None","16","2*2","425.43","454.4","Yes","No",,,,,,"Camera/ Occupancy Sensing,High Resolution Display,PLC Board (ISO 15118),Credit Card Reader,Radio Frequency Identification (RFID),Revenue Grade Meter","None","320","500","480","2","No","219.195","198.39","0.685","225.11","198.39","0.7","1,298.675","0.165","27,914.4","80,325","55,895.3","160,213","84,130.7","241,044","17,490.9","50,401.3","52,275.5","150,265","110,328","316,967","1","27,896.5","80,202.8","56,009.6","160,321","83,723.6","239,633","17,457","50,280.4","52,381.6","150,332","109,985","315,322","1","28,194.4","80,645","56,061","160,061","84,121.7","240,631","17,435.2","50,141.8","52,470.6","150,186","110,000","314,609","1","2.87",,,,,,,,,,,,,,,,,,,,,,,,,,,,,,,,,,,,,,,,,,,"11/14/2025","03/17/2026","United States, Canada","ES_1152591_ICULB-320217_03242026133932_80242282"
"4586127","SOARING SUNSHINE PTE. LTD.","SOARING SUNSHINE","DC Electric Vehicle Supply Equipment","ICULD-32021",,,"AC-input","Three Phase","All-in-One Product Configuration","Combined Charging System (CCS)","No","None","16","4*1","425.43","377.2","Yes","No",,,,,,"Camera/ Occupancy Sensing,Credit Card Reader,High Resolution Display,PLC Board (ISO 15118),Radio Frequency Identification (RFID),Revenue Grade Meter","None","320","300","480","2","No","216.09","194.78","1.07","223.165","194.78","1.07","1,452.08","0.205","26,069.9","75,261.3","53,166.3","150,228","77,664","150,228","17,423.9","50,164.7",,,"102,814","298,324","1","26,069.4","75,261.3","53,537.9","150,706","77,776.6","225,408","18,029.3","50,314",,,"103,421","299,560","1","26,113.3","75,222.6","52,994.1","150,014","77,879.6","225,270","17,445.1","50,170.5",,,"103,640","299,363","1","2.88",,,,,,,,,,,,,,,,,,,,,,,,,,,,,,,,,,,,,,,,,,,"11/14/2025","03/17/2026","United States, Canada","ES_1152591_ICULD-32021_03242026133928_80242282"
"4586128","SOARING SUNSHINE PTE. LTD.","SOARING SUNSHINE","DC Electric Vehicle Supply Equipment","ICULD-32021",,,"AC-input","Three Phase","All-in-One Product Configuration","Combined Charging System (CCS)","No","None","16","4*1","425.43","377.2","Yes","No",,,,,,"Camera/ Occupancy Sensing,Credit Card Reader,High Resolution Display,PLC Board (ISO 15118),Radio Frequency Identification (RFID),Revenue Grade Meter","None","320","300","480","2","No","216.09","194.78","0.79","223.165","194.78","0.81","1,452.08","0.22","26,089.3","75,261.3","53,196.9","150,228","77,851.2","150,228","17,443.1","50,164.7",,,"103,214","298,324","1","26,090.9","75,261.3","53,571.6","150,706","77,956","225,408","18,054","50,314",,,"103,808","299,560","1","26,128","75,222.6","53,114.5","150,014","78,033.2","225,270","17,459.9","50,170.5",,,"104,025","299,363","1","2.87",,,,,,,,,,,,,,,,,,,,,,,,,,,,,,,,,,,,,,,,,,,"11/14/2025","03/17/2026","United States, Canada","ES_1152591_ICULD-32021_03242026133927_80242282"
"4586129","SOARING SUNSHINE PTE. LTD.","SOARING SUNSHINE","DC Electric Vehicle Supply Equipment","ICULD-32021",,,"AC-input","Three Phase","All-in-One Product Configuration","Combined Charging System (CCS)","No","None","16","4*1","425.43","377.2","Yes","No",,,,,,"Camera/ Occupancy Sensing,Credit Card Reader,High Resolution Display,PLC Board (ISO 15118),Radio Frequency Identification (RFID),Revenue Grade Meter","None","320","300","480","2","No","216.09","194.78","0.605","223.165","194.78","0.61","1,452.08","0.205","26,058.8","75,261.3","53,247.5","150,228","77,874.5","150,228","17,415.9","50,164.7",,,"103,181","298,324","1","26,058.5","75,261.3","53,641.2","150,706","78,003.8","225,408","18,056","50,314",,,"103,800","299,560","1","26,161.2","75,222.6","53,108.7","150,014","78,095.8","225,270","17,498.4","50,170.5",,,"104,007","299,363","1","2.87",,,,,,,,,,,,,,,,,,,,,,,,,,,,,,,,,,,,,,,,,,,"11/14/2025","03/17/2026","United States, Canada","ES_1152591_ICULD-32021_03242026133926_80242282"
"4586130","SOARING SUNSHINE PTE. LTD.","SOARING SUNSHINE","DC Electric Vehicle Supply Equipment","ICULD-320216",,,"AC-input","Three Phase","All-in-One Product Configuration","Combined Charging System (CCS)","No","None","16","4*1","425.43","377.2","Yes","No",,,,,,"Camera/ Occupancy Sensing,Credit Card Reader,High Resolution Display,PLC Board (ISO 15118),Radio Frequency Identification (RFID),Revenue Grade Meter","None","320","300","480","2","No","216.09","194.78","1.07","223.165","194.78","1.07","1,452.08","0.205","26,069.9","75,261.3","53,166.3","150,228","77,664","150,228","17,423.9","50,164.7",,,"102,814","298,324","1","26,069.4","75,261.3","53,537.9","150,706","77,776.6","225,408","18,029.3","50,314",,,"103,421","299,560","1","26,113.3","75,222.6","52,994.1","150,014","77,879.6","225,270","17,445.1","50,170.5",,,"103,640","299,363","1","2.88",,,,,,,,,,,,,,,,,,,,,,,,,,,,,,,,,,,,,,,,,,,"11/14/2025","03/17/2026","United States, Canada","ES_1152591_ICULD-320216_03242026133925_80242282"
"4586131","SOARING SUNSHINE PTE. LTD.","SOARING SUNSHINE","DC Electric Vehicle Supply Equipment","ICULD-320216",,,"AC-input","Three Phase","All-in-One Product Configuration","Combined Charging System (CCS)","No","None","16","4*1","425.43","377.2","Yes","No",,,,,,"Camera/ Occupancy Sensing,Credit Card Reader,High Resolution Display,PLC Board (ISO 15118),Radio Frequency Identification (RFID),Revenue Grade Meter","None","320","300","480","2","No","216.09","194.78","0.79","223.165","194.78","0.81","1,452.08","0.22","26,089.3","75,261.3","53,196.9","150,228","77,851.2","150,228","17,443.1","50,164.7",,,"103,214","298,324","1","26,090.9","75,261.3","53,571.6","150,706","77,956","225,408","18,054","50,314",,,"103,808","299,560","1","26,128","75,222.6","53,114.5","150,014","78,033.2","225,270","17,459.9","50,170.5",,,"104,025","299,363","1","2.87",,,,,,,,,,,,,,,,,,,,,,,,,,,,,,,,,,,,,,,,,,,"11/14/2025","03/17/2026","United States, Canada","ES_1152591_ICULD-320216_03242026133924_80242282"
"4586132","SOARING SUNSHINE PTE. LTD.","SOARING SUNSHINE","DC Electric Vehicle Supply Equipment","ICULD-320216",,,"AC-input","Three Phase","All-in-One Product Configuration","Combined Charging System (CCS)","No","None","16","4*1","425.43","377.2","Yes","No",,,,,,"Camera/ Occupancy Sensing,Credit Card Reader,High Resolution Display,PLC Board (ISO 15118),Radio Frequency Identification (RFID),Revenue Grade Meter","None","320","300","480","2","No","216.09","194.78","0.605","223.165","194.78","0.61","1,452.08","0.205","26,058.8","75,261.3","53,247.5","150,228","77,874.5","150,228","17,415.9","50,164.7",,,"103,181","298,324","1","26,058.5","75,261.3","53,641.2","150,706","78,003.8","225,408","18,056","50,314",,,"103,800","299,560","1","26,161.2","75,222.6","53,108.7","150,014","78,095.8","225,270","17,498.4","50,170.5",,,"104,007","299,363","1","2.87",,,,,,,,,,,,,,,,,,,,,,,,,,,,,,,,,,,,,,,,,,,"11/14/2025","03/17/2026","United States, Canada","ES_1152591_ICULD-320216_03242026133913_80242282"
"4586133","SOARING SUNSHINE PTE. LTD.","SOARING SUNSHINE","DC Electric Vehicle Supply Equipment","ICULD-320217",,,"AC-input","Three Phase","All-in-One Product Configuration","Combined Charging System (CCS)","No","None","16","4*1","425.43","377.2","Yes","No",,,,,,"Camera/ Occupancy Sensing,Credit Card Reader,High Resolution Display,PLC Board (ISO 15118),Radio Frequency Identification (RFID),Revenue Grade Meter","None","320","300","480","2","No","216.09","194.78","1.07","223.165","194.78","1.07","1,452.08","0.205","26,069.9","75,261.3","53,166.3","150,228","77,664","150,228","17,423.9","50,164.7",,,"102,814","298,324","1","26,069.4","75,261.3","53,537.9","150,706","77,776.6","225,408","18,029.3","50,314",,,"103,421","299,560","1","26,113.3","75,222.6","52,994.1","150,014","77,879.6","225,270","17,445.1","50,170.5",,,"103,640","299,363","1","2.88",,,,,,,,,,,,,,,,,,,,,,,,,,,,,,,,,,,,,,,,,,,"11/14/2025","03/17/2026","United States, Canada","ES_1152591_ICULD-320217_03242026133957_80242282"
"4586134","SOARING SUNSHINE PTE. LTD.","SOARING SUNSHINE","DC Electric Vehicle Supply Equipment","ICULD-320217",,,"AC-input","Three Phase","All-in-One Product Configuration","Combined Charging System (CCS)","No","None","16","4*1","425.43","377.2","Yes","No",,,,,,"Camera/ Occupancy Sensing,Credit Card Reader,High Resolution Display,PLC Board (ISO 15118),Radio Frequency Identification (RFID),Revenue Grade Meter","None","320","300","480","2","No","216.09","194.78","0.79","223.165","194.78","0.81","1,452.08","0.22","26,089.3","75,261.3","53,196.9","150,228","77,851.2","150,228","17,443.1","50,164.7",,,"103,214","298,324","1","26,090.9","75,261.3","53,571.6","150,706","77,956","225,408","18,054","50,314",,,"103,808","299,560","1","26,128","75,222.6","53,114.5","150,014","78,033.2","225,270","17,459.9","50,170.5",,,"104,025","299,363","1","2.87",,,,,,,,,,,,,,,,,,,,,,,,,,,,,,,,,,,,,,,,,,,"11/14/2025","03/17/2026","United States, Canada","ES_1152591_ICULD-320217_03242026133943_80242282"
"4586135","SOARING SUNSHINE PTE. LTD.","SOARING SUNSHINE","DC Electric Vehicle Supply Equipment","ICULD-320217",,,"AC-input","Three Phase","All-in-One Product Configuration","Combined Charging System (CCS)","No","None","16","4*1","425.43","377.2","Yes","No",,,,,,"Camera/ Occupancy Sensing,Credit Card Reader,High Resolution Display,PLC Board (ISO 15118),Radio Frequency Identification (RFID),Revenue Grade Meter","None","320","300","480","2","No","216.09","194.78","0.605","223.165","194.78","0.61","1,452.08","0.205","26,058.8","75,261.3","53,247.5","150,228","77,874.5","150,228","17,415.9","50,164.7",,,"103,181","298,324","1","26,058.5","75,261.3","53,641.2","150,706","78,003.8","225,408","18,056","50,314",,,"103,800","299,560","1","26,161.2","75,222.6","53,108.7","150,014","78,095.8","225,270","17,498.4","50,170.5",,,"104,007","299,363","1","2.87",,,,,,,,,,,,,,,,,,,,,,,,,,,,,,,,,,,,,,,,,,,"11/14/2025","03/17/2026","United States, Canada","ES_1152591_ICULD-320217_03242026133942_80242282"
"4586136","SOARING SUNSHINE PTE. LTD.","SOARING SUNSHINE","DC Electric Vehicle Supply Equipment","ICULC-32021",,,"AC-input","Three Phase","All-in-One Product Configuration","Combined Charging System (CCS)","No","None","16","4*1","425.43","377.2","Yes","No",,,,,,"Camera/ Occupancy Sensing,Credit Card Reader,High Resolution Display,PLC Board (ISO 15118),Radio Frequency Identification (RFID),Revenue Grade Meter","None","320","300","480","2","No","216.09","194.78","1.07","223.165","194.78","1.07","1,452.08","0.205","26,069.9","75,261.3","53,166.3","150,228","77,664","150,228","17,423.9","50,164.7",,,"102,814","298,324","1","26,069.4","75,261.3","53,537.9","150,706","77,776.6","225,408","18,029.3","50,314",,,"103,421","299,560","1","26,113.3","75,222.6","52,994.1","150,014","77,879.6","225,270","17,445.1","50,170.5",,,"103,640","299,363","1","2.88",,,,,,,,,,,,,,,,,,,,,,,,,,,,,,,,,,,,,,,,,,,"11/14/2025","03/17/2026","United States, Canada","ES_1152591_ICULC-32021_03242026133928_80242282"
"4586137","SOARING SUNSHINE PTE. LTD.","SOARING SUNSHINE","DC Electric Vehicle Supply Equipment","ICULC-32021",,,"AC-input","Three Phase","All-in-One Product Configuration","Combined Charging System (CCS)","No","None","16","4*1","425.43","377.2","Yes","No",,,,,,"Camera/ Occupancy Sensing,Credit Card Reader,High Resolution Display,PLC Board (ISO 15118),Radio Frequency Identification (RFID),Revenue Grade Meter","None","320","300","480","2","No","216.09","194.78","0.79","223.165","194.78","0.81","1,452.08","0.22","26,089.3","75,261.3","53,196.9","150,228","77,851.2","150,228","17,443.1","50,164.7",,,"103,214","298,324","1","26,090.9","75,261.3","53,571.6","150,706","77,956","225,408","18,054","50,314",,,"103,808","299,560","1","26,128","75,222.6","53,114.5","150,014","78,033.2","225,270","17,459.9","50,170.5",,,"104,025","299,363","1","2.87",,,,,,,,,,,,,,,,,,,,,,,,,,,,,,,,,,,,,,,,,,,"11/14/2025","03/17/2026","United States, Canada","ES_1152591_ICULC-32021_03242026133927_80242282"
"4586138","SOARING SUNSHINE PTE. LTD.","SOARING SUNSHINE","DC Electric Vehicle Supply Equipment","ICULC-32021",,,"AC-input","Three Phase","All-in-One Product Configuration","Combined Charging System (CCS)","No","None","16","4*1","425.43","377.2","Yes","No",,,,,,"Camera/ Occupancy Sensing,Credit Card Reader,High Resolution Display,PLC Board (ISO 15118),Radio Frequency Identification (RFID),Revenue Grade Meter","None","320","300","480","2","No","216.09","194.78","0.605","223.165","194.78","0.61","1,452.08","0.205","26,058.8","75,261.3","53,247.5","150,228","77,874.5","150,228","17,415.9","50,164.7",,,"103,181","298,324","1","26,058.5","75,261.3","53,641.2","150,706","78,003.8","225,408","18,056","50,314",,,"103,800","299,560","1","26,161.2","75,222.6","53,108.7","150,014","78,095.8","225,270","17,498.4","50,170.5",,,"104,007","299,363","1","2.87",,,,,,,,,,,,,,,,,,,,,,,,,,,,,,,,,,,,,,,,,,,"11/14/2025","03/17/2026","United States, Canada","ES_1152591_ICULC-32021_03242026133926_80242282"
"4586139","SOARING SUNSHINE PTE. LTD.","SOARING SUNSHINE","DC Electric Vehicle Supply Equipment","ICULC-320216",,,"AC-input","Three Phase","All-in-One Product Configuration","Combined Charging System (CCS)","No","None","16","4*1","425.43","377.2","Yes","No",,,,,,"Camera/ Occupancy Sensing,Credit Card Reader,High Resolution Display,PLC Board (ISO 15118),Radio Frequency Identification (RFID),Revenue Grade Meter","None","320","300","480","2","No","216.09","194.78","1.07","223.165","194.78","1.07","1,452.08","0.205","26,069.9","75,261.3","53,166.3","150,228","77,664","150,228","17,423.9","50,164.7",,,"102,814","298,324","1","26,069.4","75,261.3","53,537.9","150,706","77,776.6","225,408","18,029.3","50,314",,,"103,421","299,560","1","26,113.3","75,222.6","52,994.1","150,014","77,879.6","225,270","17,445.1","50,170.5",,,"103,640","299,363","1","2.88",,,,,,,,,,,,,,,,,,,,,,,,,,,,,,,,,,,,,,,,,,,"11/14/2025","03/17/2026","United States, Canada","ES_1152591_ICULC-320216_03242026133958_80242282"
"4586140","SOARING SUNSHINE PTE. LTD.","SOARING SUNSHINE","DC Electric Vehicle Supply Equipment","ICULC-320216",,,"AC-input","Three Phase","All-in-One Product Configuration","Combined Charging System (CCS)","No","None","16","4*1","425.43","377.2","Yes","No",,,,,,"Camera/ Occupancy Sensing,Credit Card Reader,High Resolution Display,PLC Board (ISO 15118),Radio Frequency Identification (RFID),Revenue Grade Meter","None","320","300","480","2","No","216.09","194.78","0.79","223.165","194.78","0.81","1,452.08","0.22","26,089.3","75,261.3","53,196.9","150,228","77,851.2","150,228","17,443.1","50,164.7",,,"103,214","298,324","1","26,090.9","75,261.3","53,571.6","150,706","77,956","225,408","18,054","50,314",,,"103,808","299,560","1","26,128","75,222.6","53,114.5","150,014","78,033.2","225,270","17,459.9","50,170.5",,,"104,025","299,363","1","2.87",,,,,,,,,,,,,,,,,,,,,,,,,,,,,,,,,,,,,,,,,,,"11/14/2025","03/17/2026","United States, Canada","ES_1152591_ICULC-320216_03242026133913_80242282"
"4586141","SOARING SUNSHINE PTE. LTD.","SOARING SUNSHINE","DC Electric Vehicle Supply Equipment","ICULC-320216",,,"AC-input","Three Phase","All-in-One Product Configuration","Combined Charging System (CCS)","No","None","16","4*1","425.43","377.2","Yes","No",,,,,,"Camera/ Occupancy Sensing,Credit Card Reader,High Resolution Display,PLC Board (ISO 15118),Radio Frequency Identification (RFID),Revenue Grade Meter","None","320","300","480","2","No","216.09","194.78","0.605","223.165","194.78","0.61","1,452.08","0.205","26,058.8","75,261.3","53,247.5","150,228","77,874.5","150,228","17,415.9","50,164.7",,,"103,181","298,324","1","26,058.5","75,261.3","53,641.2","150,706","78,003.8","225,408","18,056","50,314",,,"103,800","299,560","1","26,161.2","75,222.6","53,108.7","150,014","78,095.8","225,270","17,498.4","50,170.5",,,"104,007","299,363","1","2.87",,,,,,,,,,,,,,,,,,,,,,,,,,,,,,,,,,,,,,,,,,,"11/14/2025","03/17/2026","United States, Canada","ES_1152591_ICULC-320216_03242026133444_80242282"
"4586142","SOARING SUNSHINE PTE. LTD.","SOARING SUNSHINE","DC Electric Vehicle Supply Equipment","ICULC-320217",,,"AC-input","Three Phase","All-in-One Product Configuration","Combined Charging System (CCS)","No","None","16","4*1","425.43","377.2","Yes","No",,,,,,"Camera/ Occupancy Sensing,Credit Card Reader,High Resolution Display,PLC Board (ISO 15118),Radio Frequency Identification (RFID),Revenue Grade Meter","None","320","300","480","2","No","216.09","194.78","1.07","223.165","194.78","1.07","1,452.08","0.205","26,069.9","75,261.3","53,166.3","150,228","77,664","150,228","17,423.9","50,164.7",,,"102,814","298,324","1","26,069.4","75,261.3","53,537.9","150,706","77,776.6","225,408","18,029.3","50,314",,,"103,421","299,560","1","26,113.3","75,222.6","52,994.1","150,014","77,879.6","225,270","17,445.1","50,170.5",,,"103,640","299,363","1","2.88",,,,,,,,,,,,,,,,,,,,,,,,,,,,,,,,,,,,,,,,,,,"11/14/2025","03/17/2026","United States, Canada","ES_1152591_ICULC-320217_03242026133924_80242282"
"3624341","Zerova Technologies Taiwan Limited","Zerova","DSWA122I0ID","DSWA122I0ID","DSWA122T0TD",,"AC-input","Three Phase","All-in-One Product Configuration","Combined Charging System (CCS)","Yes","Gigabit Ethernet,Wi-Fi,Cellular","16","1/0","20.53","110.3","No","Yes","Other,CSU system","Wired Ethernet","Other,TLS1.2/TLS1.3","Open Charge Point Protocol (OCPP)","No","High Resolution Display,PLC Board (ISO 15118),Credit Card Reader,Radio Frequency Identification (RFID),Revenue Grade Meter","smart charging distribute solution.","120,000","300","480","2","No","94.22","118.23","0.02","94.38","118.23","0.02","220.5","0.04","31,915","29,691","62,727","59,551","94,150","89,667","52,482","49,588",,,"125.06","118,770","1","32,138","29,859","63,014","59,766","93,812","89,735","52,291","49,831",,,"12,445","11,875","1","32,145","29,876","62,887","59,606","94,270","89,534","52,375","49,845",,,"12,483","119,060","1","112.63",,,,,,,,,,,,,,,,,,,,,,,,,,,,,,,,,,,,,,,,,,,"05/28/2024","08/26/2024","United States, Canada","ES_1148023_DSWA122I0ID_08192024165134_8847619"
"3626784","Zerova Technologies Taiwan Limited","Zerova","DQW*24240##2*#","DQW*24240##2*#","DQW*24240#*2; DQW*24240#*2*; DQW*24240#*2**; DQW*24240#*2*#; DQW*24240#*2#; DQW*24240#*2#*; DQW*24240#*2##; DQW*24240##2; DQW*24240##2*; DQW*24240##2**; DQW*24240##2#; DQW*24240##2#*; DQW*24240##2##",,"AC-input","Three Phase","All-in-One Product Configuration","CHAdeMO,Combined Charging System (CCS)","Yes","Gigabit Ethernet,Wi-Fi,Cellular","14","0","303.33","176","No","Yes","Open Charge Point Protocol (OCPP)","Wi-Fi,Wired Ethernet","Other,ISO 15118-2 or later,Open Charge PointProtocol (OCPP)","Base on OCPP define","No","High Resolution Display,PLC Board (ISO 15118),Credit Card Reader,Radio Frequency Identification (RFID),Revenue Grade Meter","smart charging distribute solution. With Display to support advertising exposure.","240,000","500","480","4","No","151","210.88","0.04","172","210.88","0.02","262","0.02","65,480","60,630","127,490","120,670","187,900","180,180","54,690","50,510","158,850","150,490","248,610","240,560","1","65,200","60,680","127,020","120,610","189,870","180,190","54,150","50,550","158,800","150,510","249,680","240,520","1","64,990","60,620","127,740","120,750","190,050","180,380","53,760","50,600","158,990","150,630","250,700","239,930","1","0.96",,,,,,,,,,,,,,,,,,,,,,,,,,,,,,,,,,,,,,,,,,,"09/06/2024","08/29/2024","United States, Canada","ES_1148023_DQW*24240##2*#_08282024171318_6256830"
"3626785","Zerova Technologies Taiwan Limited","Zerova","DQW*35240##2**","DQW*35240##2**","DQW*35240#*2; DQW*35240#*2*; DQW*35240#*2**; DQW*35240#*2*#; DQW*35240#*2#; DQW*35240#*2#*; DQW*35240#*2##; DQW*35240##2; DQW*35240##2*; DQW*35240##2*#; DQW*35240##2#; DQW*35240##2#*; DQW*35240##2##",,"AC-input","Three Phase","All-in-One Product Configuration","CHAdeMO,Combined Charging System (CCS)","Yes","Gigabit Ethernet,Wi-Fi,Cellular","16","3","303.33","176","No","Yes","Other,CSU system","Wi-Fi,Wired Ethernet","Other,TLS1.2/TLS1.3","Open Charge Point Protocol (OCPP)","No","High Resolution Display,PLC Board (ISO 15118),Credit Card Reader,Radio Frequency Identification (RFID),Revenue Grade Meter","smart charging distribute solution. With Display to support advertising exposure.","350,000","500","480","4","No","173","224.3","0.04","196","224.3","0.04","692","0.01","943,300","882,100","1,855,600","1,753,500","2,837,200","2,650,100","547,400","504,700","1,600,800","1,504,600","3,742,300","3,525,200","1","938,600","882,200","1,863,400","1,751,800","2,820,800","2,636,100","540,700","508,200","1,596,200","1,505,400","3,736,400","3,520,700","1","936,400","881,700","1,860,700","1,754,200","2,820,900","2,626,100","546,200","506,500","1,602,700","1,507,100","3,752,800","3,527,800","1","0.94",,,,,,,,,,,,,,,,,,,,,,,,,,,,,,,,,,,,,,,,,,,"09/06/2024","08/29/2024","United States, Canada","ES_1148023_DQW*35240##2**_08282024172426_3819696"
"3626786","Zerova Technologies Taiwan Limited","Zerova","DQW*35220##2*#","DQW*35220##2*#","DQW*35220#*2; DQW*35220#*2*; DQW*35220#*2**; DQW*35220#*2*#; DQW*35220#*2#; DQW*35220#*2#*; DQW*35220#*2##; DQW*35220##2; DQW*35220##2*; DQW*35220##2**; DQW*35220##2#; DQW*35220##2#*; DQW*35220##2##",,"AC-input","Three Phase","All-in-One Product Configuration","Combined Charging System (CCS)","Yes","Gigabit Ethernet,Wi-Fi,Cellular","16","3","303.33","176","No","Yes","Other,CSU system","Wi-Fi,Wired Ethernet","Other,TLS1.2/TLS1.3","Open Charge Point Protocol (OCPP)","No","High Resolution Display,PLC Board (ISO 15118),Credit Card Reader,Radio Frequency Identification (RFID),Revenue Grade Meter","smart charging distribute solution. With Display to support advertising exposure.","350,000","500","480","2","No","173","224.3","0.04","196","224.3","0.04","692","0.01","943,300","882,100","1,855,600","1,753,500","2,837,200","2,650,100","547,400","504,700","1,600,800","1,504,600","3,742,300","3,525,200","1","938,600","882,200","1,863,400","1,751,800","2,820,800","2,636,100","540,700","508,200","1,596,200","1,505,400","3,736,400","3,520,700","1","936,400","881,700","1,860,700","1,754,200","2,820,900","2,626,100","546,200","506,500","1,602,700","1,507,100","3,752,800","3,527,800","1","0.94",,,,,,,,,,,,,,,,,,,,,,,,,,,,,,,,,,,,,,,,,,,"09/06/2024","08/29/2024","United States, Canada","ES_1148023_DQW*35220##2*#_08282024173510_3976861"
"3626787","Zerova Technologies Taiwan Limited","Zerova","DQW*24220##2*#","DQW*24220##2*#","DQW*24220#*2; DQW*24220#*2*; DQW*24220#*2**; DQW*24220#*2*#; DQW*24220#*2#; DQW*24220#*2#*; DQW*24220#*2##; DQW*24220##2; DQW*24220##2*; DQW*24220##2**; DQW*24220##2#; DQW*24220##2#*; DQW*24220##2##",,"AC-input","Three Phase","All-in-One Product Configuration","Combined Charging System (CCS)","Yes","Gigabit Ethernet,Wi-Fi,Cellular","14","0","303.33","176","No","Yes","Open Charge Point Protocol (OCPP)","Wi-Fi,Wired Ethernet","Other,ISO 15118-2 or later,Open Charge Point Protocol (OCPP)","Base on OCPP define","No","High Resolution Display,PLC Board (ISO 15118),Credit Card Reader,Radio Frequency Identification (RFID),Revenue Grade Meter","smart charging distribute solution. With Display to support advertising exposure.","240,000","500","480","2","No","151","210.88","0.04","172","210.88","0.02","262","0.02","65,480","60,630","127,490","120,670","187,900","180,180","54,690","50,510","158,850","150,490","248,610","240,560","1","65,200","60,680","127,020","120,610","189,870","180,190","54,150","50,550","158,800","150,510","249,680","240,520","1","64,990","60,620","127,740","120,750","190,050","180,380","53,760","50,600","158,990","150,630","250,700","239,930","1","0.96",,,,,,,,,,,,,,,,,,,,,,,,,,,,,,,,,,,,,,,,,,,"09/06/2024","08/29/2024","United States, Canada","ES_1148023_DQW*24220##2*#_08282024173104_3920709"
"4437609","Zerova Technologies Taiwan Limited","Zerova","DTWA242V08","DTWA242V08","DTWA242A08",,"AC-input","Three Phase","All-in-One Product Configuration","Tesla,Combined Charging System (CCS)","Yes","Gigabit Ethernet","16","2/0","198.08","661","No","Yes","Open Charge Point Protocol (OCPP)",,"SAE J1772,Other",,"No","Radio Frequency Identification (RFID)","None","240,000","310","480","2","No","130","164.9","0.01","130.3","164.9","0.01","192.6","0.02","65,600","59,800","126,300","119,200","188,700","177,800","55,470","49,900","157,700","148,600","248,900","235,450","0.33","65,700","59,900","126,800","119,400","188,900","177,800","55,400","49,900","158,100","148,800","249,200","235,600","0.33","65,500","59,800","126,700","119,100","189,100","177,700","55,500","49,900","157,900","148,600","249,400","235,600","0.33","0.95",,,,,,,,,,,,,,,,,,,,,,,,,,,,,,,,,,,,,,,,,,,"06/16/2025","06/18/2025","United States, Canada","ES_1148023_DTWA242V08D2WN-RW_03082025132008_698511"
"4479555","Zerova Technologies Taiwan Limited","Zerova","DSWA182A08","DSWA182A08",,,"AC-input","Three Phase","All-in-One Product Configuration","Tesla,Combined Charging System (CCS)","Yes","Gigabit Ethernet","15","1/0","20.52","310.4","No","Yes","Open Charge Point Protocol (OCPP)",,"SAE J1772,Other",,"No","Radio Frequency Identification (RFID)","None","180,000","233","480","2","No","109","132.83","0.03","115","132.83","0.03","294","0.04","47,720","44,760","95,010","89,600","141,800","133,600","53,800","49,930","156,700","147,630","187,400","177,960","0.99","47,470","44,850","94,600","89,610","140,900","133,650","52,700","50,040","156,200","147,010","187,790","177,830","0.99","47,830","44,770","95,820","89,510","53,200","49,940","142,000","133,500","157,030","147,630","187,700","177,840","0.99","0.95",,,,,,,,,,,,,,,,,,,,,,,,,,,,,,,,,,,,,,,,,,,"07/20/2025","07/23/2025","United States, Canada","ES_1148023_DSWA182A08DCWN-RW_07142025091807_1540796"
"4497666","Zerova Technologies Taiwan Limited","Zerova","DSWA122A08","DSWA122A08",,,"AC-input","Three Phase","All-in-One Product Configuration","Tesla,Combined Charging System (CCS)","Yes","Gigabit Ethernet","15","1/0","20.52","310.4","No","Yes","Open Charge Point Protocol (OCPP)",,"SAE J1772,Other",,"No","High Resolution Display,Radio Frequency Identification (RFID)","None","120,000","155","480","2","No","68","118.39","0.15","74","118.39","0.15","217","0.04","32,140","30,000","63,230","59,600","94,440","89,100","52,750","49,800",,,"125,520","118,300","0.99","32,010","30,000","63,400","59,800","94,920","89,400","52,060","49,900",,,"126,350","118,800","0.99","31,980","30,000","63,620","59,800","94,960","89,300","53,020","49,900",,,"126,170","118,800","0.99","0.94",,,,,,,,,,,,,,,,,,,,,,,,,,,,,,,,,,,,,,,,,,,"08/25/2025","08/29/2025","United States, Canada","ES_1148023_DSWA122A08_08272025105936_7250940"
"4510450","Zhejiang Benyi New Energy Co., Ltd","Benyi","BDC#-*-UL","BDC#-*-UL",,,"AC-input","Three Phase","All-in-One Product Configuration","Combined Charging System (CCS)","Yes","Gigabit Ethernet,Wi-Fi,Cellular","25","2/0","30.77","220","No","No",,,,,"No","Credit Card Reader,Radio Frequency Identification (RFID)","None","240,000","250","480","2","No","43.01","149.84","0.02","137.4","149.84","0.01","1,097.86","0.11","64,536.2","59,980.4","125,029","118,186","186,617","178,099","54,531","50,067.6","154,546","147,503","251,470","239,607","1","64,030.9","59,884.6","126,831","119,957","187,335.5","178,915.9","53,564.5","49,667.2","156,030.2","148,950.8","250,645.3","238,830.2","1","63,802.2","59,548.9","125,867.2","118,825.4","187,030.5","178,377.2","53,592.3","49,621.5","156,094.9","148,792.2","250,855.7","238,692.7","1","0.95",,,,,,,,,,,,,,,,,,,,,,,,,,,,,,,,,,,,,,,,,,,"12/15/2025","09/30/2025","United States, Canada","ES_1152428_BDC###-*-UL_09262025164544_8381769"
